scenario,patient,detector,config_id,features,p_alpha,p_window_size,p_seed,mae,rmse,error_ratio,n_drifts,n_imputed,sae,sse,cpu_s,p_threshold,p_delta
S1,A0VFT1N,KSWIN,KSWIN_alpha=0.005_window_size=100,mod,0.005,100.0,1.0,10.354307930850942,20.09585750662138,1.9408209260172016,6800,86422,894840.0,34900962.0,784.2535621429997,,
S1,A0NVTRV,KSWIN,KSWIN_alpha=0.0001_window_size=1000,mod,0.0001,1000.0,1.0,291.9089940149217,743.7310453627395,2.547818192010629,330,36591,10681242.0,20239794540.0,79.37480011099979,,
S1,AUY8KYW,KSWIN,KSWIN_alpha=0.01_window_size=100,mod,0.01,100.0,1.0,70.9858323366315,590.3832437699273,8.316916549913667,7742,91970,6528567.0,32056361885.0,582.9722840149998,,
S1,AA2KP1S,PH,PH_threshold=50_delta=0.5,mod,,,,7.439341911625976,15.28157250158102,2.0541564943667185,11859,79503,591450.0,18566054.0,228.10244618799695,50.0,0.5
S1,A0NVTRV,KSWIN,KSWIN_alpha=0.0001_window_size=100,mod,0.0001,100.0,1.0,7.165013254625454,12.267226499921758,1.712101019771668,2592,36591,262175.0,5506391.0,457.1183798139973,,
S1,AA2KP1S,KSWIN,KSWIN_alpha=0.0001_window_size=1000,mod,0.0001,1000.0,1.0,469.5151503716841,1179.6846804112683,2.512559348675735,715,79503,37327863.0,110640822611.0,222.2308235889977,,
S1,A4E0D03,KSWIN,KSWIN_alpha=0.01_window_size=300,mod,0.01,300.0,1.0,576.0949973133464,1517.5400945857778,2.6341837746602854,2150,72581,41813551.0,167148812717.0,269.2147463900001,,
S1,AOYM4KG,KSWIN,KSWIN_alpha=0.0001_window_size=100,mod,0.0001,100.0,1.0,26.29785183145139,91.55261267057342,3.481372290685714,1079,14524,381950.0,121738438.0,84.95701311200173,,
S1,A3OU183,PH,PH_threshold=500_delta=0.5,mod,,,,55.67890529738518,171.04534632644132,3.0719954965507204,289,7381,410966.0,215942304.0,18.574432260997128,500.0,0.5
S1,AX6281V,PH,PH_threshold=25_delta=5,mod,,,,226.5523237574508,699.5194959466957,3.087673012330733,4384,66939,15165186.0,32755095210.0,78.445763325999,25.0,5.0
S1,A7EM0B6,ADWIN,ADWIN_delta=0.002,mod,,,,114.5542351453856,793.5845984630911,6.927588468954636,6001,63280,7248992.0,39852257864.0,74.12509612899885,,0.002
S1,AURCTAK,ADWIN,ADWIN_delta=0.002,mod,,,,68.21594374788208,216.62198830766616,3.175533114491166,998,11804,805221.0,553903713.0,30.05731386000116,,0.002
S1,AYEFCWQ,ADWIN,ADWIN_delta=0.0001,mod,,,,10.6677643071763,88.83297710651016,8.327234699659744,9057,114488,1221331.0,903458905.0,121.88875457799986,,0.0001
S1,A1ZJ41O,PH,PH_threshold=500_delta=0.005,mod,,,,158.14396887159532,590.6149923212082,3.7346665607005023,2741,79156,12518044.0,27611676330.0,81.07204248299968,500.0,0.005
S1,A4E0D03,KSWIN,KSWIN_alpha=1e-05_window_size=1000,mod,1e-05,1000.0,1.0,489.75862829115056,1266.5373456482175,2.58604396632557,638,72581,35547171.0,116428404939.0,272.66904880400034,,
S1,AURCTAK,PH,PH_threshold=50_delta=2,mod,,,,14.12885462555066,23.357183716704217,1.6531547910801645,2030,11804,166777.0,6439767.0,30.673417612000776,50.0,2.0
S1,AIFDJZB,PH,PH_threshold=50_delta=2,mod,,,,103.7866530704736,736.3738226855909,7.095072448145866,15626,123564,12824294.0,67002135002.0,344.274037613,50.0,2.0
S1,AJWW3IY,KSWIN,KSWIN_alpha=0.01_window_size=1000,mod,0.01,1000.0,1.0,510.7297992271261,1096.5895754015944,2.1471031787474204,626,68834,35155575.0,82773483641.0,160.32933561900063,,
S1,APGIB2T,KSWIN,KSWIN_alpha=1e-05_window_size=300,mod,1e-05,300.0,1.0,163.0942335669885,366.6374545500743,2.248009917527118,403,15122,2466311.0,2032744955.0,97.2916351209933,,
S1,AYEFCWQ,PH,PH_threshold=100_delta=0.5,mod,,,,87.11281531688911,783.5426381878848,8.994573706952327,14062,114488,9973372.0,70288655772.0,160.84099291199982,100.0,0.5
S1,AX6281V,PH,PH_threshold=500_delta=5,mod,,,,291.66161729335664,620.7595478722164,2.1283552962262062,861,66939,19523537.0,25794436003.0,63.17797649299973,500.0,5.0
S1,A4G0044,PH,PH_threshold=500_delta=0.5,mod,,,,101.44978414922213,267.0848899464908,2.632680711805523,524,12277,1245499.0,875771673.0,12.032223284000793,500.0,0.5
S1,A4E0D03,KSWIN,KSWIN_alpha=0.0001_window_size=1000,mod,0.0001,1000.0,1.0,576.0480979870765,1424.2986838295542,2.4725343053932067,648,72581,41810147.0,147239757471.0,233.8280050209978,,
S1,A7EM0B6,ADWIN,ADWIN_delta=0.01,mod,,,,10.559529077117572,15.985946637162904,1.5138882160762588,7017,63280,668207.0,16171235.0,76.15334448199792,,0.01
S1,AFPB8J2,ADWIN,ADWIN_delta=0.05,mod,,,,11.392987650369422,20.466250141181916,1.7963900926828695,9185,74982,854269.0,31407515.0,194.7331750230005,,0.05
S1,APGIB2T,KSWIN,KSWIN_alpha=0.0001_window_size=1000,mod,0.0001,1000.0,1.0,92.668826874752,199.1373875340184,2.14891451904496,134,15122,1401338.0,599673482.0,41.99152611599857,,
S1,AHYIJDV,KSWIN,KSWIN_alpha=0.0001_window_size=1000,mod,0.0001,1000.0,1.0,396.61283208609615,1099.7868798151624,2.772948303337856,608,68017,26976415.0,82268682339.0,201.03838277199972,,
S1,A1K5DRI,PH,PH_threshold=25_delta=0.005,mod,,,,9.765455467297617,18.513121139595384,1.8957765156568267,22242,88755,866733.0,30419503.0,322.18116797199946,25.0,0.005
S1,A36HR6Y,PH,PH_threshold=100_delta=0.005,mod,,,,9.875234341200787,15.863685444660446,1.606411037606981,6099,41606,410869.0,10470421.0,59.64444987200113,100.0,0.005
S1,APGIB2T,ADWIN,ADWIN_delta=0.05,mod,,,,23.24421372834281,152.2621020430092,6.550537859551195,1787,15122,351499.0,350584633.0,31.51417788900289,,0.05
S1,AURCTAK,KSWIN,KSWIN_alpha=0.005_window_size=100,mod,0.005,100.0,1.0,48.636563876651984,194.4592625154208,3.998211366423669,964,11804,574106.0,446361234.0,93.75920629900064,,
S1,AX6281V,ADWIN,ADWIN_delta=1e-05,mod,,,,66.35502472400245,439.2970332941728,6.620403430205745,3886,66939,4441739.0,12918014297.0,67.45858984799997,,1e-05
S1,A4G0044,KSWIN,KSWIN_alpha=0.001_window_size=1000,mod,0.001,1000.0,1.0,111.41940213407185,225.46380061761283,2.0235595982314685,111,12277,1367896.0,624088102.0,12.485130897999625,,
S1,AOYM4KG,PH,PH_threshold=500_delta=5,mod,,,,141.71763976865878,235.1064085487197,1.6589777315830947,466,14524,2058307.0,802814439.0,16.256426010000723,500.0,5.0
S1,A4G0044,KSWIN,KSWIN_alpha=0.005_window_size=100,mod,0.005,100.0,1.0,28.133827482283944,114.2831933637302,4.062127466861559,972,12277,345399.0,160345579.0,54.39863728899945,,
S1,AJWW3IY,ADWIN,ADWIN_delta=0.0001,mod,,,,78.83891681436499,537.8773372769356,6.822485125505056,4907,68834,5426798.0,19914504270.0,148.00198045399884,,0.0001
S1,AYEFCWQ,KSWIN,KSWIN_alpha=0.005_window_size=300,mod,0.005,300.0,1.0,928.629769058766,2411.8091123008794,2.597169714627417,3358,114488,106316965.0,665956453855.0,187.2879765179996,,
S1,AJWW3IY,KSWIN,KSWIN_alpha=0.001_window_size=100,mod,0.001,100.0,1.0,8.95261062846849,13.563853481856686,1.5150724235369806,5237,68834,616244.0,12663950.0,684.7483241720001,,
S1,AJWW3IY,KSWIN,KSWIN_alpha=0.0001_window_size=1000,mod,0.0001,1000.0,1.0,371.62736438388,1050.9604820213783,2.8279954135340994,619,68834,25580598.0,76028387522.0,201.65432634800163,,
S1,AQC0L71,PH,PH_threshold=25_delta=0.5,mod,,,,7.759493916143533,14.769854077658175,1.9034558487029256,11295,51612,400483.0,11259085.0,210.68166830200065,25.0,0.5
S1,A3OU183,KSWIN,KSWIN_alpha=0.005_window_size=1000,mod,0.005,1000.0,1.0,71.3271914374746,152.3021707859777,2.135261009393392,67,7381,526466.0,171209316.0,15.95534247300384,,
S1,ASFODQR,PH,PH_threshold=50_delta=0.5,mod,,,,18.601100927803728,32.74238787942508,1.7602392464030916,24382,141517,2632372.0,151715276.0,218.77814101900003,50.0,0.5
S1,AYWIEKR,ADWIN,ADWIN_delta=0.002,mod,,,,224.7199603012435,1117.0299157661111,4.970764120235252,7657,85645,19246141.0,106864048293.0,208.2971583350009,,0.002
S1,APGIB2T,PH,PH_threshold=50_delta=2,mod,,,,9.113146409205132,16.55685798562946,1.81681026971162,2026,15122,137809.0,4145387.0,45.16469716199936,50.0,2.0
S1,APGIB2T,Sem detector (HT),HT,mod,,,,10.210025128951196,16.184792050494877,1.5851863091503895,0,15122,154396.0,3961170.0,36.34088125699782,,
S1,AV2GF3B,KSWIN,KSWIN_alpha=0.001_window_size=300,mod,0.001,300.0,1.0,152.44955822233945,310.8896833704261,2.039295403644334,223,7583,1156025.0,732915113.0,19.46046004100208,,
S1,AFPB8J2,ADWIN,ADWIN_delta=1e-05,mod,,,,221.9549091782028,923.9501689554824,4.162783208429343,4502,74982,16642623.0,64010927293.0,184.84452112800136,,1e-05
S1,AYWIEKR,KSWIN,KSWIN_alpha=0.0001_window_size=100,mod,0.0001,100.0,1.0,191.5050849436628,971.2783340560952,5.071814852027701,6146,85645,16401453.0,80795917321.0,900.8208797009976,,
S1,AIFDJZB,KSWIN,KSWIN_alpha=1e-05_window_size=100,mod,1e-05,100.0,1.0,74.45120747143181,645.5723359964027,8.671079461593953,8329,123564,9199489.0,51496982537.0,1926.789549474,,
S1,AZIK4ZA,KSWIN,KSWIN_alpha=1e-05_window_size=1000,mod,1e-05,1000.0,1.0,417.4475208653635,992.5288454341156,2.377613462349988,649,72848,30410217.0,71763548905.0,109.41064343499966,,
S1,AMV7EQF,PH,PH_threshold=200_delta=0.005,mod,,,,127.02519910911064,642.4293427883955,5.057495263097907,7778,85757,10893300.0,35393239744.0,105.36846216199956,200.0,0.005
S1,AA2KP1S,PH,PH_threshold=25_delta=0.5,mod,,,,8.480195715884935,17.724220913581696,2.0900721525071684,16302,79503,674201.0,24975709.0,299.41996162099895,25.0,0.5
S1,A4G0044,PH,PH_threshold=50_delta=2,mod,,,,55.2635008552578,177.30134897207105,3.208290213760544,1953,12277,678470.0,385936928.0,18.04851269699793,50.0,2.0
S1,ATHKM6V,Sem detector (HT),HT,mod,,,,9.824147273050276,14.535531933060168,1.479571868077978,0,45032,442401.0,9514437.0,159.52597198500007,,
S1,A7EM0B6,PH,PH_threshold=200_delta=5,mod,,,,667.4971080910241,1599.181270125032,2.3957875633327204,2066,63280,42239217.0,161831052893.0,61.62259473499944,200.0,5.0
S1,ATHKM6V,PH,PH_threshold=50_delta=2,mod,,,,89.41630396162729,418.643331604174,4.681957462520855,3922,45032,4026595.0,7892409151.0,133.1086440670042,50.0,2.0
S1,AIFDJZB,ADWIN,ADWIN_delta=0.01,mod,,,,129.74911786604514,909.4268739877542,7.009117972783905,14120,123564,16032320.0,102194500696.0,191.840265344,,0.01
S1,AFPB8J2,ADWIN,ADWIN_delta=0.0001,mod,,,,118.47348697020618,687.9590020109441,5.806860417503814,5146,74982,8883379.0,35488049957.0,183.9204615210001,,0.0001
S1,AFPB8J2,KSWIN,KSWIN_alpha=1e-05_window_size=100,mod,1e-05,100.0,1.0,13.795710970632951,144.49468146306654,10.47388436671757,4384,74982,1034430.0,1565527656.0,1338.2769952240014,,
S1,AKXN5ZZ,KSWIN,KSWIN_alpha=0.01_window_size=300,mod,0.01,300.0,1.0,655.207910998217,1758.3239783581157,2.683612253214843,2446,81886,53652355.0,253167209289.0,270.1489691209972,,
S1,AFPB8J2,PH,PH_threshold=200_delta=2,mod,,,,451.385052412579,1276.3196377643512,2.8275629220388057,3286,74982,33845754.0,122145064478.0,175.65400650300217,200.0,2.0
S1,AHYIJDV,PH,PH_threshold=100_delta=0.5,mod,,,,160.49205345722393,774.3439280826677,4.824811642708866,6866,68017,10916188.0,40783572634.0,203.07099844099864,100.0,0.5
S1,AZIK4ZA,KSWIN,KSWIN_alpha=0.001_window_size=300,mod,0.001,300.0,1.0,420.5043377992532,1196.9600483732584,2.846486803531338,2144,72848,30632900.0,104370302660.0,141.0552876239999,,
S1,A4E0D03,Sem detector (HT),HT,mod,,,,10.807952494454472,18.16726498654241,1.6809164359173467,0,72581,784452.0,23955324.0,308.20772825899985,,
S1,ASFODQR,PH,PH_threshold=500_delta=5,mod,,,,473.9030717157656,1368.583027376484,2.887896511034484,2687,141517,67065341.0,265064100981.0,130.90612725099982,500.0,5.0
S1,AJMQUVV,KSWIN,KSWIN_alpha=0.0001_window_size=1000,mod,0.0001,1000.0,1.0,420.3416454962785,1108.5274872242946,2.6372059468804383,792,89748,37724822.0,110285321130.0,216.84491579099995,,
S1,AHYIJDV,Sem detector (HT),HT,mod,,,,14.217666171692372,22.41354263767165,1.576457230533195,0,68017,967043.0,34169489.0,282.63548881799943,,
S1,A4E0D03,PH,PH_threshold=25_delta=0.005,mod,,,,11.237252173433818,20.67154988069116,1.8395555747659669,18215,72581,815611.0,31014803.0,224.9225627699998,25.0,0.005
S1,AUY8KYW,KSWIN,KSWIN_alpha=0.001_window_size=1000,mod,0.001,1000.0,1.0,444.7275959552028,1038.3432334478252,2.3347848051066684,830,91970,40901597.0,99158068981.0,235.517636521,,
S1,AX6281V,KSWIN,KSWIN_alpha=0.01_window_size=1000,mod,0.01,1000.0,1.0,476.0813128370606,1104.253814449704,2.3194647314956387,608,66939,31868407.0,81623842645.0,69.31552676399951,,
S1,A0VFT1N,ADWIN,ADWIN_delta=0.002,mod,,,,10.716322232764805,19.07062193409009,1.7795864588489403,7302,86422,926126.0,31430698.0,172.07296901500013,,0.002
S1,A7EM0B6,PH,PH_threshold=25_delta=0.5,mod,,,,10.274731352718078,16.020586175790484,1.5592219033106298,13630,63280,650185.0,16241393.0,113.66566329800116,25.0,0.5
S1,AV2GF3B,PH,PH_threshold=50_delta=0.5,mod,,,,11.77950679150732,20.40014454365664,1.7318335058276415,1604,7583,89324.0,3155786.0,29.3219935820016,50.0,0.5
S1,AMV7EQF,PH,PH_threshold=25_delta=5,mod,,,,119.00749793019811,720.992220606586,6.058376431285633,9213,85757,10205726.0,44579042630.0,112.09452784800123,25.0,5.0
S1,AHYIJDV,PH,PH_threshold=500_delta=2,mod,,,,413.03037475925134,1076.4119851184453,2.6061327468854274,1417,68017,28093087.0,78808765063.0,129.49689248899813,500.0,2.0
S1,A0VFT1N,Sem detector (HT),HT,mod,,,,10.723450047441624,18.478784682061885,1.723212641482907,0,86422,926742.0,29510130.0,521.3247134329995,,
S1,A4G0044,KSWIN,KSWIN_alpha=0.005_window_size=300,mod,0.005,300.0,1.0,114.48529771116722,248.91913384851463,2.174245416878838,361,12277,1405536.0,760691946.0,21.21298389399817,,
S1,AMV7EQF,PH,PH_threshold=25_delta=2,mod,,,,102.758002262206,621.2314907196385,6.045577736461358,15639,85757,8812218.0,33096075954.0,142.0683365519999,25.0,2.0
S1,AZIK4ZA,PH,PH_threshold=200_delta=0.005,mod,,,,91.41700527124972,477.3244651615196,5.221396869709494,6284,72848,6659546.0,16597589614.0,89.19010964500194,200.0,0.005
S1,AJMQUVV,PH,PH_threshold=500_delta=0.005,mod,,,,190.7369300708651,982.2933849025276,5.149990536901129,3423,89748,17118258.0,86597871588.0,190.2201115810003,500.0,0.005
S1,A0NVTRV,ADWIN,ADWIN_delta=0.05,mod,,,,7.182722527397448,13.152063345500167,1.8310693884294629,4295,36591,262823.0,6329393.0,107.32877614699828,,0.05
S1,A3OU183,PH,PH_threshold=200_delta=2,mod,,,,139.68256333830104,360.02669499392806,2.577463402657993,405,7381,1030997.0,956719471.0,18.72892545099603,200.0,2.0
S1,AZIK4ZA,PH,PH_threshold=100_delta=5,mod,,,,239.2138699758401,650.8400716315978,2.720745547477371,3692,72848,17426252.0,30857888210.0,79.09710763299881,100.0,5.0
S1,A1K5DRI,KSWIN,KSWIN_alpha=1e-05_window_size=300,mod,1e-05,300.0,1.0,976.985679680018,2031.6640777156788,2.079522883468557,2361,88755,86712364.0,366350367860.0,581.7600540539988,,
S1,AV2GF3B,KSWIN,KSWIN_alpha=0.001_window_size=1000,mod,0.001,1000.0,1.0,69.81471713042332,145.16108411084127,2.079233291737912,69,7583,529405.0,159787007.0,19.040224768999902,,
S1,AUY8KYW,PH,PH_threshold=100_delta=2,mod,,,,136.80009785799717,535.1087697117478,3.911611015565264,9310,91970,12581505.0,26334818137.0,263.7789881769995,100.0,2.0
S1,AJMQUVV,PH,PH_threshold=200_delta=2,mod,,,,148.60972946472344,660.8045941066533,4.446576926603673,4309,89748,13337426.0,39189605040.0,218.85447477699927,200.0,2.0
S1,AKXN5ZZ,PH,PH_threshold=100_delta=0.5,mod,,,,7.443396917666023,12.613708204284096,1.6946171679152229,8781,81886,609510.0,13028524.0,193.68407200899676,100.0,0.5
S1,A0VFT1N,PH,PH_threshold=500_delta=5,mod,,,,550.0973594686538,1471.300949113797,2.674619181111769,1166,86422,47540514.0,187079992102.0,196.714890139001,500.0,5.0
S1,ATHKM6V,KSWIN,KSWIN_alpha=0.005_window_size=1000,mod,0.005,1000.0,1.0,369.292858411796,1007.5721661781098,2.728382483515489,411,45032,16629996.0,45716561606.0,112.9200589510001,,
S1,AYEFCWQ,ADWIN,ADWIN_delta=1e-05,mod,,,,130.8285759206205,869.734005770612,6.647890184926558,7955,114488,14978302.0,86602986824.0,117.8197418769996,,1e-05
S1,AOYM4KG,ADWIN,ADWIN_delta=0.05,mod,,,,31.518865326356376,93.29636387330522,2.960016577604712,1777,14524,457780.0,126419968.0,17.284509794997575,,0.05
S1,AHYIJDV,KSWIN,KSWIN_alpha=0.001_window_size=100,mod,0.001,100.0,1.0,11.833453401355545,20.21067131820201,1.7079267254212402,5145,68017,804876.0,27782988.0,718.3483039809944,,
S1,AKXN5ZZ,PH,PH_threshold=500_delta=5,mod,,,,351.7321886525169,825.1023146058529,2.3458254354451125,837,81886,28801942.0,55747483528.0,125.76143805999892,500.0,5.0
S1,A3OU183,KSWIN,KSWIN_alpha=0.001_window_size=100,mod,0.001,100.0,1.0,36.8822652757079,205.2605866051593,5.565292290773472,573,7381,272228.0,310975616.0,69.57331383400015,,
S1,A4E0D03,PH,PH_threshold=100_delta=0.005,mod,,,,9.686612198784806,17.360754369762788,1.7922421186574091,8764,72581,703064.0,21875608.0,201.37594961799917,100.0,0.005
S1,AIFDJZB,PH,PH_threshold=25_delta=5,mod,,,,315.809289113334,1331.1348927117067,4.214996007397377,12033,123564,39022659.0,218945535557.0,361.308019827,25.0,5.0
S1,AHYIJDV,PH,PH_threshold=500_delta=5,mod,,,,295.64994045606244,703.1822851430868,2.378428637795005,878,68017,20109222.0,33632048088.0,155.67751429599593,500.0,5.0
S1,AURCTAK,ADWIN,ADWIN_delta=0.0001,mod,,,,62.913927482209424,196.897157625815,3.129627500707103,798,11804,742636.0,457623264.0,28.64132544499444,,0.0001
S1,AFPB8J2,Sem detector (HT),HT,mod,,,,11.897228668213703,19.85497820459513,1.6688742192240502,0,74982,892078.0,29559416.0,371.370011635001,,
S1,A36HR6Y,PH,PH_threshold=500_delta=0.5,mod,,,,438.2265057924338,968.9425296058528,2.211054139351381,1332,41606,18232852.0,39061777526.0,39.79412797199984,500.0,0.5
S1,AAXAA7Z,Sem detector (HT),HT,mod,,,,13.516877328257934,22.427341622171088,1.6592102656199472,0,61473,830923.0,30920037.0,257.64339768100035,,
S1,A1K5DRI,KSWIN,KSWIN_alpha=0.01_window_size=100,mod,0.01,100.0,1.0,8.984890992056785,14.93348216726495,1.662066037358394,7084,88755,797454.0,19793154.0,719.2566140460003,,
S1,AYEFCWQ,KSWIN,KSWIN_alpha=0.001_window_size=300,mod,0.001,300.0,1.0,699.2958738033681,2063.6570668145755,2.9510499691506062,3325,114488,80060986.0,487567811872.0,223.6764002050004,,
S1,A3OU183,PH,PH_threshold=25_delta=0.5,mod,,,,9.883891071670506,18.073151422214877,1.8285461961450244,1860,7381,72953.0,2410921.0,24.291056432004552,25.0,0.5
S1,AHYIJDV,PH,PH_threshold=500_delta=0.5,mod,,,,276.49594954202627,885.5972250029267,3.202930192900781,2059,68017,18806425.0,53344539057.0,131.20061711499875,500.0,0.5
S1,A7EM0B6,PH,PH_threshold=200_delta=2,mod,,,,381.2554677623262,1135.6691941270813,2.9787617231893835,3371,63280,24125846.0,81615033130.0,68.7504065280009,200.0,2.0
S1,AV2GF3B,PH,PH_threshold=25_delta=2,mod,,,,11.215086377423184,20.44066816924202,1.8226046132280025,1513,7583,85044.0,3168336.0,15.922696255001938,25.0,2.0
S1,A4E0D03,PH,PH_threshold=100_delta=0.5,mod,,,,9.597291302131412,34.575424149020414,3.602623184037536,7303,72581,696581.0,86767679.0,204.43947793999905,100.0,0.5
S1,AA2KP1S,KSWIN,KSWIN_alpha=0.005_window_size=1000,mod,0.005,1000.0,1.0,402.3750047168031,1075.754404737895,2.6735120028020254,721,79503,31990020.0,92004651118.0,161.46219244599706,,
S1,ATHKM6V,PH,PH_threshold=50_delta=0.005,mod,,,,8.103792858411795,15.831902551193204,1.95364107002804,7608,45032,364930.0,11287232.0,148.98654510999768,50.0,0.005
S1,AMV7EQF,KSWIN,KSWIN_alpha=0.01_window_size=100,mod,0.01,100.0,1.0,11.089998484088763,17.272621992733633,1.5574954331612678,7061,85757,951045.0,25585041.0,323.81687721100025,,
S1,AKXN5ZZ,KSWIN,KSWIN_alpha=0.0001_window_size=300,mod,0.0001,300.0,1.0,668.0937767139682,1741.492055460519,2.606658101241536,2355,81886,54707527.0,248343416915.0,370.977295050001,,
S1,AAXAA7Z,KSWIN,KSWIN_alpha=0.001_window_size=1000,mod,0.001,1000.0,1.0,425.64978120475655,982.0628934723654,2.3072087355307467,556,61473,26165969.0,59287482811.0,160.62324824200186,,
S1,A3OU183,Sem detector (HT),HT,mod,,,,11.107167050535155,19.18946245856262,1.7276648826163146,0,7381,81982.0,2717946.0,15.554525075996937,,
S1,AYEFCWQ,PH,PH_threshold=50_delta=0.005,mod,,,,10.109373908182516,19.417502228010395,1.9207423134576007,23187,114488,1157402.0,43166486.0,195.340948348,50.0,0.005
S1,AYEFCWQ,KSWIN,KSWIN_alpha=1e-05_window_size=100,mod,1e-05,100.0,1.0,48.50345887778632,477.2182131272816,9.838849108260993,7699,114488,5553064.0,26073179180.0,879.5910963400001,,
S1,AURCTAK,KSWIN,KSWIN_alpha=1e-05_window_size=100,mod,1e-05,100.0,1.0,54.45730260928499,192.26554726258584,3.5305741939154456,776,11804,642814.0,436347144.0,199.7883204509999,,
S1,AUY8KYW,PH,PH_threshold=50_delta=2,mod,,,,87.0923996955529,677.4204866180967,7.778181437027128,13235,91970,8009888.0,42204896488.0,309.3603903149997,50.0,2.0
S1,AIFDJZB,PH,PH_threshold=25_delta=0.005,mod,,,,15.477485351720564,27.54946405056384,1.7799702874537875,32301,123564,1912460.0,93781736.0,455.742138345,25.0,0.005
S1,AFPB8J2,KSWIN,KSWIN_alpha=0.0001_window_size=1000,mod,0.0001,1000.0,1.0,392.26210290469714,853.4221845616767,2.1756427099179185,670,74982,29412597.0,54611596953.0,239.6866170979993,,
S1,A1K5DRI,PH,PH_threshold=200_delta=5,mod,,,,393.6531350346459,1151.52136132919,2.9252183174607342,2082,88755,34938684.0,117689258304.0,189.39869305699904,200.0,5.0
S1,APGIB2T,PH,PH_threshold=100_delta=0.5,mod,,,,16.35848432746991,88.501737452281,5.410142876358347,1956,15122,247373.0,118443935.0,47.42853778899735,100.0,0.5
S1,A0NVTRV,PH,PH_threshold=50_delta=5,mod,,,,335.54357628925146,1079.2716747417014,3.21648736857751,1292,36591,12277875.0,42622197487.0,69.87383846400189,50.0,5.0
S1,AV2GF3B,PH,PH_threshold=500_delta=0.005,mod,,,,74.26902281418964,215.7007930548448,2.904317101283223,364,7583,563182.0,352812968.0,14.142117700001108,500.0,0.005
S1,AV2GF3B,KSWIN,KSWIN_alpha=1e-05_window_size=100,mod,1e-05,100.0,1.0,91.51839641302914,290.06729427899813,3.1694971245989,501,7583,693984.0,638026304.0,131.37812077100534,,
S1,A7EM0B6,PH,PH_threshold=500_delta=5,mod,,,,363.4903286978508,863.2140718190051,2.374792404825017,1102,63280,23001668.0,47152366418.0,60.46403518899752,500.0,5.0
S1,AA2KP1S,PH,PH_threshold=50_delta=2,mod,,,,7.278153025671987,13.478599847985636,1.851925866417348,7554,79503,578635.0,14443521.0,177.37685629899715,50.0,2.0
S1,AUY8KYW,ADWIN,ADWIN_delta=0.05,mod,,,,14.728889855387626,24.524483221147094,1.6650598559657483,12893,91970,1354616.0,55315382.0,205.85708055900025,,0.05
S1,AIFDJZB,KSWIN,KSWIN_alpha=0.005_window_size=1000,mod,0.005,1000.0,1.0,424.3995904956136,1061.8327444833908,2.5019645830557544,1116,123564,52440511.0,139317023273.0,274.19357405200003,,
S1,A1ZJ41O,KSWIN,KSWIN_alpha=0.001_window_size=300,mod,0.001,300.0,1.0,723.9547728536055,2106.2663795325952,2.909389451540385,2311,79156,57305364.0,351164358720.0,162.40148464599952,,
S1,APGIB2T,PH,PH_threshold=500_delta=2,mod,,,,163.32846184367148,379.2512117530917,2.322015449555197,431,15122,2469853.0,2175019665.0,35.43510393999895,500.0,2.0
S1,AFPB8J2,KSWIN,KSWIN_alpha=0.005_window_size=300,mod,0.005,300.0,1.0,870.8919740737778,2229.289802965542,2.559777641005895,2195,74982,65301222.0,372640521726.0,309.0077975150016,,
S1,AURCTAK,KSWIN,KSWIN_alpha=0.001_window_size=100,mod,0.001,100.0,1.0,13.178752965096578,20.56416675318491,1.560403082723253,947,11804,155562.0,4991734.0,95.86597510600404,,
S1,A0VFT1N,PH,PH_threshold=200_delta=5,mod,,,,492.153062877508,1327.4098224043985,2.6971483518630004,2193,86422,42532852.0,152277019054.0,168.4504457669991,200.0,5.0
S1,AMV7EQF,PH,PH_threshold=100_delta=0.005,mod,,,,10.905278869363434,18.52582078232694,1.6987938597675067,13036,85757,935204.0,29432320.0,140.78778766899995,100.0,0.005
S1,AV2GF3B,KSWIN,KSWIN_alpha=0.0001_window_size=300,mod,0.0001,300.0,1.0,176.73888962152182,395.2435454754581,2.2363133904589643,216,7583,1340211.0,1184597001.0,35.08730299400486,,
S1,A4E0D03,KSWIN,KSWIN_alpha=0.001_window_size=1000,mod,0.001,1000.0,1.0,577.2932861217123,1287.3259824495744,2.2299340965800942,657,72581,41900524.0,120281827282.0,197.06749624799704,,
S1,A0VFT1N,KSWIN,KSWIN_alpha=0.001_window_size=300,mod,0.001,300.0,1.0,782.2054338015784,2129.470862648272,2.722393338919777,2511,86422,67599758.0,391893189996.0,401.65770646800047,,
S1,A7EM0B6,PH,PH_threshold=100_delta=0.005,mod,,,,10.418236409608092,16.661323943490707,1.5992460996685585,8512,63280,659266.0,17566510.0,88.9577119170026,100.0,0.005
S1,AX6281V,ADWIN,ADWIN_delta=0.01,mod,,,,10.132732786566876,18.045015012866088,1.7808636024418458,6420,66939,678275.0,21796849.0,77.11989150099907,,0.01
S1,AKXN5ZZ,PH,PH_threshold=200_delta=0.005,mod,,,,110.8370295288572,755.5672153933501,6.816920469676003,6145,81886,9076001.0,46747228465.0,217.25734277000083,200.0,0.005
S1,A7EM0B6,ADWIN,ADWIN_delta=0.05,mod,,,,11.61439633375474,23.72041273680859,2.042328508100789,8418,63280,734959.0,35604997.0,81.64113875800103,,0.05
S1,AKXN5ZZ,KSWIN,KSWIN_alpha=0.001_window_size=100,mod,0.001,100.0,1.0,8.250079378648365,13.766757279360078,1.6686817965641836,6592,81886,675566.0,15519330.0,654.2432196260015,,
S1,A0NVTRV,KSWIN,KSWIN_alpha=0.01_window_size=1000,mod,0.01,1000.0,1.0,272.4550845836408,932.491826639941,3.4225524844396,333,36591,9969404.0,31817374978.0,80.62188606600103,,
S1,A7EM0B6,PH,PH_threshold=200_delta=0.005,mod,,,,330.0297882427307,1290.1226765297197,3.909109790964864,5362,63280,20884285.0,105324277417.0,73.36488576400006,200.0,0.005
S1,AQC0L71,KSWIN,KSWIN_alpha=0.005_window_size=1000,mod,0.005,1000.0,1.0,265.2678059366039,623.66677837258,2.3510835631581672,461,51612,13691002.0,20075016446.0,134.65701355600322,,
S1,AUY8KYW,KSWIN,KSWIN_alpha=0.005_window_size=1000,mod,0.005,1000.0,1.0,414.9462868326629,859.6427697314698,2.071696499065532,832,91970,38162610.0,67964514052.0,202.2226092640003,,
S1,A3OU183,PH,PH_threshold=50_delta=2,mod,,,,10.684324617260534,20.838535140680484,1.950383939759357,934,7381,78861.0,3205159.0,22.12585424099961,50.0,2.0
S1,A0VFT1N,KSWIN,KSWIN_alpha=0.0001_window_size=1000,mod,0.0001,1000.0,1.0,510.0922566013284,1233.2769919279365,2.417752820137056,776,86422,44083193.0,131445454181.0,206.237841260001,,
S1,AJWW3IY,PH,PH_threshold=100_delta=2,mod,,,,211.0173460789726,764.1297201700601,3.621170175669288,4441,68834,14525168.0,40191775376.0,160.80131351900127,100.0,2.0
S1,AZIK4ZA,ADWIN,ADWIN_delta=1e-05,mod,,,,270.7739677135954,1314.672087100484,4.855238109488599,5176,72848,19725342.0,125907765722.0,78.07178749100058,,1e-05
S1,AUY8KYW,KSWIN,KSWIN_alpha=1e-05_window_size=300,mod,1e-05,300.0,1.0,689.1347939545504,1553.8864836313423,2.2548367855793154,2529,91970,63379727.0,222067377873.0,517.3665777020005,,
S1,ATHKM6V,KSWIN,KSWIN_alpha=0.01_window_size=1000,mod,0.01,1000.0,1.0,208.63175075501863,485.0697430729676,2.3250044219901613,411,45032,9395105.0,10595698869.0,113.30987126700349,,
S1,AYWIEKR,PH,PH_threshold=500_delta=0.005,mod,,,,396.18020900227685,1183.4298732726716,2.987099926704997,3278,85645,33930854.0,119946359062.0,200.63738728799945,500.0,0.005
S1,ASFODQR,KSWIN,KSWIN_alpha=0.005_window_size=100,mod,0.005,100.0,1.0,333.645420691507,2311.4126621283544,6.9277517951176,11058,141517,47216499.0,756072756677.0,671.3723856780001,,
S1,AZIK4ZA,PH,PH_threshold=500_delta=0.5,mod,,,,333.9836097078849,847.9354675034513,2.538853533097294,2940,72848,24330038.0,52377315492.0,76.22005617600007,500.0,0.5
S1,AV2GF3B,PH,PH_threshold=50_delta=5,mod,,,,11.531451931953052,39.65104779768839,3.4385130364908694,750,7583,87443.0,11922035.0,14.079615706999904,50.0,5.0
S1,AYWIEKR,PH,PH_threshold=50_delta=0.005,mod,,,,10.662210286648374,19.898902342528935,1.866301808682868,17540,85645,913165.0,33912535.0,297.9315406829992,50.0,0.005
S1,ATHKM6V,ADWIN,ADWIN_delta=0.002,mod,,,,7.368404689998224,12.485664190112342,1.6944867600798608,3897,45032,331814.0,7020120.0,116.743310328995,,0.002
S1,A4G0044,KSWIN,KSWIN_alpha=0.001_window_size=300,mod,0.001,300.0,1.0,91.75474464445712,221.7002771076156,2.4162268443630666,356,12277,1126473.0,603426985.0,25.035741042000154,,
S1,AAXAA7Z,PH,PH_threshold=100_delta=0.005,mod,,,,61.90784572088559,416.3260839133984,6.724932503554136,8443,61473,3805661.0,10654955761.0,207.13245600699884,100.0,0.005
S1,A0NVTRV,ADWIN,ADWIN_delta=1e-05,mod,,,,6.999344101008445,12.00137662569172,1.7146430369043577,2257,36591,256113.0,5270313.0,91.5415110670001,,1e-05
S1,A0NVTRV,KSWIN,KSWIN_alpha=0.001_window_size=100,mod,0.001,100.0,1.0,7.197261621710257,11.980253263484112,1.664557145921464,2812,36591,263355.0,5251777.0,355.9143456620004,,
S1,A7EM0B6,KSWIN,KSWIN_alpha=0.001_window_size=1000,mod,0.001,1000.0,1.0,443.01156763590393,1248.171861646998,2.8174701358426555,573,63280,28033772.0,98586000000.0,65.75955977000194,,
S1,AX6281V,KSWIN,KSWIN_alpha=0.005_window_size=100,mod,0.005,100.0,1.0,10.456176518920213,17.904439834153145,1.712331443693158,5177,66939,699926.0,21458566.0,349.2388024639986,,
S1,ATHKM6V,PH,PH_threshold=25_delta=0.005,mod,,,,8.038172854858766,15.134457625018545,1.8828231114575185,10314,45032,361975.0,10314661.0,182.56669460600096,25.0,0.005
S1,AIFDJZB,ADWIN,ADWIN_delta=0.002,mod,,,,178.15393642161146,1066.4150890573708,5.985919314932445,11986,123564,22013413.0,140522064491.0,177.561538144,,0.002
S1,AHYIJDV,PH,PH_threshold=100_delta=0.005,mod,,,,11.56684358322184,20.199252983072004,1.7463064005094535,8271,68017,786742.0,27751604.0,194.9118182980019,100.0,0.005
S1,A1ZJ41O,ADWIN,ADWIN_delta=1e-05,mod,,,,179.5050533124463,830.8631235907686,4.628633613698714,5129,79156,14208902.0,54644040912.0,81.07792270100072,,1e-05
S1,AMV7EQF,KSWIN,KSWIN_alpha=1e-05_window_size=100,mod,1e-05,100.0,1.0,95.78786571358606,768.5317036478564,8.023267852588262,5352,85757,8214480.0,50651598480.0,785.4189668510007,,
S1,A1K5DRI,PH,PH_threshold=50_delta=0.5,mod,,,,8.803650498563462,15.74649318965834,1.7886322488867292,14658,88755,781368.0,22006984.0,287.2366839660008,50.0,0.5
S1,A0VFT1N,KSWIN,KSWIN_alpha=0.0001_window_size=300,mod,0.0001,300.0,1.0,554.5501839809308,1687.140120318109,3.042357876805112,2431,86422,47925336.0,245995191994.0,499.905281411,,
S1,AV2GF3B,KSWIN,KSWIN_alpha=0.005_window_size=300,mod,0.005,300.0,1.0,155.82408017934856,327.2001727580251,2.099804936319394,225,7583,1181614.0,811835624.0,30.22406088400021,,
S1,AV2GF3B,PH,PH_threshold=50_delta=0.005,mod,,,,10.187920348147172,17.79566274557927,1.7467414484464128,1771,7583,77255.0,2401427.0,31.06552000499505,50.0,0.005
S1,AQC0L71,PH,PH_threshold=100_delta=5,mod,,,,314.6469231961559,1019.3504494230888,3.239664443779129,1779,51612,16239557.0,53628756383.0,127.6424799689994,100.0,5.0
S1,AAXAA7Z,PH,PH_threshold=100_delta=5,mod,,,,281.8141623151628,882.2602418698244,3.1306455098703005,3484,61473,17323962.0,47849546420.0,134.19567883900163,100.0,5.0
S1,A7EM0B6,PH,PH_threshold=50_delta=0.5,mod,,,,10.32724399494311,16.547586820524817,1.6023236043060076,10414,63280,653508.0,17327496.0,96.54744433000089,50.0,0.5
S1,A7EM0B6,Sem detector (HT),HT,mod,,,,15.346112515802782,25.80945996659719,1.6818239759430729,0,63280,971102.0,42152594.0,139.643700007,,
S1,A1ZJ41O,PH,PH_threshold=200_delta=0.005,mod,,,,182.03144423669715,1107.123978674633,6.08204798526473,5620,79156,14408881.0,97023369695.0,90.45522625600096,200.0,0.005
S1,AYWIEKR,KSWIN,KSWIN_alpha=1e-05_window_size=100,mod,1e-05,100.0,1.0,303.9261486368148,1233.0027511732178,4.056915657647575,5547,85645,26029755.0,130205732455.0,1364.8167532139996,,
S1,APGIB2T,PH,PH_threshold=500_delta=5,mod,,,,150.5015209628356,360.5495053031809,2.3956535654693747,280,15122,2275884.0,1965798692.0,30.02590737400169,500.0,5.0
S1,AZIK4ZA,PH,PH_threshold=50_delta=0.005,mod,,,,11.206786734021524,18.185493334013504,1.6227214602742503,14068,72848,816392.0,24091720.0,129.55873950000023,50.0,0.005
S1,ATHKM6V,ADWIN,ADWIN_delta=0.01,mod,,,,7.1765633327411615,11.73055990598663,1.6345650922453467,4544,45032,323175.0,6196675.0,129.49723524500587,,0.01
S1,AUY8KYW,PH,PH_threshold=25_delta=0.005,mod,,,,14.22275742089812,22.848759117147537,1.6064929212372598,24274,91970,1308067.0,48014391.0,357.2099058920003,25.0,0.005
S1,A0NVTRV,KSWIN,KSWIN_alpha=0.001_window_size=300,mod,0.001,300.0,1.0,493.5562023448389,1705.7609388651333,3.4560622088451614,1071,36591,18059715.0,106465919345.0,153.07345091499883,,
S1,AA2KP1S,PH,PH_threshold=25_delta=5,mod,,,,134.70207413556722,647.7363775017321,4.808659270159683,5525,79503,10709219.0,33356470659.0,204.532030295999,25.0,5.0
S1,AAXAA7Z,KSWIN,KSWIN_alpha=0.01_window_size=100,mod,0.01,100.0,1.0,12.021960860865748,20.194430128502976,1.6797950319602604,4878,61473,739026.0,25069612.0,538.4850352020003,,
S1,ATHKM6V,PH,PH_threshold=50_delta=5,mod,,,,255.27733611653932,817.6279330548398,3.202900600159725,2043,45032,11495649.0,30104587155.0,103.61014924800112,50.0,5.0
S1,AURCTAK,ADWIN,ADWIN_delta=1e-05,mod,,,,77.59954252795663,216.6848155776762,2.792346559254671,694,11804,915985.0,554225059.0,26.463266771002964,,1e-05
S1,AQC0L71,KSWIN,KSWIN_alpha=0.001_window_size=100,mod,0.001,100.0,1.0,7.245621173370534,11.281925946283662,1.5570681486561229,3839,51612,373961.0,6569271.0,579.1348290079986,,
S1,AX6281V,KSWIN,KSWIN_alpha=0.0001_window_size=1000,mod,0.0001,1000.0,1.0,467.875707733907,1132.590615818479,2.42070831440262,600,66939,31319132.0,85866772252.0,87.6845608529984,,
S1,A4G0044,PH,PH_threshold=25_delta=5,mod,,,,153.38861285330293,328.9847591238325,2.144779543957838,1689,12277,1883152.0,1328751640.0,16.7391727739996,25.0,5.0
S1,AIFDJZB,KSWIN,KSWIN_alpha=0.001_window_size=1000,mod,0.001,1000.0,1.0,523.8513321032016,1256.7117943938174,2.3989855849908164,1113,123564,64729166.0,195147656740.0,300.41001910100005,,
S1,AOYM4KG,KSWIN,KSWIN_alpha=1e-05_window_size=300,mod,1e-05,300.0,1.0,170.92722390526026,285.87480564556887,1.6724942880018956,401,14524,2482547.0,1186965251.0,45.6060084439996,,
S1,AV2GF3B,KSWIN,KSWIN_alpha=0.01_window_size=100,mod,0.01,100.0,1.0,36.27904523275748,167.06187886579664,4.6049138778037975,638,7583,275104.0,211639038.0,44.68758606600022,,
S1,AKXN5ZZ,KSWIN,KSWIN_alpha=0.0001_window_size=100,mod,0.0001,100.0,1.0,7.801480106489509,12.193798160434364,1.5630108638348243,6190,81886,638832.0,12175524.0,896.7314401330004,,
S1,AKXN5ZZ,PH,PH_threshold=50_delta=0.5,mod,,,,8.084788608553355,15.48962550083032,1.915897403234881,13249,81886,662031.0,19646785.0,248.9468882109977,50.0,0.5
S1,AKXN5ZZ,PH,PH_threshold=100_delta=0.005,mod,,,,7.57416408177222,13.03320081836365,1.7207444514872607,10418,81886,620218.0,13909510.0,260.4507944500001,100.0,0.005
S1,AJMQUVV,KSWIN,KSWIN_alpha=0.001_window_size=1000,mod,0.001,1000.0,1.0,678.0988991398137,1672.3635533624692,2.4662531608352505,800,89748,60858020.0,251007193352.0,198.1149389510001,,
S1,AYEFCWQ,KSWIN,KSWIN_alpha=0.01_window_size=1000,mod,0.01,1000.0,1.0,586.1953741876878,1358.4161181355591,2.3173436331154367,1027,114488,67112336.0,211264059544.0,108.00097694100076,,
S1,A0VFT1N,PH,PH_threshold=50_delta=0.5,mod,,,,44.09252273726597,305.68115742982417,6.932720979729054,13834,86422,3810564.0,8075355510.0,279.5044976019999,50.0,0.5
S1,AYWIEKR,PH,PH_threshold=500_delta=2,mod,,,,364.0662502189269,983.2534632619006,2.700754224459512,2081,85645,31180454.0,82800504562.0,171.99949805600045,500.0,2.0
S1,AURCTAK,PH,PH_threshold=100_delta=0.005,mod,,,,13.8407319552694,22.442463804879907,1.621479548726878,2128,11804,163376.0,5945252.0,28.565991130999464,100.0,0.005
S1,ATHKM6V,PH,PH_threshold=100_delta=0.5,mod,,,,7.283953632972109,12.057934592649405,1.655410673959678,4129,45032,328011.0,6547373.0,103.81140675499772,100.0,0.5
S1,A0NVTRV,KSWIN,KSWIN_alpha=1e-05_window_size=300,mod,1e-05,300.0,1.0,369.2293186849225,1132.8936890471916,3.068265795040868,992,36591,13510470.0,46962649818.0,266.7825073350032,,
S1,AFPB8J2,PH,PH_threshold=50_delta=2,mod,,,,233.9487076898456,886.8594480619132,3.7908285829800574,8292,74982,17541942.0,58974818692.0,218.9155377720017,50.0,2.0
S1,A4E0D03,KSWIN,KSWIN_alpha=1e-05_window_size=300,mod,1e-05,300.0,1.0,885.6654909687109,2190.305313488101,2.4730615969833254,1909,72581,64282487.0,348202801483.0,564.9417459219985,,
S1,AKXN5ZZ,PH,PH_threshold=200_delta=2,mod,,,,311.8863541997411,871.7146142281126,2.794975164799423,3503,81886,25539126.0,62224055184.0,192.8664828760011,200.0,2.0
S1,AKXN5ZZ,PH,PH_threshold=100_delta=5,mod,,,,407.634760520724,1089.9691707120005,2.673886714959352,2844,81886,33379580.0,97283253296.0,185.68590323800163,100.0,5.0
S1,A1K5DRI,KSWIN,KSWIN_alpha=1e-05_window_size=1000,mod,1e-05,1000.0,1.0,695.3361838769647,1591.2007317362009,2.28839052048779,774,88755,61714563.0,224720539069.0,288.7928241720001,,
S1,AA2KP1S,PH,PH_threshold=200_delta=0.5,mod,,,,61.80897576192093,337.1260329267124,5.454321621915758,4853,79503,4913999.0,9035830947.0,181.1829161880014,200.0,0.5
S1,AMV7EQF,KSWIN,KSWIN_alpha=0.001_window_size=100,mod,0.001,100.0,1.0,111.5621465303124,1142.2236528397443,10.238451736220336,6591,85757,9567235.0,111885003093.0,448.7509555310007,,
S1,AJMQUVV,PH,PH_threshold=500_delta=2,mod,,,,485.5803694789856,1406.625460153398,2.896792268729208,2123,89748,43579867.0,177574960677.0,188.62543155299957,500.0,2.0
S1,AIFDJZB,PH,PH_threshold=25_delta=0.5,mod,,,,15.21239195882296,25.80713165801714,1.6964545567766147,28356,123564,1879704.0,82294618.0,486.077644002,25.0,0.5
S1,AIFDJZB,KSWIN,KSWIN_alpha=1e-05_window_size=1000,mod,1e-05,1000.0,1.0,539.5511233045223,1173.4956551659411,2.174948034541708,1098,123564,66669095.0,170159002399.0,379.784844469,,
S1,ATHKM6V,PH,PH_threshold=25_delta=5,mod,,,,138.74829010481434,672.8002915768448,4.84907086832272,2769,45032,6248113.0,20384195583.0,110.37252730000182,25.0,5.0
S1,AZIK4ZA,PH,PH_threshold=100_delta=0.5,mod,,,,12.42278442784977,26.19735656083096,2.108815194611358,8470,72848,904975.0,49995691.0,98.11193523499968,100.0,0.5
S1,ATHKM6V,PH,PH_threshold=25_delta=2,mod,,,,64.85419257416947,400.9532417165269,6.182379670489045,5350,45032,2920514.0,7239502024.0,143.921856560999,25.0,2.0
S1,AHYIJDV,KSWIN,KSWIN_alpha=0.01_window_size=1000,mod,0.01,1000.0,1.0,348.9303409441757,777.6335100908975,2.228621070860985,617,68017,23733195.0,41130823705.0,168.3464845500057,,
S1,AOYM4KG,KSWIN,KSWIN_alpha=0.001_window_size=1000,mod,0.001,1000.0,1.0,105.19670889562104,205.05272024632745,1.9492313248106092,130,14524,1527877.0,610685081.0,15.11539556200296,,
S1,A4G0044,PH,PH_threshold=500_delta=5,mod,,,,123.18302516901524,263.9005152668958,2.142344815000337,293,12277,1512318.0,855013028.0,11.416075960001764,500.0,5.0
S1,ASFODQR,PH,PH_threshold=200_delta=5,mod,,,,443.6114459746885,1290.582923884312,2.9092642572571257,4992,141517,62778561.0,235711321377.0,141.356741262,200.0,5.0
S1,ASFODQR,KSWIN,KSWIN_alpha=0.0001_window_size=100,mod,0.0001,100.0,1.0,224.7272271175901,2176.0215414993063,9.682945717835462,9642,141517,31802723.0,670092865679.0,1074.550342173,,
S1,A36HR6Y,KSWIN,KSWIN_alpha=0.0001_window_size=300,mod,0.0001,300.0,1.0,208.81858385809736,955.0111025427436,4.573400915273524,1156,41606,8688106.0,37946594446.0,119.06410179999877,,
S1,AUY8KYW,PH,PH_threshold=200_delta=2,mod,,,,388.979591171034,1098.5567134861362,2.8242014193569904,5789,91970,35774453.0,110991865647.0,217.5585788499993,200.0,2.0
S1,APGIB2T,KSWIN,KSWIN_alpha=0.001_window_size=1000,mod,0.001,1000.0,1.0,92.90450998545164,198.50518254949435,2.136658194317792,135,15122,1404902.0,595871938.0,41.7652094590012,,
S1,A4G0044,ADWIN,ADWIN_delta=0.0001,mod,,,,81.03649099942983,238.55839350326303,2.94383913421105,750,12277,994885.0,698685385.0,11.631436152001696,,0.0001
S1,AUY8KYW,PH,PH_threshold=25_delta=5,mod,,,,274.1690333804502,794.14717446947,2.896560434553063,10796,91970,25215326.0,58002695502.0,283.3990606110001,25.0,5.0
S1,AJWW3IY,KSWIN,KSWIN_alpha=1e-05_window_size=100,mod,1e-05,100.0,1.0,90.61139843681902,501.2073286694808,5.531393812655477,4234,68834,6237145.0,17291705597.0,1199.367089192001,,
S1,AYWIEKR,KSWIN,KSWIN_alpha=0.01_window_size=1000,mod,0.01,1000.0,1.0,389.5929593087746,969.9875806315692,2.4897461759897945,776,85645,33366689.0,80581317019.0,201.34810136099983,,
S1,APGIB2T,KSWIN,KSWIN_alpha=0.01_window_size=1000,mod,0.01,1000.0,1.0,95.62299960322709,209.5774161513272,2.191705102547885,136,15122,1446011.0,664198969.0,37.11724604199844,,
S1,AYWIEKR,PH,PH_threshold=25_delta=0.005,mod,,,,10.423865958316306,20.30065050103983,1.947516457158938,22716,85645,892752.0,35295710.0,282.95355781099715,25.0,0.005
S1,AV2GF3B,PH,PH_threshold=200_delta=0.005,mod,,,,56.45549254912304,227.28962214067275,4.025996619246632,796,7583,428102.0,391742120.0,21.76261781899666,200.0,0.005
S1,AYEFCWQ,PH,PH_threshold=500_delta=5,mod,,,,676.2754000419258,1730.9054047050158,2.559468235274724,1849,114488,77425418.0,343009885642.0,106.96919680700012,500.0,5.0
S1,A7EM0B6,PH,PH_threshold=50_delta=2,mod,,,,264.33125790139064,970.6306770771188,3.6720238264035134,7209,63280,16726882.0,59617601106.0,84.46622489500078,50.0,2.0
S1,A4G0044,PH,PH_threshold=100_delta=5,mod,,,,143.97646004724282,308.2381111406678,2.140892414214977,844,12277,1767599.0,1166446771.0,13.452674868000033,100.0,5.0
S1,AZIK4ZA,PH,PH_threshold=200_delta=5,mod,,,,375.966176147595,840.7865390709406,2.23633558658444,2587,72848,27388384.0,51497854168.0,75.62546934299826,200.0,5.0
S1,A3OU183,PH,PH_threshold=100_delta=5,mod,,,,100.81276249830648,303.32207892916813,3.008766662199774,357,7381,744099.0,679083617.0,10.050585832999786,100.0,5.0
S1,AUY8KYW,KSWIN,KSWIN_alpha=0.0001_window_size=100,mod,0.0001,100.0,1.0,15.217712297488312,25.60466817385336,1.682556988416677,6832,91970,1399573.0,60295443.0,1023.4978611390006,,
S1,AA2KP1S,PH,PH_threshold=50_delta=0.005,mod,,,,7.437593549928933,15.266449343392903,2.052606026520335,14489,79503,591311.0,18529325.0,265.4702920009986,50.0,0.005
S1,A36HR6Y,ADWIN,ADWIN_delta=0.002,mod,,,,11.714151805028122,23.286093544734975,1.987859977599042,3775,41606,487379.0,22560527.0,45.60361601700061,,0.002
S1,AJMQUVV,PH,PH_threshold=100_delta=2,mod,,,,162.25836787449302,831.3054955670221,5.123344370196289,6932,89748,14562364.0,62022045082.0,242.15330633800025,100.0,2.0
S1,A0NVTRV,KSWIN,KSWIN_alpha=1e-05_window_size=1000,mod,1e-05,1000.0,1.0,505.1990106856877,1142.4666400794165,2.26141899709738,326,36591,18485737.0,47759671797.0,113.1179067990015,,
S1,A4G0044,PH,PH_threshold=50_delta=5,mod,,,,153.38600635334365,312.77946448303953,2.039165579176195,1256,12277,1883120.0,1201071106.0,16.313907201998518,50.0,5.0
S1,A0VFT1N,KSWIN,KSWIN_alpha=0.001_window_size=1000,mod,0.001,1000.0,1.0,507.6272708338155,1200.3839485218562,2.364695550241295,780,86422,43870164.0,124527328578.0,210.95676544199887,,
S1,AUY8KYW,PH,PH_threshold=100_delta=0.005,mod,,,,15.27195824725454,24.87336066744264,1.6286949102885449,14395,91970,1404562.0,56900374.0,295.82027247599945,100.0,0.005
S1,AZIK4ZA,PH,PH_threshold=50_delta=5,mod,,,,221.68483692071163,898.3843708892123,4.052529633366538,5011,72848,16149297.0,58795218523.0,88.94974765799998,50.0,5.0
S1,A0VFT1N,PH,PH_threshold=25_delta=5,mod,,,,273.0606789937748,1081.6520785759774,3.961215077036548,7207,86422,23598450.0,101111252696.0,216.9315639029992,25.0,5.0
S1,AX6281V,PH,PH_threshold=200_delta=0.5,mod,,,,39.49969375102705,269.3142520558793,6.818135192475428,3815,66939,2644070.0,4855096806.0,73.92601075600032,200.0,0.5
S1,A3OU183,ADWIN,ADWIN_delta=0.01,mod,,,,10.769407939303616,19.672143397458136,1.8266689783069168,676,7381,79489.0,2856397.0,16.279687066002225,,0.01
S1,APGIB2T,ADWIN,ADWIN_delta=0.01,mod,,,,40.83328924745404,248.46956430981325,6.084975491542243,1474,15122,617481.0,933588795.0,41.50387675099773,,0.01
S1,AA2KP1S,KSWIN,KSWIN_alpha=0.001_window_size=100,mod,0.001,100.0,1.0,7.42887689772713,11.51967193118846,1.55066130315242,6023,79503,590618.0,10550274.0,726.7891790789981,,
S1,A3OU183,PH,PH_threshold=25_delta=0.005,mod,,,,10.746375829833356,19.2859211649904,1.7946442103253208,2093,7381,79319.0,2745339.0,33.393012537002505,25.0,0.005
S1,A36HR6Y,PH,PH_threshold=100_delta=2,mod,,,,419.3247848867952,1417.1308920057993,3.3795543289633625,3454,41606,17446427.0,83555664107.0,48.69199671100069,100.0,2.0
S1,AUY8KYW,ADWIN,ADWIN_delta=0.0001,mod,,,,77.65900837229532,662.5008361416926,8.530894870118356,7150,91970,7142299.0,40366309705.0,186.80847758699971,,0.0001
S1,AV2GF3B,PH,PH_threshold=500_delta=5,mod,,,,130.57272847158117,310.0053623304152,2.374196862998747,133,7583,990133.0,728751511.0,17.282205519004492,500.0,5.0
S1,ASFODQR,KSWIN,KSWIN_alpha=0.01_window_size=1000,mod,0.01,1000.0,1.0,691.2320357271565,1777.8457540046404,2.571995599327796,1277,141517,97821084.0,447297809296.0,136.499795963,,
S1,ASFODQR,PH,PH_threshold=100_delta=2,mod,,,,222.5176056586841,845.4825392946976,3.799620874006565,12166,141517,31490024.0,101162114774.0,171.14418927799989,100.0,2.0
S1,A1K5DRI,PH,PH_threshold=100_delta=2,mod,,,,151.881764407639,783.9420558083137,5.161528501237801,6061,88755,13480266.0,54545729610.0,206.69110096999972,100.0,2.0
S1,A0VFT1N,KSWIN,KSWIN_alpha=0.0001_window_size=100,mod,0.0001,100.0,1.0,43.46664043877716,301.5630367231342,6.937804110899398,5947,86422,3756474.0,7859239592.0,1204.3226325150008,,
S1,A36HR6Y,PH,PH_threshold=500_delta=5,mod,,,,476.742633274047,974.0365239940998,2.043107656021592,489,41606,19835354.0,39473573926.0,36.377484470001946,500.0,5.0
S1,A0NVTRV,KSWIN,KSWIN_alpha=0.01_window_size=100,mod,0.01,100.0,1.0,7.148779754584461,11.833590359034702,1.6553301074139128,3004,36591,261581.0,5123979.0,283.59462665700266,,
S1,ASFODQR,ADWIN,ADWIN_delta=1e-05,mod,,,,369.5387833263848,1686.9301690212133,4.564961095115365,8809,141517,52296020.0,402719652882.0,159.307982036,,1e-05
S1,AYEFCWQ,PH,PH_threshold=200_delta=5,mod,,,,377.6514918594089,1419.7487897035587,3.759415281833705,3730,114488,43236564.0,230771930422.0,113.37717182000053,200.0,5.0
S1,AZIK4ZA,ADWIN,ADWIN_delta=0.0001,mod,,,,326.67565341533054,1485.6386590591324,4.547748335473025,5765,72848,23797668.0,160784439868.0,79.71365469000011,,0.0001
S1,A36HR6Y,PH,PH_threshold=50_delta=0.005,mod,,,,10.514396961976638,17.7820490677462,1.6912095988054925,9143,41606,437462.0,13155870.0,71.37780051499794,50.0,0.005
S1,AIFDJZB,PH,PH_threshold=50_delta=0.005,mod,,,,14.607806480852028,22.766706342338765,1.5585301169057415,25597,123564,1804999.0,64046053.0,457.309538498,50.0,0.005
S1,A36HR6Y,ADWIN,ADWIN_delta=1e-05,mod,,,,556.085300197087,1870.174044035061,3.363106421572799,2637,41606,23136485.0,145519105033.0,40.886623186997895,,1e-05
S1,A3OU183,PH,PH_threshold=25_delta=5,mod,,,,72.48624847581628,244.38399342367265,3.3714531868097284,697,7381,535021.0,440819421.0,20.484356442997523,25.0,5.0
S1,A0VFT1N,PH,PH_threshold=200_delta=0.5,mod,,,,75.31468838953045,344.86830579491846,4.579031171333358,5455,86422,6508846.0,10278526968.0,225.01988203400103,200.0,0.5
S1,AZIK4ZA,PH,PH_threshold=100_delta=2,mod,,,,217.9001207994729,854.4300558876245,3.9212004690622977,6045,72848,15873588.0,53182734880.0,89.52264645600007,100.0,2.0
S1,AAXAA7Z,PH,PH_threshold=500_delta=0.005,mod,,,,246.2595773754331,873.8628489301167,3.5485436068863057,2683,61473,15138315.0,46943012963.0,122.25245158500184,500.0,0.005
S1,AFPB8J2,KSWIN,KSWIN_alpha=0.0001_window_size=300,mod,0.0001,300.0,1.0,526.028380144568,1479.7587067849745,2.8130777019640907,2086,74982,39442660.0,164187022928.0,440.4637981079977,,
S1,AYWIEKR,KSWIN,KSWIN_alpha=0.01_window_size=300,mod,0.01,300.0,1.0,317.4259209527702,1314.416159739041,4.140859561165494,2542,85645,27185943.0,147967996431.0,309.1790661289997,,
S1,A7EM0B6,KSWIN,KSWIN_alpha=0.001_window_size=300,mod,0.001,300.0,1.0,470.9979930467762,1511.59983584698,3.2093551525958595,1847,63280,29804753.0,144590627553.0,146.17700498900012,,
S1,A1ZJ41O,KSWIN,KSWIN_alpha=0.005_window_size=100,mod,0.005,100.0,1.0,103.26421244125524,866.4366571031873,8.390483369018906,6415,79156,8173982.0,59423397128.0,326.43328113699863,,
S1,AQC0L71,KSWIN,KSWIN_alpha=0.005_window_size=100,mod,0.005,100.0,1.0,8.592110361931335,14.805113630071132,1.723105617412395,3998,51612,443456.0,11312906.0,408.97969113,,
S1,AURCTAK,PH,PH_threshold=100_delta=5,mod,,,,148.7084039308709,327.5370766764634,2.202545841516283,783,11804,1755354.0,1266339454.0,30.490886441999464,100.0,5.0
S1,AX6281V,ADWIN,ADWIN_delta=0.05,mod,,,,10.120139231240383,17.912243689269534,1.769960203114133,7804,66939,677432.0,21477276.0,83.54330259099879,,0.05
S1,AURCTAK,PH,PH_threshold=25_delta=0.005,mod,,,,14.615045747204338,24.972774060087605,1.708703105829454,3396,11804,172516.0,7361440.0,41.11602717200003,25.0,0.005
S1,AOYM4KG,PH,PH_threshold=100_delta=5,mod,,,,135.12372624621315,232.6095500357467,1.721456005527124,1395,14524,1962537.0,785853013.0,17.492831614999886,100.0,5.0
S1,A4G0044,KSWIN,KSWIN_alpha=0.01_window_size=300,mod,0.01,300.0,1.0,110.99494990632893,245.97680181810375,2.216108048390391,364,12277,1362685.0,742814815.0,18.62717920099749,,
S1,AOYM4KG,PH,PH_threshold=500_delta=0.005,mod,,,,156.17054530432387,285.5950393614166,1.8287381836625327,878,14524,2268221.0,1184643183.0,15.211673162000809,500.0,0.005
S1,A0NVTRV,KSWIN,KSWIN_alpha=0.01_window_size=300,mod,0.01,300.0,1.0,625.0062310404197,1825.936300184646,2.921468954229612,1091,36591,22869603.0,121995981037.0,122.80598741300491,,
S1,A1K5DRI,ADWIN,ADWIN_delta=0.01,mod,,,,96.40227592811672,787.45306520256,8.168407411768285,8788,88755,8556184.0,55035407190.0,224.0268019940013,,0.01
S1,A1ZJ41O,PH,PH_threshold=500_delta=5,mod,,,,356.5259866592551,1094.141211482323,3.068896104137378,948,79156,28221171.0,94761208881.0,71.73409423200064,500.0,5.0
S1,AHYIJDV,ADWIN,ADWIN_delta=0.01,mod,,,,11.921901877471807,20.75311678875375,1.740755544043675,6698,68017,810892.0,29294368.0,163.83110105800006,,0.01
S1,AKXN5ZZ,Sem detector (HT),HT,mod,,,,9.40202232371834,15.343572768857989,1.6319438776645945,0,81886,769894.0,19278030.0,405.8079040330013,,
S1,AIFDJZB,Sem detector (HT),HT,mod,,,,18.062736719432845,28.5511622872882,1.5806664699137951,0,123564,2231904.0,100725526.0,882.501470313,,
S1,A3OU183,KSWIN,KSWIN_alpha=1e-05_window_size=1000,mod,1e-05,1000.0,1.0,80.3136431377862,154.18335989232853,1.9197654827811923,66,7381,592795.0,175464885.0,24.70595460700133,,
S1,A0NVTRV,PH,PH_threshold=25_delta=5,mod,,,,199.03981853461232,1021.044131661166,5.129848585968291,1795,36591,7283066.0,38147256168.0,73.97970595299557,25.0,5.0
S1,A1K5DRI,PH,PH_threshold=200_delta=0.005,mod,,,,219.00778547687452,1093.5152423653435,4.993042781489656,6540,88755,19438036.0,106131062072.0,197.8921027489996,200.0,0.005
S1,AYWIEKR,Sem detector (HT),HT,mod,,,,12.036195925039406,18.3261963226485,1.5225903962333929,0,85645,1030840.0,28763828.0,450.6179689089986,,
S1,AA2KP1S,KSWIN,KSWIN_alpha=0.0001_window_size=300,mod,0.0001,300.0,1.0,657.6099769820007,1824.724131428644,2.77478170237461,2232,79503,52281966.0,264714632242.0,446.2137753290008,,
S1,AJWW3IY,PH,PH_threshold=200_delta=5,mod,,,,331.3123892262545,803.7621303822949,2.42599479077555,1656,68834,22805557.0,44469074223.0,148.65030872499847,200.0,5.0
S1,AYEFCWQ,ADWIN,ADWIN_delta=0.002,mod,,,,10.000358116134445,57.50685240785892,5.750479306843835,10943,114488,1144921.0,378616175.0,131.24504213799992,,0.002
S1,A36HR6Y,PH,PH_threshold=25_delta=0.005,mod,,,,11.243642743835023,19.845230487450472,1.7650178807336945,11445,41606,467803.0,16385823.0,82.58964007500254,25.0,0.005
S1,AKXN5ZZ,PH,PH_threshold=50_delta=2,mod,,,,67.82619739638034,432.0784252333239,6.370376665939737,8586,81886,5554016.0,15287441914.0,238.14378732799744,50.0,2.0
S1,AKXN5ZZ,KSWIN,KSWIN_alpha=0.0001_window_size=1000,mod,0.0001,1000.0,1.0,395.962765307867,872.0031261168733,2.2022351658214068,736,81886,32423807.0,62265250663.0,192.4066302230021,,
S1,AQC0L71,KSWIN,KSWIN_alpha=0.005_window_size=300,mod,0.005,300.0,1.0,444.6706192358366,1213.174574496945,2.728254402284948,1493,51612,22950340.0,75962156998.0,162.7374218610057,,
S1,AYWIEKR,PH,PH_threshold=50_delta=0.5,mod,,,,10.103590402241812,19.197253243110016,1.9000427054970952,14811,85645,865322.0,31563140.0,301.5791544720014,50.0,0.5
S1,A36HR6Y,PH,PH_threshold=50_delta=2,mod,,,,234.49576984088836,1099.6002556509177,4.689211478727424,5380,41606,9756431.0,50306676769.0,56.20821445099864,50.0,2.0
S1,AYEFCWQ,PH,PH_threshold=25_delta=2,mod,,,,9.863444203759348,18.44804340193056,1.870344985061028,18415,114488,1129246.0,38963736.0,190.22645868500055,25.0,2.0
S1,AAXAA7Z,PH,PH_threshold=25_delta=5,mod,,,,221.82522408211736,793.5365636885471,3.577305362688547,6058,61473,13636262.0,38709565184.0,173.95754053300334,25.0,5.0
S1,A1K5DRI,KSWIN,KSWIN_alpha=0.005_window_size=100,mod,0.005,100.0,1.0,8.823649371866374,13.808908971666638,1.564988406689803,6844,88755,783143.0,16924333.0,868.1085312480009,,
S1,ASFODQR,KSWIN,KSWIN_alpha=0.001_window_size=1000,mod,0.001,1000.0,1.0,562.7712854286058,1391.5789381169222,2.4727255532540147,1271,141517,79641704.0,274046530016.0,150.95494994499995,,
S1,AJMQUVV,KSWIN,KSWIN_alpha=1e-05_window_size=100,mod,1e-05,100.0,1.0,192.3951842938004,1583.38259552432,8.229845260089194,5580,89748,17267083.0,225007250631.0,1443.426472131,,
S1,A4G0044,KSWIN,KSWIN_alpha=1e-05_window_size=1000,mod,1e-05,1000.0,1.0,100.4914881485705,211.26420228447944,2.102309421193348,109,12277,1233734.0,547953978.0,16.07679206299872,,
S1,AOYM4KG,PH,PH_threshold=500_delta=2,mod,,,,132.71942990911597,233.94210059485945,1.7626816266092995,645,14524,1927617.0,794882637.0,14.31265232000078,500.0,2.0
S1,A7EM0B6,PH,PH_threshold=500_delta=0.005,mod,,,,383.5666087231353,1225.999481040935,3.1963144162162505,2647,63280,24272095.0,95114568757.0,63.75116360500033,500.0,0.005
S1,ASFODQR,ADWIN,ADWIN_delta=0.002,mod,,,,156.77474791014507,929.2587536085384,5.927349691170544,12319,141517,22186292.0,122203018980.0,176.34710806700002,,0.002
S1,A7EM0B6,PH,PH_threshold=500_delta=0.5,mod,,,,570.8182206068268,1467.2017630656608,2.570348510434556,2346,63280,36121377.0,136221654537.0,62.59709265199854,500.0,0.5
S1,AA2KP1S,PH,PH_threshold=50_delta=5,mod,,,,253.77251172911716,890.7551590817131,3.510053760403044,4154,79503,20175676.0,63081238232.0,176.51304682499904,50.0,5.0
S1,A7EM0B6,KSWIN,KSWIN_alpha=1e-05_window_size=1000,mod,1e-05,1000.0,1.0,439.804203539823,1223.7653671091437,2.7825231256534257,561,63280,27830810.0,94768233914.0,101.62995894500273,,
S1,AAXAA7Z,KSWIN,KSWIN_alpha=0.001_window_size=300,mod,0.001,300.0,1.0,514.6897174369235,1533.9073339642782,2.980256418571763,1774,61473,31639521.0,144638082579.0,277.1802955009989,,
S1,A4G0044,KSWIN,KSWIN_alpha=0.001_window_size=100,mod,0.001,100.0,1.0,40.81094729982895,207.53867912134535,5.085367844970736,936,12277,501036.0,528798668.0,64.44470003900278,,
S1,AHYIJDV,PH,PH_threshold=200_delta=0.005,mod,,,,172.69160651013718,820.2761121549352,4.749947775294939,4928,68017,11745965.0,45765435711.0,193.8994378349962,200.0,0.005
S1,AJMQUVV,KSWIN,KSWIN_alpha=0.001_window_size=300,mod,0.001,300.0,1.0,721.6678477514819,2190.5043414194824,3.035335921150555,2575,89748,64768246.0,430638660344.0,362.4122524889999,,
S1,A36HR6Y,KSWIN,KSWIN_alpha=0.001_window_size=100,mod,0.001,100.0,1.0,10.18648752583762,15.573633854435034,1.5288521990463475,3193,41606,423819.0,10091039.0,206.68823865000013,,
S1,AFPB8J2,PH,PH_threshold=25_delta=5,mod,,,,397.8209703662212,1215.2856846098036,3.054855764619574,6187,74982,29829412.0,110742362594.0,196.03421147799963,25.0,5.0
S1,AQC0L71,ADWIN,ADWIN_delta=1e-05,mod,,,,104.92242114237,696.0474105637206,6.63392440800855,3090,51612,5415256.0,25005084868.0,121.51852854500612,,1e-05
S1,AJWW3IY,PH,PH_threshold=100_delta=0.5,mod,,,,73.28496092047534,511.1026458752504,6.974181871091803,6834,68834,5044497.0,17981224607.0,161.6276201920009,100.0,0.5
S1,AKXN5ZZ,PH,PH_threshold=25_delta=2,mod,,,,8.346750360256943,15.52309694766767,1.8597773118483216,11754,81886,683482.0,19731786.0,259.3743264939985,25.0,2.0
S1,AJMQUVV,PH,PH_threshold=500_delta=5,mod,,,,395.3500133707715,1138.5910706599873,2.879957081453748,1270,89748,35481873.0,116348376171.0,155.50653769199926,500.0,5.0
S1,AJWW3IY,PH,PH_threshold=25_delta=0.5,mod,,,,11.42962780021501,21.9095106822916,1.916905000343007,14402,68834,786747.0,33042155.0,247.1097277489971,25.0,0.5
S1,AHYIJDV,ADWIN,ADWIN_delta=0.0001,mod,,,,12.17701456988694,21.88251438820128,1.7970344260173168,4660,68017,828244.0,32569562.0,160.08520117699663,,0.0001
S1,ATHKM6V,PH,PH_threshold=200_delta=0.005,mod,,,,84.97519541659264,503.4541746686535,5.924719233659411,3016,45032,3826603.0,11414085685.0,108.9879723749982,200.0,0.005
S1,A36HR6Y,PH,PH_threshold=200_delta=5,mod,,,,488.8844878142576,1121.027651716964,2.293031748110767,1010,41606,20340528.0,52286384848.0,39.6960990660009,200.0,5.0
S1,A4G0044,PH,PH_threshold=50_delta=0.5,mod,,,,29.755314816323207,120.15567337186828,4.038124755647121,2538,12277,365306.0,177247786.0,20.125889210001333,50.0,0.5
S1,ASFODQR,ADWIN,ADWIN_delta=0.05,mod,,,,18.23167534642481,30.2197259727991,1.6575397158289744,17842,141517,2580092.0,129237830.0,204.217656125,,0.05
S1,AX6281V,PH,PH_threshold=100_delta=2,mod,,,,140.4650502696485,590.6152865510245,4.20471345304209,3989,66939,9402590.0,23350091508.0,75.79831629999899,100.0,2.0
S1,AJMQUVV,KSWIN,KSWIN_alpha=0.001_window_size=100,mod,0.001,100.0,1.0,142.5186745108526,1324.5733566340457,9.294033649837102,6806,89748,12790766.0,157462379306.0,880.0219334720005,,
S1,ASFODQR,PH,PH_threshold=25_delta=5,mod,,,,206.489785679459,798.2667428755124,3.865889735169218,13801,141517,29221815.0,90178848585.0,180.2028148500001,25.0,5.0
S1,AURCTAK,PH,PH_threshold=50_delta=0.005,mod,,,,13.596238563198916,22.14266686052911,1.628587697810989,2940,11804,160490.0,5787474.0,42.69511092600442,50.0,0.005
S1,AV2GF3B,KSWIN,KSWIN_alpha=0.01_window_size=1000,mod,0.01,1000.0,1.0,79.83832256362918,168.5508840116863,2.1111526219423684,69,7583,605414.0,215428484.0,19.124455014003612,,
S1,AJMQUVV,Sem detector (HT),HT,mod,,,,24.4687012523956,130.70438023021703,5.34169667944352,0,89748,2196017.0,1533222075.0,469.0679854049995,,
S1,AAXAA7Z,PH,PH_threshold=100_delta=2,mod,,,,278.3222227644657,967.267042362841,3.475349660387719,5469,61473,17109302.0,57514478822.0,149.60389987099916,100.0,2.0
S1,AAXAA7Z,KSWIN,KSWIN_alpha=1e-05_window_size=100,mod,1e-05,100.0,1.0,658.1139687342411,2425.896845086641,3.6861348646836944,3700,61473,40456240.0,361767099096.0,1170.6795841499988,,
S1,AA2KP1S,KSWIN,KSWIN_alpha=1e-05_window_size=300,mod,1e-05,300.0,1.0,283.84189275876383,1068.1467821739757,3.763175237426245,2139,79503,22566282.0,90707957900.0,518.0932529919992,,
S1,AJWW3IY,Sem detector (HT),HT,mod,,,,10.879667025016706,18.148316883410185,1.6680948821025443,0,68834,748891.0,22671263.0,343.59850701899995,,
S1,ATHKM6V,KSWIN,KSWIN_alpha=1e-05_window_size=300,mod,1e-05,300.0,1.0,492.97570616450525,1574.9449866459126,3.19477200793411,1209,45032,22199682.0,111699701448.0,345.59782253699814,,
S1,A1K5DRI,KSWIN,KSWIN_alpha=0.0001_window_size=1000,mod,0.0001,1000.0,1.0,458.3018534167089,1051.2337134784932,2.293758372656337,784,88755,40676581.0,98082468893.0,268.8857644969994,,
S1,AA2KP1S,PH,PH_threshold=200_delta=0.005,mod,,,,64.98532130862986,498.7403423218146,7.674661481678068,5700,79503,5166528.0,19775729586.0,219.74351311699863,200.0,0.005
S1,AYWIEKR,PH,PH_threshold=200_delta=0.5,mod,,,,237.96768054177127,1077.6111790582734,4.528393001120657,5870,85645,20380742.0,99454901100.0,227.83657803900127,200.0,0.5
S1,AFPB8J2,KSWIN,KSWIN_alpha=0.001_window_size=300,mod,0.001,300.0,1.0,835.4958123282921,2291.675104427957,2.742892388702347,2165,74982,62647147.0,393788576873.0,357.90702525899906,,
S1,AYEFCWQ,KSWIN,KSWIN_alpha=1e-05_window_size=300,mod,1e-05,300.0,1.0,1007.110378380267,2495.839923916907,2.478218850182996,3126,114488,115302053.0,713170587403.0,380.9935310029996,,
S1,A4G0044,PH,PH_threshold=200_delta=0.005,mod,,,,86.12885884173659,236.0192701249765,2.740304159360412,1265,12277,1057404.0,683891462.0,14.773759241001244,200.0,0.005
S1,ATHKM6V,KSWIN,KSWIN_alpha=0.005_window_size=300,mod,0.005,300.0,1.0,671.4954254752176,1920.849944857507,2.8605555183017373,1323,45032,30238782.0,166152972244.0,157.3921007559984,,
S1,AUY8KYW,PH,PH_threshold=500_delta=2,mod,,,,489.9851690768729,1087.1766701423337,2.218795054941282,2855,91970,45063936.0,108704227720.0,179.5702481239996,500.0,2.0
S1,A4E0D03,PH,PH_threshold=500_delta=5,mod,,,,517.5758394070074,1318.2935099587291,2.547053802722154,906,72581,37566172.0,126138358654.0,168.00382981800067,500.0,5.0
S1,A4E0D03,PH,PH_threshold=100_delta=2,mod,,,,193.53056585056692,905.6710935106076,4.679731542819516,4875,72581,14046642.0,59533848848.0,147.25829443999828,100.0,2.0
S1,AA2KP1S,KSWIN,KSWIN_alpha=1e-05_window_size=1000,mod,1e-05,1000.0,1.0,371.4050413191955,1136.4681501010514,3.0599157891460607,707,79503,29527815.0,102682883247.0,228.89790245699987,,
S1,A4E0D03,PH,PH_threshold=500_delta=0.5,mod,,,,645.6221876248605,1736.396191043833,2.689492747192833,2350,72581,46859904.0,218836921400.0,139.93463302700184,500.0,0.5
S1,A7EM0B6,KSWIN,KSWIN_alpha=0.0001_window_size=300,mod,0.0001,300.0,1.0,327.3995733249052,1148.0841254121528,3.506675692191009,1797,63280,20717845.0,83409188223.0,169.1408365440002,,
S1,A0NVTRV,PH,PH_threshold=25_delta=0.5,mod,,,,8.248940996419885,18.6900845058052,2.2657556301974844,6436,36591,301837.0,12781941.0,135.52629790100036,25.0,0.5
S1,APGIB2T,KSWIN,KSWIN_alpha=0.005_window_size=1000,mod,0.005,1000.0,1.0,105.76266366882687,236.7376499812853,2.2383858515759263,136,15122,1599343.0,847508179.0,36.33658861800359,,
S1,A0NVTRV,PH,PH_threshold=200_delta=2,mod,,,,270.2296466344183,918.1834584110728,3.3977895092067474,1155,36591,9887973.0,30848440049.0,78.76719955299632,200.0,2.0
S1,A7EM0B6,KSWIN,KSWIN_alpha=1e-05_window_size=100,mod,1e-05,100.0,1.0,66.8253002528445,415.2838359439646,6.214470183787728,4080,63280,4228705.0,10913310843.0,543.9877840769987,,
S1,AIFDJZB,PH,PH_threshold=100_delta=2,mod,,,,180.62267327053183,1052.4655408180513,5.826873901050597,11127,123564,22318460.0,136869830512.0,271.037778423,100.0,2.0
S1,AOYM4KG,PH,PH_threshold=200_delta=0.005,mod,,,,76.22039383090058,189.9547288758769,2.4921772156845927,1725,14524,1107025.0,524066573.0,18.323765304001427,200.0,0.005
S1,AZIK4ZA,PH,PH_threshold=500_delta=5,mod,,,,266.6834641994289,530.5022474673103,1.989258123145553,1561,72848,19427357.0,20501804563.0,70.62573476399848,500.0,5.0
S1,AYWIEKR,KSWIN,KSWIN_alpha=1e-05_window_size=1000,mod,1e-05,1000.0,1.0,364.5989374744585,922.756435897718,2.5308807598002403,756,85645,31226076.0,72924956638.0,310.9808329120024,,
S1,AYEFCWQ,PH,PH_threshold=500_delta=0.5,mod,,,,524.9171965620851,1777.2408629585366,3.3857546954042905,4320,114488,60096720.0,361620089208.0,116.3745691539998,500.0,0.5
S1,A4G0044,KSWIN,KSWIN_alpha=0.0001_window_size=100,mod,0.0001,100.0,1.0,56.53017838234096,230.728631321289,4.081512528772854,846,12277,694021.0,653574705.0,86.54609289899963,,
S1,A4E0D03,ADWIN,ADWIN_delta=0.0001,mod,,,,10.296482550529753,17.05085041806811,1.6559878904656469,5076,72581,747329.0,21101583.0,188.35570425900005,,0.0001
S1,A1K5DRI,KSWIN,KSWIN_alpha=0.005_window_size=300,mod,0.005,300.0,1.0,490.7423356430624,1578.776081622511,3.2171181635546144,2581,88755,43555836.0,221224847706.0,334.9172319579993,,
S1,A1K5DRI,PH,PH_threshold=500_delta=5,mod,,,,362.4655963044336,911.050221793844,2.5134805374153526,1186,88755,32170634.0,73667760026.0,199.9480333570009,500.0,5.0
S1,A7EM0B6,KSWIN,KSWIN_alpha=0.005_window_size=1000,mod,0.005,1000.0,1.0,534.1456068268016,1298.519682327499,2.43102192685177,574,63280,33800734.0,106699784962.0,64.27580218499861,,
S1,AURCTAK,ADWIN,ADWIN_delta=0.01,mod,,,,45.90842087427991,176.85778982300326,3.852404122270463,1183,11804,541903.0,369213513.0,20.82056434799597,,0.01
S1,AYEFCWQ,PH,PH_threshold=100_delta=5,mod,,,,519.9108989588428,1584.583339295543,3.047797887039452,5690,114488,59523559.0,287468418273.0,121.79852390199994,100.0,5.0
S1,AYWIEKR,KSWIN,KSWIN_alpha=0.0001_window_size=300,mod,0.0001,300.0,1.0,844.8913071399381,2068.823838151181,2.4486272028935967,2406,85645,72360716.0,366563346918.0,481.2257152409984,,
S1,A0VFT1N,PH,PH_threshold=500_delta=0.005,mod,,,,488.42968225683273,1626.575870241216,3.330215032643957,3063,86422,42211070.0,228650925406.0,206.377233444,500.0,0.005
S1,A1K5DRI,PH,PH_threshold=25_delta=0.5,mod,,,,10.05695453777252,19.2205001655156,1.9111650642673264,19311,88755,892605.0,32788549.0,317.550751494,25.0,0.5
S1,AYEFCWQ,ADWIN,ADWIN_delta=0.05,mod,,,,10.271460764446928,19.566244673232912,1.9049135387790643,15535,114488,1175959.0,43830349.0,151.89771426900006,,0.05
S1,AAXAA7Z,ADWIN,ADWIN_delta=0.0001,mod,,,,159.18313731231598,887.4818078236128,5.575225006920054,4454,61473,9785465.0,48417607645.0,153.6347694260039,,0.0001
S1,AA2KP1S,KSWIN,KSWIN_alpha=0.01_window_size=300,mod,0.01,300.0,1.0,218.4861954894784,1066.789363088868,4.8826396592193,2362,79503,17370308.0,90477557962.0,258.0847564199976,,
S1,A1K5DRI,PH,PH_threshold=500_delta=0.5,mod,,,,417.3672131147541,1453.005462190849,3.481359858977107,2783,88755,37043427.0,187381763617.0,158.837511361,500.0,0.5
S1,AYEFCWQ,PH,PH_threshold=200_delta=0.5,mod,,,,43.5087432744043,407.7698798797078,9.372136476292896,8875,114488,4981229.0,19036638165.0,133.60846719100027,200.0,0.5
S1,A0VFT1N,KSWIN,KSWIN_alpha=1e-05_window_size=1000,mod,1e-05,1000.0,1.0,408.8250792622249,889.0250509888817,2.17458540604514,765,86422,35331481.0,68304970809.0,280.76452072899883,,
S1,AUY8KYW,KSWIN,KSWIN_alpha=1e-05_window_size=100,mod,1e-05,100.0,1.0,56.19434598238556,407.2287063931579,7.246791456934226,6216,91970,5168194.0,15251865120.0,1256.2037907590002,,
S1,AUY8KYW,PH,PH_threshold=500_delta=0.5,mod,,,,427.9368924649342,1079.605237595786,2.5228141265811765,3793,91970,39357356.0,107195400728.0,198.47069063699928,500.0,0.5
S1,APGIB2T,PH,PH_threshold=100_delta=2,mod,,,,50.48201296124852,209.895922874552,4.157835842157766,1349,15122,763389.0,666219345.0,42.52087583299726,100.0,2.0
S1,A1K5DRI,PH,PH_threshold=500_delta=2,mod,,,,457.7213452763224,1381.2356643592725,3.017634372120951,1943,88755,40625058.0,169327850554.0,177.48910995199913,500.0,2.0
S1,A4G0044,ADWIN,ADWIN_delta=0.01,mod,,,,64.1894599657897,202.72415896926432,3.158215680227063,1137,12277,788054.0,504548908.0,13.147888408002473,,0.01
S1,AFPB8J2,KSWIN,KSWIN_alpha=0.01_window_size=100,mod,0.01,100.0,1.0,10.414446133738764,15.453120669039167,1.4838158909840682,6045,74982,780896.0,17905622.0,569.7033715100006,,
S1,A0NVTRV,PH,PH_threshold=100_delta=5,mod,,,,434.7794539640896,1140.3266760078384,2.6227703853320152,889,36591,15909015.0,47580921261.0,83.31873625000298,100.0,5.0
S1,AX6281V,PH,PH_threshold=100_delta=5,mod,,,,343.8561974334842,860.6986698964529,2.503077380371913,2209,66939,23017390.0,49588558490.0,68.21250480099843,100.0,5.0
S1,A1K5DRI,PH,PH_threshold=200_delta=2,mod,,,,398.8917244098924,1375.3420574405447,3.4479082249078536,3762,88755,35403635.0,167885920357.0,209.35710149999977,200.0,2.0
S1,AURCTAK,KSWIN,KSWIN_alpha=1e-05_window_size=1000,mod,1e-05,1000.0,1.0,105.91401219925449,206.7996952232416,1.9525244198491165,104,11804,1250209.0,504811209.0,43.564225262001855,,
S1,A1ZJ41O,KSWIN,KSWIN_alpha=1e-05_window_size=1000,mod,1e-05,1000.0,1.0,312.52166607711354,729.2170422838377,2.333332761972113,702,79156,24737965.0,42091796255.0,115.99089695099974,,
S1,A7EM0B6,ADWIN,ADWIN_delta=1e-05,mod,,,,103.83168457648546,511.7365702234359,4.928520348203305,4430,63280,6570469.0,16571406799.0,65.10937347199797,,1e-05
S1,AYWIEKR,KSWIN,KSWIN_alpha=0.005_window_size=100,mod,0.005,100.0,1.0,83.67134100064219,654.3045955291125,7.819936763342786,6893,85645,7166032.0,36665866672.0,690.7322780229988,,
S1,A1K5DRI,PH,PH_threshold=50_delta=5,mod,,,,432.4919046814264,1391.8877690194092,3.218297854718631,4912,88755,38385819.0,171949637845.0,221.87234400099987,50.0,5.0
S1,AJMQUVV,KSWIN,KSWIN_alpha=0.0001_window_size=300,mod,0.0001,300.0,1.0,487.4249788296118,1850.1630474129304,3.7957903836924376,2491,89748,43745417.0,307216675149.0,486.6041242050005,,
S1,AYWIEKR,KSWIN,KSWIN_alpha=0.01_window_size=100,mod,0.01,100.0,1.0,9.994033510420923,16.48889750783825,1.6498741464739974,7098,85645,855939.0,23285483.0,605.5104716099995,,
S1,AMV7EQF,KSWIN,KSWIN_alpha=0.01_window_size=1000,mod,0.01,1000.0,1.0,593.2653077882856,1380.2242716047165,2.3264874137849763,778,85757,50876653.0,163368717807.0,83.5070053950003,,
S1,AJWW3IY,KSWIN,KSWIN_alpha=1e-05_window_size=300,mod,1e-05,300.0,1.0,244.6723712119011,1007.4967690297708,4.1177381983894605,1845,68834,16841778.0,69869933776.0,496.76558823899904,,
S1,AZIK4ZA,PH,PH_threshold=200_delta=0.5,mod,,,,53.15949648583352,355.6115215564202,6.689520124615688,5538,72848,3872563.0,9212325609.0,85.8493607929995,200.0,0.5
S1,A0NVTRV,PH,PH_threshold=25_delta=0.005,mod,,,,9.544888087234566,21.268195055153303,2.228228855149974,8250,36591,349257.0,16551431.0,142.34434915499878,25.0,0.005
S1,A0VFT1N,KSWIN,KSWIN_alpha=0.005_window_size=300,mod,0.005,300.0,1.0,769.0012265395385,2275.231452726709,2.9586837760521147,2537,86422,66458624.0,447378880244.0,331.4291572950005,,
S1,AX6281V,KSWIN,KSWIN_alpha=0.0001_window_size=100,mod,0.0001,100.0,1.0,10.146581215733727,17.430714707231257,1.717890424037846,4453,66939,679202.0,20338064.0,545.7685758949992,,
S1,A1ZJ41O,PH,PH_threshold=100_delta=2,mod,,,,268.3133432715145,976.7492206859793,3.640330401673601,4989,79156,21238611.0,75517914259.0,90.63678226699994,100.0,2.0
S1,AFPB8J2,PH,PH_threshold=25_delta=2,mod,,,,59.20933023925742,403.4149278492672,6.813367525339646,11945,74982,4439634.0,12202840916.0,235.30931063500248,25.0,2.0
S1,AYWIEKR,PH,PH_threshold=25_delta=0.5,mod,,,,11.59843540194991,21.450720528085583,1.8494494976865008,19778,85645,993348.0,39408126.0,306.0315207490021,25.0,0.5
S1,ATHKM6V,PH,PH_threshold=50_delta=0.5,mod,,,,7.811378575235389,14.599174749197722,1.868962643224316,6223,45032,351762.0,9597936.0,151.02933814800053,50.0,0.5
S1,AHYIJDV,PH,PH_threshold=25_delta=0.5,mod,,,,12.345766499551583,22.610085376125927,1.8314039372887183,14589,68017,839722.0,34771376.0,265.503143877002,25.0,0.5
S1,ASFODQR,PH,PH_threshold=500_delta=0.5,mod,,,,624.6940791565678,1669.4494230359178,2.672427158730124,5338,141517,88404832.0,394416564758.0,141.10742785699995,500.0,0.5
S1,AZIK4ZA,KSWIN,KSWIN_alpha=0.001_window_size=100,mod,0.001,100.0,1.0,11.855411267296288,18.44462353592358,1.5557978647947832,5653,72848,863643.0,24783191.0,386.2310338559983,,
S1,A7EM0B6,KSWIN,KSWIN_alpha=0.005_window_size=300,mod,0.005,300.0,1.0,652.3483723135272,1742.519885412728,2.6711492806105293,1868,63280,41280605.0,192141844871.0,114.54389956700106,,
S1,AV2GF3B,PH,PH_threshold=200_delta=0.5,mod,,,,58.11393907424503,236.39103595078376,4.067716622147676,704,7583,440678.0,423743514.0,20.969810100999894,200.0,0.5
S1,AX6281V,KSWIN,KSWIN_alpha=0.001_window_size=300,mod,0.001,300.0,1.0,491.6941543793603,1268.6775214551865,2.5802168078580703,1945,66939,32913515.0,107741175679.0,145.79167320000124,,
S1,ATHKM6V,KSWIN,KSWIN_alpha=0.005_window_size=100,mod,0.005,100.0,1.0,7.572681648605436,12.45151103363705,1.6442670656741638,3484,45032,341013.0,6981767.0,420.5152619470027,,
S1,A1K5DRI,KSWIN,KSWIN_alpha=0.0001_window_size=300,mod,0.0001,300.0,1.0,604.5487240155484,1616.7792312211425,2.6743571973523186,2480,88755,53656722.0,232003358448.0,467.3680024360001,,
S1,AJMQUVV,PH,PH_threshold=25_delta=5,mod,,,,127.2457102108125,624.5165504460124,4.907957599602796,7982,89748,11420048.0,35003597688.0,248.4068530100003,25.0,5.0
S1,AOYM4KG,PH,PH_threshold=50_delta=0.005,mod,,,,14.024304599283944,24.22530769486827,1.72738031489313,3077,14524,203689.0,8523635.0,24.248203240000294,50.0,0.005
S1,AOYM4KG,ADWIN,ADWIN_delta=0.01,mod,,,,44.46667584687414,123.9988506178907,2.7885792732718384,1476,14524,645834.0,223316884.0,16.090087284999754,,0.01
S1,AYEFCWQ,PH,PH_threshold=50_delta=0.5,mod,,,,11.541506533435818,22.875749750114533,1.9820419183443116,20071,114488,1321364.0,59911562.0,183.95425099000025,50.0,0.5
S1,AUY8KYW,KSWIN,KSWIN_alpha=0.001_window_size=300,mod,0.001,300.0,1.0,447.504338371208,1219.0730132409965,2.7241590945868475,2691,91970,41156974.0,136680204898.0,332.82097280000016,,
S1,AAXAA7Z,KSWIN,KSWIN_alpha=1e-05_window_size=300,mod,1e-05,300.0,1.0,619.1266246970215,1721.974839732974,2.781296702553613,1629,61473,38059571.0,182279576615.0,508.0188258420021,,
S1,AX6281V,PH,PH_threshold=50_delta=5,mod,,,,345.71242474491703,904.799666196417,2.617203205421445,3138,66939,23141644.0,54800444800.0,72.76463414400132,50.0,5.0
S1,A7EM0B6,PH,PH_threshold=50_delta=0.005,mod,,,,11.238685208596712,19.254040572871844,1.713193333161784,12295,63280,711184.0,23459040.0,103.11575350200292,50.0,0.005
S1,AV2GF3B,KSWIN,KSWIN_alpha=0.0001_window_size=100,mod,0.0001,100.0,1.0,102.37267572200976,311.70819941491294,3.0448378653435624,549,7583,776292.0,736779458.0,91.10153606100356,,
S1,A3OU183,PH,PH_threshold=100_delta=0.005,mod,,,,9.439100392900691,18.12787078582995,1.920508314485587,1065,7381,69670.0,2425542.0,25.02965717099869,100.0,0.005
S1,AJWW3IY,PH,PH_threshold=200_delta=2,mod,,,,202.8744806345701,634.6480206081857,3.12827921295509,2897,68834,13964662.0,27724828428.0,125.56739700499747,200.0,2.0
S1,A0VFT1N,PH,PH_threshold=50_delta=2,mod,,,,57.09599407558261,307.0793482333301,5.378299357163731,9231,86422,4934350.0,8149398086.0,243.22756925800056,50.0,2.0
S1,A3OU183,KSWIN,KSWIN_alpha=0.0001_window_size=100,mod,0.0001,100.0,1.0,9.852594499390326,18.04044891477124,1.8310353598625797,513,7381,72722.0,2402204.0,105.1723130620012,,
S1,AYEFCWQ,KSWIN,KSWIN_alpha=0.001_window_size=1000,mod,0.001,1000.0,1.0,818.1883428830969,1966.451026912759,2.4034209775996853,1023,114488,93672747.0,442717040767.0,122.48624402199948,,
S1,APGIB2T,PH,PH_threshold=25_delta=2,mod,,,,9.232575056209496,17.14674251855107,1.857200446696481,2720,15122,139615.0,4446031.0,40.34670090700092,25.0,2.0
S1,A0NVTRV,PH,PH_threshold=50_delta=2,mod,,,,6.898718264054002,12.341679187818936,1.7889814767658594,2732,36591,252431.0,5573433.0,98.88033847800398,50.0,2.0
S1,A4E0D03,PH,PH_threshold=25_delta=0.5,mod,,,,10.377151045039335,18.349180161927443,1.7682290719569929,15322,72581,753184.0,24437472.0,260.66547367399835,25.0,0.5
S1,AIFDJZB,KSWIN,KSWIN_alpha=0.001_window_size=100,mod,0.001,100.0,1.0,119.75964682269915,904.0967348238792,7.549260195818458,9803,123564,14797981.0,101000089899.0,1095.057581221,,
S1,AV2GF3B,KSWIN,KSWIN_alpha=0.005_window_size=100,mod,0.005,100.0,1.0,67.2666490834762,261.23338122688176,3.883549794530389,623,7583,510083.0,517485755.0,57.38432404600462,,
S1,A1K5DRI,PH,PH_threshold=50_delta=2,mod,,,,8.67722381837643,15.112611297330872,1.741641291460723,9537,88755,770147.0,20270845.0,270.8663249559995,50.0,2.0
S1,AYEFCWQ,Sem detector (HT),HT,mod,,,,28.39525539794564,169.52824138741192,5.970301693418722,0,114488,3250916.0,3290365042.0,373.35314615900006,,
S1,AJWW3IY,PH,PH_threshold=25_delta=0.005,mod,,,,9.419995932242786,18.285500584529053,1.941136781380276,17055,68834,648416.0,23015304.0,225.59465829300095,25.0,0.005
S1,AZIK4ZA,PH,PH_threshold=200_delta=2,mod,,,,347.54875905996045,1123.0305016360312,3.231289056170336,4020,72848,25318232.0,91875716034.0,81.78114815200024,200.0,2.0
S1,A4G0044,PH,PH_threshold=200_delta=0.5,mod,,,,94.07705465504604,251.61649191704987,2.674578757165139,1128,12277,1154984.0,777267416.0,14.666488512000797,200.0,0.5
S1,A4G0044,PH,PH_threshold=25_delta=0.5,mod,,,,12.448155086747576,20.67812648383517,1.6611398508241035,3096,12277,152826.0,5249460.0,21.952039474999765,25.0,0.5
S1,AJMQUVV,ADWIN,ADWIN_delta=0.01,mod,,,,74.78838525649597,607.9859910782626,8.1294172750635,9324,89748,6712108.0,33175075846.0,191.57443328200043,,0.01
S1,AFPB8J2,PH,PH_threshold=50_delta=0.5,mod,,,,72.41171214424796,518.031783577267,7.1539778336592885,12932,74982,5429575.0,20121939235.0,271.4339344280015,50.0,0.5
S1,AQC0L71,KSWIN,KSWIN_alpha=0.0001_window_size=1000,mod,0.0001,1000.0,1.0,177.48758040765713,470.8458157832181,2.6528381011323146,457,51612,9160489.0,11442162713.0,141.21287211800518,,
S1,AQC0L71,PH,PH_threshold=25_delta=2,mod,,,,7.226013330233279,12.662340383401473,1.7523272937268013,7459,51612,372949.0,8275203.0,164.55714140499913,25.0,2.0
S1,A3OU183,PH,PH_threshold=50_delta=0.005,mod,,,,9.637989432326243,17.208217443860267,1.7854571811568027,1630,7381,71138.0,2185682.0,16.578384843000094,50.0,0.005
S1,APGIB2T,PH,PH_threshold=200_delta=2,mod,,,,139.7655733368602,349.77796450668137,2.502604583917482,816,15122,2113535.0,1850095411.0,39.62793218599836,200.0,2.0
S1,AZIK4ZA,PH,PH_threshold=25_delta=5,mod,,,,81.9801092686141,446.6473135937356,5.448240037473743,6419,72848,5972087.0,14532725999.0,91.93273895200036,25.0,5.0
S1,A36HR6Y,KSWIN,KSWIN_alpha=1e-05_window_size=300,mod,1e-05,300.0,1.0,913.0819352977936,2148.8621260313157,2.3534165368527225,1097,41606,37989687.0,192120216617.0,167.02093990999856,,
S1,A0VFT1N,PH,PH_threshold=200_delta=0.005,mod,,,,9.97019277498785,16.160069081776157,1.6208381770026357,6377,86422,861644.0,22568918.0,213.83462828200027,200.0,0.005
S1,AOYM4KG,ADWIN,ADWIN_delta=0.002,mod,,,,35.17564031947122,102.24438844419916,2.906681655702583,1277,14524,510891.0,151832661.0,15.258039899999858,,0.002
S1,ASFODQR,PH,PH_threshold=500_delta=0.005,mod,,,,548.280948578616,1501.5567442386307,2.738662994093307,5977,141517,77591075.0,319074510283.0,144.55698149399996,500.0,0.005
S1,AUY8KYW,KSWIN,KSWIN_alpha=0.0001_window_size=300,mod,0.0001,300.0,1.0,568.4930847015331,1371.401832744294,2.412345672532322,2620,91970,52284309.0,172971932501.0,462.10302177299945,,
S1,A36HR6Y,PH,PH_threshold=100_delta=5,mod,,,,452.56155362207375,1018.3325347942432,2.250152551943541,1694,41606,18829276.0,43145469906.0,42.06332061300054,100.0,5.0
S1,AA2KP1S,PH,PH_threshold=200_delta=5,mod,,,,441.58480812044826,1428.803277112219,3.2356259790588022,2007,79503,35107317.0,162303689409.0,153.3561981189996,200.0,5.0
S1,AAXAA7Z,PH,PH_threshold=25_delta=0.005,mod,,,,12.61823890163161,22.870731784501267,1.8125137717549435,14805,61473,775681.0,32154705.0,235.03655739499663,25.0,0.005
S1,AV2GF3B,PH,PH_threshold=25_delta=0.005,mod,,,,10.102202294606355,17.580773818881934,1.740291206430151,2139,7583,76605.0,2343781.0,29.25346240199724,25.0,0.005
S1,A3OU183,KSWIN,KSWIN_alpha=0.001_window_size=300,mod,0.001,300.0,1.0,39.3691911665086,154.7427162221793,3.930553603900784,215,7381,290584.0,176740320.0,36.0250928739988,,
S1,A4E0D03,PH,PH_threshold=50_delta=0.005,mod,,,,10.63063336134801,20.067147994285865,1.887671911181524,13533,72581,771582.0,29227674.0,267.04229003100045,50.0,0.005
S1,AKXN5ZZ,PH,PH_threshold=25_delta=0.5,mod,,,,8.641000903695382,16.631576074351702,1.9247279637754808,17736,81886,707577.0,22650431.0,312.47934718599936,25.0,0.5
S1,AAXAA7Z,PH,PH_threshold=50_delta=0.005,mod,,,,11.76332698908464,21.3910389135403,1.8184514409392305,11713,61473,723127.0,28128603.0,216.15711280100368,50.0,0.005
S1,A0NVTRV,PH,PH_threshold=500_delta=5,mod,,,,346.789593069334,1172.3678862983666,3.380631684826753,348,36591,12689378.0,50292370448.0,58.5097182219979,500.0,5.0
S1,AURCTAK,PH,PH_threshold=50_delta=5,mod,,,,153.85411724839037,353.5323205315945,2.297841142338966,1253,11804,1816094.0,1475324140.0,34.87055391100148,50.0,5.0
S1,AKXN5ZZ,PH,PH_threshold=25_delta=5,mod,,,,233.4481596365679,898.0970212376657,3.847094029937195,5812,81886,19116136.0,66047467362.0,193.2189933160007,25.0,5.0
S1,AOYM4KG,KSWIN,KSWIN_alpha=0.001_window_size=100,mod,0.001,100.0,1.0,20.91283393004682,66.2347554209107,3.167182202204884,1155,14524,303738.0,63717410.0,62.727396270998725,,
S1,AIFDJZB,KSWIN,KSWIN_alpha=0.0001_window_size=1000,mod,0.0001,1000.0,1.0,547.5743339483992,1206.460045861396,2.203280853508899,1110,123564,67660475.0,179853066453.0,334.674861049,,
S1,AA2KP1S,PH,PH_threshold=25_delta=2,mod,,,,185.35739531841568,878.9614183866455,4.74198192565624,10416,79503,14736469.0,61421885133.0,237.2666829640002,25.0,2.0
S1,A0NVTRV,PH,PH_threshold=50_delta=0.005,mod,,,,8.286381897187834,18.84176133371283,2.2738224676933125,5841,36591,303207.0,12990243.0,121.48432384599435,50.0,0.005
S1,AUY8KYW,PH,PH_threshold=100_delta=0.5,mod,,,,48.78475589866261,335.7116034314008,6.881485768397666,12687,91970,4486734.0,10365228754.0,249.2083773880004,100.0,0.5
S1,AKXN5ZZ,KSWIN,KSWIN_alpha=0.005_window_size=300,mod,0.005,300.0,1.0,650.5324963974306,1854.192762880856,2.850269238122844,2432,81886,53269504.0,281526590246.0,287.5221767410003,,
S1,AKXN5ZZ,PH,PH_threshold=50_delta=0.005,mod,,,,9.078316195686686,17.306319510948043,1.9063358378253743,15770,81886,743387.0,24525569.0,261.14967972199884,50.0,0.005
S1,ATHKM6V,PH,PH_threshold=200_delta=0.5,mod,,,,228.9771273760881,944.6464517784954,4.12550573327327,2539,45032,10311298.0,40184616770.0,94.22155529999873,200.0,0.5
S1,AJMQUVV,KSWIN,KSWIN_alpha=1e-05_window_size=300,mod,1e-05,300.0,1.0,779.484768462807,1955.680786712728,2.5089403485964885,2370,89748,69957199.0,343258039347.0,684.5963925249998,,
S1,AA2KP1S,KSWIN,KSWIN_alpha=0.01_window_size=1000,mod,0.01,1000.0,1.0,553.7146522772725,1253.200494711103,2.2632604890570294,722,79503,44021976.0,124860374190.0,189.4710469360034,,
S1,AQC0L71,PH,PH_threshold=500_delta=0.005,mod,,,,365.75087189025805,1130.2408434223753,3.090193162305021,1788,51612,18877134.0,65931458522.0,92.2153548560018,500.0,0.005
S1,A4E0D03,KSWIN,KSWIN_alpha=0.005_window_size=300,mod,0.005,300.0,1.0,1025.4067869001528,2165.860624172738,2.1121964978603507,2128,72581,74425050.0,340474004774.0,274.1825069760016,,
S1,AURCTAK,PH,PH_threshold=200_delta=2,mod,,,,157.37690613351407,359.943802680039,2.2871449917478555,787,11804,1857677.0,1529320823.0,32.21366438199766,200.0,2.0
S1,AZIK4ZA,PH,PH_threshold=500_delta=2,mod,,,,564.1413079288382,1262.540982409855,2.237987122490796,2300,72848,41096566.0,116120420976.0,74.38911729200117,500.0,2.0
S1,APGIB2T,ADWIN,ADWIN_delta=0.0001,mod,,,,84.53689988096812,286.9000392508742,3.3937847218769885,1029,15122,1278367.0,1244716507.0,36.45708288500464,,0.0001
S1,AOYM4KG,KSWIN,KSWIN_alpha=0.005_window_size=1000,mod,0.005,1000.0,1.0,102.04964197190856,199.1812497949998,1.9518074335805005,131,14524,1482169.0,576213125.0,14.673939603999315,,
S1,A3OU183,KSWIN,KSWIN_alpha=0.005_window_size=300,mod,0.005,300.0,1.0,103.45942284243328,276.948053540448,2.6768760730690966,218,7381,763634.0,566124356.0,25.603579990005528,,
S1,A7EM0B6,ADWIN,ADWIN_delta=0.0001,mod,,,,10.697961441213652,15.80673764949938,1.4775467023655815,4928,63280,676967.0,15810695.0,67.28988161300003,,0.0001
S1,A4G0044,PH,PH_threshold=500_delta=0.005,mod,,,,107.51339903885314,279.4460551586808,2.599174220672669,579,12277,1319942.0,958712130.0,12.298249792002023,500.0,0.005
S1,A1ZJ41O,KSWIN,KSWIN_alpha=1e-05_window_size=100,mod,1e-05,100.0,1.0,351.76788872605994,2288.7752285129936,6.50649278079894,5242,79156,27844539.0,414658076445.0,644.5702266129992,,
S1,A4E0D03,KSWIN,KSWIN_alpha=0.001_window_size=300,mod,0.001,300.0,1.0,1112.1762995825354,2399.4533246099736,2.157439720222979,2095,72581,80722868.0,417876126108.0,376.715433348003,,
S1,AHYIJDV,KSWIN,KSWIN_alpha=0.005_window_size=300,mod,0.005,300.0,1.0,458.0481203228605,1405.471224493717,3.068392079642319,1991,68017,31155059.0,134357337615.0,270.53811694600154,,
S1,A4E0D03,PH,PH_threshold=25_delta=5,mod,,,,320.4256899188493,1089.7250455257206,3.4008666589801315,5321,72581,23256817.0,86189986481.0,203.86302211300065,25.0,5.0
S1,AHYIJDV,KSWIN,KSWIN_alpha=0.001_window_size=300,mod,0.001,300.0,1.0,549.8509637296559,1748.869151248217,3.180623962874565,1966,68017,37399213.0,208032940193.0,258.1774228020004,,
S1,AYWIEKR,KSWIN,KSWIN_alpha=0.001_window_size=100,mod,0.001,100.0,1.0,88.45522797594722,696.0846845388187,7.869344757418954,6658,85645,7575748.0,41497904842.0,833.630905668997,,
S1,A4E0D03,PH,PH_threshold=100_delta=5,mod,,,,536.4281010181728,1411.346442997119,2.631007660333786,2678,72581,38934488.0,144574005508.0,143.4896671739989,100.0,5.0
S1,A7EM0B6,PH,PH_threshold=25_delta=0.005,mod,,,,10.991466498103666,17.53284077635456,1.595132076268391,16006,63280,695540.0,19452304.0,130.29972137599907,25.0,0.005
S1,AURCTAK,KSWIN,KSWIN_alpha=0.01_window_size=1000,mod,0.01,1000.0,1.0,111.01567265333784,239.9260332689843,2.16119064574051,107,11804,1310429.0,679491375.0,28.29457881100097,,
S1,AMV7EQF,PH,PH_threshold=500_delta=2,mod,,,,581.4524412001352,1757.056804160345,3.0218409618054527,2420,85757,49863617.0,264753179309.0,85.0258090949992,500.0,2.0
S1,AKXN5ZZ,PH,PH_threshold=100_delta=2,mod,,,,293.36092860806485,1099.0995697338976,3.7465778927987823,5679,81886,24022153.0,98919914599.0,218.23621934299808,100.0,2.0
S1,A4E0D03,PH,PH_threshold=500_delta=0.005,mod,,,,550.0590925999917,1623.3535910984192,2.951234899918176,2693,72581,39923839.0,191271031353.0,170.36599866599863,500.0,0.005
S1,AKXN5ZZ,KSWIN,KSWIN_alpha=1e-05_window_size=100,mod,1e-05,100.0,1.0,49.68093446987275,400.1926372988343,8.055255835445626,5684,81886,4068173.0,13114382477.0,1050.042654809,,
S1,A4E0D03,PH,PH_threshold=200_delta=5,mod,,,,604.2538818699109,1590.3305471713536,2.631891320664671,1771,72581,43857351.0,183568326823.0,161.10777154899915,200.0,5.0
S1,AJMQUVV,PH,PH_threshold=200_delta=0.005,mod,,,,9.760518340241566,15.99065827646912,1.638300110614142,7275,89748,875987.0,22948667.0,214.18543783199948,200.0,0.005
S1,A3OU183,KSWIN,KSWIN_alpha=0.0001_window_size=1000,mod,0.0001,1000.0,1.0,69.51077089825228,138.49842787474978,1.9924743472846749,66,7381,513059.0,141580973.0,21.909426579004503,,
S1,AX6281V,PH,PH_threshold=500_delta=0.5,mod,,,,347.3362613722942,1062.7400911427494,3.059686561212928,1938,66939,23250342.0,75602011182.0,67.54127829400022,500.0,0.5
S1,ASFODQR,PH,PH_threshold=50_delta=5,mod,,,,252.2134867189101,974.7258348037724,3.86468561806172,10571,141517,35692496.0,134453950642.0,174.41985199500004,50.0,5.0
S1,AKXN5ZZ,ADWIN,ADWIN_delta=1e-05,mod,,,,119.79941626163202,760.6033793855546,6.3489740027151695,5704,81886,9809895.0,47372484065.0,178.32166111100014,,1e-05
S1,AIFDJZB,KSWIN,KSWIN_alpha=0.01_window_size=1000,mod,0.01,1000.0,1.0,810.1095383768735,1942.981164195151,2.3984178338253943,1117,123564,100100375.0,466475823097.0,228.87137464700004,,
S1,A36HR6Y,ADWIN,ADWIN_delta=0.0001,mod,,,,305.1358217564774,1412.3655734359172,4.628645582500953,3063,41606,12695481.0,82994671601.0,42.35817469199901,,0.0001
S1,AMV7EQF,PH,PH_threshold=100_delta=0.5,mod,,,,58.393239035880455,485.7148052205616,8.317997309964397,11325,85757,5007629.0,20231694707.0,123.3287480400013,100.0,0.5
S1,AKXN5ZZ,PH,PH_threshold=500_delta=2,mod,,,,541.8859389883496,1264.274640604604,2.333101026693711,1674,81886,44372872.0,130885793582.0,176.48961376400257,500.0,2.0
S1,A1ZJ41O,ADWIN,ADWIN_delta=0.0001,mod,,,,91.90205417150942,530.7772497668672,5.775466659062051,5858,79156,7274599.0,22300183641.0,84.57872886699988,,0.0001
S1,AMV7EQF,KSWIN,KSWIN_alpha=0.001_window_size=300,mod,0.001,300.0,1.0,627.4817682521543,2084.7541468464237,3.3224138968268195,2500,85757,53810954.0,372717060776.0,195.7187585369993,,
S1,AAXAA7Z,PH,PH_threshold=50_delta=2,mod,,,,139.6203699185008,566.8045789561729,4.059612356614068,7367,61473,8582883.0,19749272769.0,192.83684507,50.0,2.0
S1,A1ZJ41O,ADWIN,ADWIN_delta=0.05,mod,,,,10.508236899287484,18.34532054203702,1.7458038601395571,9996,79156,831790.0,26640014.0,102.22542828600126,,0.05
S1,AYWIEKR,PH,PH_threshold=25_delta=5,mod,,,,403.63089497343685,1387.8285219213476,3.438360490251078,7195,85645,34568968.0,164958094396.0,195.59998276999977,25.0,5.0
S1,AQC0L71,PH,PH_threshold=100_delta=0.005,mod,,,,7.628439122684647,14.175193808449018,1.8582037007146488,6363,51612,393719.0,10370715.0,148.7821888289982,100.0,0.005
S1,A1ZJ41O,PH,PH_threshold=200_delta=5,mod,,,,286.9406741118804,1016.7006609461638,3.5432434390592684,1777,79156,22713076.0,81821992600.0,77.04519991900088,200.0,5.0
S1,A0NVTRV,KSWIN,KSWIN_alpha=0.005_window_size=100,mod,0.005,100.0,1.0,7.330108496624853,12.669509295848853,1.7284204322054066,2907,36591,268216.0,5873458.0,300.16459194199706,,
S1,AIFDJZB,PH,PH_threshold=500_delta=2,mod,,,,299.34071412385487,1050.424373969902,3.509126304600448,4165,123564,36987736.0,136339450678.0,275.67431460199987,500.0,2.0
S1,A0NVTRV,PH,PH_threshold=200_delta=0.5,mod,,,,205.67505670793363,963.6829504287232,4.685463399663428,1823,36591,7525856.0,33981506576.0,96.28946073599946,200.0,0.5
S1,AMV7EQF,KSWIN,KSWIN_alpha=0.01_window_size=300,mod,0.01,300.0,1.0,559.5864360926805,1679.0844167952869,3.0005809799814225,2550,85757,47988454.0,241776809322.0,135.1396920169991,,
S1,A0NVTRV,ADWIN,ADWIN_delta=0.01,mod,,,,7.089666857970539,12.132263726358133,1.7112600590983291,3597,36591,259418.0,5385896.0,82.03899069000181,,0.01
S1,A3OU183,KSWIN,KSWIN_alpha=1e-05_window_size=300,mod,1e-05,300.0,1.0,95.58975748543558,236.2238724693177,2.471225774427869,197,7381,705548.0,411872480.0,53.88661372500064,,
S1,ATHKM6V,PH,PH_threshold=500_delta=5,mod,,,,231.58263012968555,507.0305233535619,2.189415169305342,454,45032,10428629.0,11576824381.0,88.02872169899638,500.0,5.0
S1,ASFODQR,PH,PH_threshold=200_delta=2,mod,,,,422.4531611043196,1278.3410426935689,3.0259947383324186,7841,141517,59784304.0,231260829382.0,150.84352407300003,200.0,2.0
S1,AKXN5ZZ,KSWIN,KSWIN_alpha=1e-05_window_size=1000,mod,1e-05,1000.0,1.0,347.3976503920084,814.9117814151072,2.3457607744196003,730,81886,28447004.0,54378954084.0,222.8352943320024,,
S1,AKXN5ZZ,PH,PH_threshold=25_delta=0.005,mod,,,,8.700009769679799,16.641254633810338,1.912785740977716,20736,81886,712409.0,22676801.0,290.3458560090003,25.0,0.005
S1,AZIK4ZA,ADWIN,ADWIN_delta=0.01,mod,,,,12.280790138370303,19.524782286245348,1.5898636868031637,8040,72848,894631.0,27770905.0,88.90771697299715,,0.01
S1,A1ZJ41O,PH,PH_threshold=50_delta=2,mod,,,,220.6732780837839,931.0594739594912,4.219176340897932,7305,79156,17467614.0,68618099772.0,98.60200801099928,50.0,2.0
S1,APGIB2T,PH,PH_threshold=100_delta=0.005,mod,,,,16.89888903584182,96.12963826793828,5.688518225313596,2240,15122,255545.0,139741001.0,40.58289434100152,100.0,0.005
S1,A4E0D03,PH,PH_threshold=50_delta=5,mod,,,,409.0227332221932,1227.3748881621248,3.0007498079461974,3864,72581,29687279.0,109339583295.0,163.43241588300225,50.0,5.0
S1,AOYM4KG,KSWIN,KSWIN_alpha=0.005_window_size=300,mod,0.005,300.0,1.0,119.86711649683282,252.5076295915192,2.1065629754945427,429,14524,1740950.0,926051736.0,22.412519706998864,,
S1,A1K5DRI,ADWIN,ADWIN_delta=0.002,mod,,,,96.27117345501662,787.4389146191986,8.17938419528183,7455,88755,8544548.0,55033429228.0,192.7462771850005,,0.002
S1,A36HR6Y,KSWIN,KSWIN_alpha=0.005_window_size=1000,mod,0.005,1000.0,1.0,306.53650915733306,702.6105029584108,2.292094031115193,372,41606,12753758.0,20539281154.0,42.72705549400053,,
S1,AQC0L71,ADWIN,ADWIN_delta=0.0001,mod,,,,7.371948384096721,12.221730988791904,1.657869853668193,3551,51612,380481.0,7709321.0,100.26920722999785,,0.0001
S1,AMV7EQF,PH,PH_threshold=50_delta=0.5,mod,,,,11.196053966440058,19.565934643586345,1.7475741633824586,16585,85757,960140.0,32829992.0,143.9484828170007,50.0,0.5
S1,A1K5DRI,KSWIN,KSWIN_alpha=0.001_window_size=100,mod,0.001,100.0,1.0,8.63003774435243,13.337597622414831,1.5454854332639585,6572,88755,765959.0,15788761.0,902.6187186120004,,
S1,AFPB8J2,PH,PH_threshold=100_delta=5,mod,,,,275.6249499879971,930.744496237365,3.3768513927273163,2821,74982,20666910.0,64955805660.0,148.4604882950007,100.0,5.0
S1,AQC0L71,PH,PH_threshold=100_delta=2,mod,,,,139.21320623110904,714.1793550136022,5.130112108961752,3374,51612,7185072.0,26324811624.0,142.87312109800405,100.0,2.0
S1,AJMQUVV,KSWIN,KSWIN_alpha=0.01_window_size=1000,mod,0.01,1000.0,1.0,635.1889735704417,1480.5515290112312,2.33088354901526,803,89748,57006940.0,196730562432.0,187.39624325400015,,
S1,AJWW3IY,ADWIN,ADWIN_delta=1e-05,mod,,,,69.06177179882035,502.6356255788049,7.278058649335008,4313,68834,4753798.0,17390398808.0,147.89151054800095,,1e-05
S1,AX6281V,PH,PH_threshold=50_delta=0.5,mod,,,,61.29767400170304,434.6300631777832,7.090482147262353,9615,66939,4103205.0,12644997451.0,99.11374559700198,50.0,0.5
S1,AZIK4ZA,KSWIN,KSWIN_alpha=0.0001_window_size=1000,mod,0.0001,1000.0,1.0,499.601238194597,1103.1021877387443,2.2079652799200646,655,72848,36394951.0,88643955037.0,95.85318308899878,,
S1,AOYM4KG,KSWIN,KSWIN_alpha=0.0001_window_size=300,mod,0.0001,300.0,1.0,99.8320022032498,204.4335319590677,2.047775537375858,412,14524,1449960.0,607002534.0,37.811868491000496,,
S1,ATHKM6V,PH,PH_threshold=500_delta=0.005,mod,,,,495.7507328122224,1433.846667151169,2.892273419380447,1422,45032,22324647.0,92582021241.0,109.1829921259996,500.0,0.005
S1,AV2GF3B,ADWIN,ADWIN_delta=0.01,mod,,,,72.12211525781353,261.94886970345186,3.632018677864179,771,7583,546902.0,520324306.0,21.46363395499793,,0.01
S1,AYWIEKR,ADWIN,ADWIN_delta=1e-05,mod,,,,417.1888026154475,1534.0395810014695,3.677087139885445,5488,85645,35730135.0,201546446013.0,133.6020180150008,,1e-05
S1,AX6281V,PH,PH_threshold=25_delta=0.5,mod,,,,10.84590448019839,19.67308671908867,1.8138723934925167,13487,66939,726014.0,25907424.0,114.67133390399977,25.0,0.5
S1,A1ZJ41O,PH,PH_threshold=500_delta=0.5,mod,,,,236.3190535145788,783.7924895312606,3.3166707376090074,2364,79156,18706071.0,48627958249.0,78.11029389699979,500.0,0.5
S1,AV2GF3B,KSWIN,KSWIN_alpha=0.0001_window_size=1000,mod,0.0001,1000.0,1.0,106.02360543320586,218.6452288989381,2.0622315946110987,68,7583,803977.0,362510897.0,27.39646389099653,,
S1,AHYIJDV,PH,PH_threshold=50_delta=0.005,mod,,,,12.578281900113208,22.511273686581863,1.7896938441472885,12909,68017,855537.0,34468121.0,220.5307950150018,50.0,0.005
S1,ATHKM6V,KSWIN,KSWIN_alpha=0.0001_window_size=100,mod,0.0001,100.0,1.0,253.70307781133417,1725.4479965875162,6.801052677297997,3066,45032,11424757.0,134067954967.0,650.6710997860064,,
S1,A36HR6Y,PH,PH_threshold=50_delta=5,mod,,,,314.77253280776813,896.5575877208297,2.848271352406591,2666,41606,13096426.0,33443548030.0,47.062576022999565,50.0,5.0
S1,AAXAA7Z,PH,PH_threshold=200_delta=5,mod,,,,244.18966050135836,717.7311678232181,2.93923651947264,2298,61473,15011071.0,31667080073.0,153.4111141300018,200.0,5.0
S1,A3OU183,ADWIN,ADWIN_delta=0.002,mod,,,,10.967755046741631,19.76932067199076,1.802494730028088,583,7381,80953.0,2884687.0,16.867670101004478,,0.002
S1,AAXAA7Z,PH,PH_threshold=200_delta=0.005,mod,,,,139.80487368438176,618.6956644685785,4.425422720708025,5465,61473,8594225.0,23530900825.0,177.35495379200438,200.0,0.005
S1,AA2KP1S,PH,PH_threshold=25_delta=0.005,mod,,,,7.723607914166761,16.131389508718144,2.088582135187067,19649,79503,614050.0,20688408.0,307.86062157999913,25.0,0.005
S1,AX6281V,PH,PH_threshold=500_delta=0.005,mod,,,,265.7465901791183,990.3256831209212,3.7265790784123434,2217,66939,17788811.0,65650086787.0,68.15285368300101,500.0,0.005
S1,AFPB8J2,KSWIN,KSWIN_alpha=0.01_window_size=1000,mod,0.01,1000.0,1.0,279.6314848897069,806.7733144261005,2.8851304592696723,680,74982,20967328.0,48804522668.0,175.2134760029985,,
S1,A0VFT1N,PH,PH_threshold=50_delta=5,mod,,,,372.3268265025109,1151.4110645029689,3.0924740914289286,5184,86422,32177229.0,114573745213.0,227.97948340999935,50.0,5.0
S1,A4E0D03,ADWIN,ADWIN_delta=0.05,mod,,,,10.666317631336025,17.694862001414062,1.6589475968190972,8568,72581,774172.0,22725702.0,212.5896492030006,,0.05
S1,AUY8KYW,PH,PH_threshold=50_delta=0.005,mod,,,,15.449831466782646,25.8395049337706,1.672478110154528,20066,91970,1420921.0,61406531.0,345.2602357379992,50.0,0.005
S1,AQC0L71,KSWIN,KSWIN_alpha=1e-05_window_size=300,mod,1e-05,300.0,1.0,425.347690459583,1245.361847757182,2.927867896523862,1365,51612,21953045.0,80046399517.0,396.3826834300053,,
S1,A36HR6Y,PH,PH_threshold=100_delta=0.5,mod,,,,10.215473729750515,16.669555502815395,1.6317946620790242,5252,41606,425025.0,11561229.0,56.02552757800004,100.0,0.5
S1,A3OU183,KSWIN,KSWIN_alpha=0.005_window_size=100,mod,0.005,100.0,1.0,36.00325159192521,199.0225226034853,5.52790411430844,594,7381,265740.0,292361148.0,49.70052382400172,,
S1,A4G0044,PH,PH_threshold=500_delta=2,mod,,,,112.3628736662051,261.16970562067564,2.324341636157589,394,12277,1379479.0,837409445.0,11.703049406998616,500.0,2.0
S1,AYEFCWQ,PH,PH_threshold=500_delta=0.005,mod,,,,593.4325780867864,2040.565539529392,3.438580244630536,4885,114488,67940909.0,476717467175.0,117.72444966900002,500.0,0.005
S1,AA2KP1S,PH,PH_threshold=100_delta=5,mod,,,,276.0982730211439,1132.1953851528356,4.100697091524839,2970,79503,21950641.0,101912223617.0,176.80100131200015,100.0,5.0
S1,AZIK4ZA,KSWIN,KSWIN_alpha=0.01_window_size=300,mod,0.01,300.0,1.0,528.3911294750714,1503.2919833168328,2.845036374494541,2177,72848,38492237.0,164628232667.0,110.58757741500084,,
S1,A1ZJ41O,ADWIN,ADWIN_delta=0.002,mod,,,,143.91189549749862,771.4051088485564,5.360259526718307,7094,79156,11391490.0,47103031786.0,88.84866003800016,,0.002
S1,A3OU183,KSWIN,KSWIN_alpha=0.01_window_size=1000,mod,0.01,1000.0,1.0,68.50738382333017,144.43240759294443,2.108275043248083,67,7381,505653.0,153972977.0,9.24918766599876,,
S1,AFPB8J2,PH,PH_threshold=500_delta=0.5,mod,,,,279.9810087754394,992.3243103318172,3.5442557860333928,2361,74982,20993536.0,73835340530.0,133.9060996650005,500.0,0.5
S1,AIFDJZB,PH,PH_threshold=100_delta=0.005,mod,,,,15.368116927260369,25.772020322393185,1.6769797135443512,17899,123564,1898946.0,82070842.0,365.2175657699999,100.0,0.005
S1,ATHKM6V,KSWIN,KSWIN_alpha=0.01_window_size=300,mod,0.01,300.0,1.0,519.2088514833896,1757.8015191155407,3.385538428502265,1341,45032,23381013.0,139142853845.0,164.50339361200167,,
S1,ASFODQR,ADWIN,ADWIN_delta=0.01,mod,,,,123.12260011164736,850.1139252538607,6.904613161864506,14619,141517,17423941.0,102273442349.0,185.767982,,0.01
S1,AJWW3IY,KSWIN,KSWIN_alpha=0.005_window_size=1000,mod,0.005,1000.0,1.0,374.7706366040038,1118.841243162834,2.98540262732761,625,68834,25796962.0,86166795440.0,157.74651973100117,,
S1,AQC0L71,PH,PH_threshold=50_delta=2,mod,,,,7.534003720065101,13.414505059134855,1.7805280641697032,5257,51612,388845.0,9287525.0,137.87178867700277,50.0,2.0
S1,AIFDJZB,PH,PH_threshold=50_delta=0.5,mod,,,,14.61947654656696,22.95557576656269,1.5702050407511523,22125,123564,1806441.0,65113095.0,430.313237241,50.0,0.5
S1,A0VFT1N,KSWIN,KSWIN_alpha=0.005_window_size=1000,mod,0.005,1000.0,1.0,461.0002661359376,1246.995528215076,2.70497789224132,782,86422,39840565.0,134386023967.0,188.820774754,,
S1,AIFDJZB,PH,PH_threshold=50_delta=5,mod,,,,322.8036159399178,1332.7950086290025,4.12881065395832,9382,123564,39886906.0,219491988998.0,303.035858081,50.0,5.0
S1,AOYM4KG,PH,PH_threshold=25_delta=2,mod,,,,27.133365464059487,82.49428637484313,3.0403263643838807,2592,14524,394085.0,98840283.0,21.94649556999866,25.0,2.0
S1,AMV7EQF,PH,PH_threshold=50_delta=2,mod,,,,108.4981284326644,655.6963136606906,6.043388242108027,11735,85757,9304474.0,36870163544.0,135.34209273600027,50.0,2.0
S1,AV2GF3B,Sem detector (HT),HT,mod,,,,13.133324541738098,17.042213183713248,1.2976313141088218,0,7583,99590.0,2202384.0,17.519531801000994,,
S1,APGIB2T,ADWIN,ADWIN_delta=1e-05,mod,,,,98.1651236608914,308.07709923685746,3.138355943003759,902,15122,1484453.0,1435251689.0,19.31937452100101,,1e-05
S1,AHYIJDV,PH,PH_threshold=500_delta=0.005,mod,,,,423.6461031800873,1366.996712735329,3.2267420908017503,2379,68017,28815137.0,127102008419.0,140.3274681979965,500.0,0.005
S1,A7EM0B6,PH,PH_threshold=50_delta=5,mod,,,,466.8642225031605,1242.4968769467805,2.66136666092114,4208,63280,29543168.0,97691568398.0,71.66163936099838,50.0,5.0
S1,AKXN5ZZ,KSWIN,KSWIN_alpha=0.001_window_size=1000,mod,0.001,1000.0,1.0,420.8679994138192,958.662521634254,2.277822317138556,740,81886,34463197.0,75256004235.0,162.63560797199898,,
S1,A1K5DRI,PH,PH_threshold=25_delta=5,mod,,,,129.11447242408877,664.2056977244624,5.144316398109234,7229,88755,11459555.0,39155973135.0,218.85926274700068,25.0,5.0
S1,AUY8KYW,PH,PH_threshold=200_delta=5,mod,,,,480.20196803305424,1151.6837517537076,2.3983320111558406,3633,91970,44164175.0,121986751429.0,212.30417179799952,200.0,5.0
S1,A0NVTRV,PH,PH_threshold=50_delta=0.5,mod,,,,6.720259080101664,12.631311331871622,1.8795869595671209,4635,36591,245901.0,5838095.0,113.95900867299495,50.0,0.5
S1,AA2KP1S,PH,PH_threshold=500_delta=0.005,mod,,,,289.9296127190169,909.3886488472776,3.136584222352633,2827,79503,23050274.0,65748004278.0,185.79492607800057,500.0,0.005
S1,AMV7EQF,KSWIN,KSWIN_alpha=1e-05_window_size=1000,mod,1e-05,1000.0,1.0,461.7457233811817,1073.564639737114,2.325012632224991,758,85757,39597928.0,98838461598.0,136.96343943400095,,
S1,AA2KP1S,KSWIN,KSWIN_alpha=0.0001_window_size=100,mod,0.0001,100.0,1.0,7.503477856181528,11.882619520434934,1.58361492473064,5490,79503,596549.0,11225557.0,1082.751481465002,,
S1,A4G0044,Sem detector (HT),HT,mod,,,,14.01295104667264,20.63127892581672,1.472300792110138,0,12277,172037.0,5225701.0,12.115263804997085,,
S1,AJWW3IY,KSWIN,KSWIN_alpha=0.001_window_size=300,mod,0.001,300.0,1.0,438.7257169422088,1448.119172516476,3.300739201270095,2004,68834,30199246.0,144348280352.0,254.0350628839988,,
S1,AA2KP1S,ADWIN,ADWIN_delta=0.0001,mod,,,,7.248871111781946,11.552773415436574,1.593734146639645,5522,79503,576307.0,10610993.0,185.6849851219995,,0.0001
S1,AOYM4KG,PH,PH_threshold=25_delta=5,mod,,,,110.79585513632608,221.85885984211535,2.002411187396266,2019,14524,1609199.0,714890941.0,20.01060759699976,25.0,5.0
S1,A3OU183,PH,PH_threshold=200_delta=0.005,mod,,,,27.432732692047143,140.82912350371862,5.133616292792643,634,7381,202481.0,146386207.0,19.898091773000488,200.0,0.005
S1,AJMQUVV,PH,PH_threshold=100_delta=5,mod,,,,289.0105183402416,890.9362795300364,3.08271229935365,3824,89748,25938116.0,71239041478.0,194.1227170510001,100.0,5.0
S1,AFPB8J2,PH,PH_threshold=500_delta=5,mod,,,,341.7986450081353,951.6567562202237,2.7842613483665883,875,74982,25628746.0,67907491914.0,155.14979165200202,500.0,5.0
S1,A4E0D03,KSWIN,KSWIN_alpha=0.005_window_size=1000,mod,0.005,1000.0,1.0,803.8463785288161,1830.5020474198752,2.277178944029112,657,72581,58343974.0,243199896314.0,168.19395445400005,,
S1,AFPB8J2,KSWIN,KSWIN_alpha=0.005_window_size=1000,mod,0.005,1000.0,1.0,637.358646075058,1446.0742777635485,2.2688548851869696,678,74982,47790426.0,156797170906.0,168.45212981700024,,
S1,AA2KP1S,ADWIN,ADWIN_delta=0.05,mod,,,,7.234154685986691,12.770661015604976,1.7653287177205474,9446,79503,575137.0,12966127.0,218.4235201539996,,0.05
S1,AX6281V,PH,PH_threshold=100_delta=0.5,mod,,,,48.174965266884776,324.5765646335644,6.737453007707234,6274,66939,3224784.0,7052020056.0,88.57995933799975,100.0,0.5
S1,AIFDJZB,KSWIN,KSWIN_alpha=1e-05_window_size=300,mod,1e-05,300.0,1.0,822.9568887378201,1983.6040199696004,2.410337706768431,3406,123564,101687845.0,486185405977.0,808.4746620819999,,
S1,AFPB8J2,KSWIN,KSWIN_alpha=0.005_window_size=100,mod,0.005,100.0,1.0,10.373489637513003,15.445923465618453,1.4889804689988142,5827,74982,777825.0,17888947.0,715.7901633410002,,
S1,AJMQUVV,KSWIN,KSWIN_alpha=0.005_window_size=1000,mod,0.005,1000.0,1.0,669.7317934661496,1375.8963445139375,2.054399026501464,802,89748,60107089.0,169901108707.0,220.52820393899947,,
S1,A3OU183,ADWIN,ADWIN_delta=1e-05,mod,,,,72.62213792169082,267.60617752807104,3.684911862779824,427,7381,536024.0,528576042.0,13.67843911700038,,1e-05
S1,AV2GF3B,ADWIN,ADWIN_delta=0.05,mod,,,,25.954239746802056,107.4842471184036,4.141298229767922,935,7583,196811.0,87605363.0,21.073616268993646,,0.05
S1,AAXAA7Z,KSWIN,KSWIN_alpha=0.0001_window_size=100,mod,0.0001,100.0,1.0,180.57288565711772,924.1810114786924,5.11804974548383,4109,61473,11100357.0,52504737347.0,879.3989308609962,,
S1,AZIK4ZA,KSWIN,KSWIN_alpha=0.0001_window_size=100,mod,0.0001,100.0,1.0,12.537008565780804,19.03143892856323,1.518020732673716,5218,72848,913296.0,26385230.0,496.1578176459989,,
S1,AX6281V,Sem detector (HT),HT,mod,,,,12.902284169168944,23.705832759463267,1.8373361219333768,0,66939,863666.0,37617476.0,153.59309234199827,,
S1,AYEFCWQ,KSWIN,KSWIN_alpha=0.01_window_size=300,mod,0.01,300.0,1.0,715.4776570470268,2406.608561497415,3.363639014850793,3379,114488,81913606.0,663087564790.0,168.40398910600015,,
S1,AIFDJZB,KSWIN,KSWIN_alpha=0.01_window_size=300,mod,0.01,300.0,1.0,856.0830015214788,2195.531436271546,2.564624495953692,3677,123564,105781040.0,595622751456.0,322.291126987,,
S1,AZIK4ZA,PH,PH_threshold=25_delta=2,mod,,,,61.579000109817706,399.297331684248,6.484310089026388,10895,72848,4485907.0,11614765583.0,110.61985438900228,25.0,2.0
S1,APGIB2T,KSWIN,KSWIN_alpha=0.001_window_size=100,mod,0.001,100.0,1.0,31.445774368469777,176.89934592159585,5.62553632321964,1156,15122,475523.0,473218471.0,160.93758097400132,,
S1,AQC0L71,PH,PH_threshold=50_delta=0.5,mod,,,,8.394404402077036,15.588147775830969,1.8569688841740783,8298,51612,433252.0,12541218.0,157.14526634699723,50.0,0.5
S1,AA2KP1S,KSWIN,KSWIN_alpha=0.005_window_size=100,mod,0.005,100.0,1.0,7.546306428688226,11.648111550719772,1.543551359965721,6239,79503,599954.0,10786848.0,788.5904941150002,,
S1,A1ZJ41O,KSWIN,KSWIN_alpha=0.005_window_size=300,mod,0.005,300.0,1.0,582.6225680933852,1624.8677045312838,2.78888562427064,2335,79156,46118072.0,208987279950.0,134.7437824990011,,
S1,A4G0044,PH,PH_threshold=50_delta=0.005,mod,,,,12.532784882300236,22.262986038826675,1.7763798108645572,2848,12277,153865.0,6084979.0,21.11272274500152,50.0,0.005
S1,AYEFCWQ,KSWIN,KSWIN_alpha=1e-05_window_size=1000,mod,1e-05,1000.0,1.0,732.7063535042973,1830.7463570849472,2.498608546696886,1004,114488,83886085.0,383721670059.0,174.1630302780004,,
S1,AUY8KYW,PH,PH_threshold=500_delta=5,mod,,,,426.0436772860716,945.3684382149822,2.218947231506981,1807,91970,39183237.0,82195564881.0,201.8744984189998,500.0,5.0
S1,AV2GF3B,PH,PH_threshold=100_delta=0.5,mod,,,,11.443492021627325,18.73272380931566,1.6369761759707828,1154,7583,86776.0,2660988.0,24.86480039000162,100.0,0.5
S1,AA2KP1S,PH,PH_threshold=100_delta=0.5,mod,,,,7.868445215903803,15.054567028915498,1.913283579643792,7846,79503,625565.0,18018559.0,236.3408260480028,100.0,0.5
S1,AAXAA7Z,PH,PH_threshold=50_delta=5,mod,,,,264.4480178289656,836.152295468427,3.161877719231826,4824,61473,16256413.0,42978888597.0,133.89057240999682,50.0,5.0
S1,AX6281V,PH,PH_threshold=200_delta=0.005,mod,,,,149.8700010457282,712.2943533126358,4.752748037249304,4544,66939,10032148.0,33962388308.0,77.63972131500122,200.0,0.005
S1,AZIK4ZA,KSWIN,KSWIN_alpha=1e-05_window_size=300,mod,1e-05,300.0,1.0,403.0088677794861,1197.8054915812504,2.9721566629066145,2028,72848,29358390.0,104517793508.0,235.0875762930009,,
S1,ATHKM6V,ADWIN,ADWIN_delta=0.05,mod,,,,7.058203055604904,11.822988851205638,1.6750706600622702,5465,45032,317845.0,6294711.0,121.2644603910012,,0.05
S1,A1K5DRI,Sem detector (HT),HT,mod,,,,9.706112331699623,13.657698375528216,1.407123460844661,0,88755,861466.0,16555712.0,346.92151280100006,,
S1,APGIB2T,KSWIN,KSWIN_alpha=0.005_window_size=300,mod,0.005,300.0,1.0,143.77377331040867,353.99697011025734,2.4621804238661467,443,15122,2174147.0,1894996113.0,59.24788148399966,,
S1,AYEFCWQ,PH,PH_threshold=200_delta=2,mod,,,,365.7220407378939,1496.395374318876,4.091619338281322,6341,114488,41870785.0,256361428425.0,136.23957692099975,200.0,2.0
S1,A0VFT1N,PH,PH_threshold=50_delta=0.005,mod,,,,10.010738006526116,17.086382255671733,1.70680545675383,16414,86422,865148.0,25230424.0,286.9283401779994,50.0,0.005
S1,A0NVTRV,PH,PH_threshold=500_delta=0.005,mod,,,,443.385477303162,1306.6618836079376,2.947011010724909,1055,36591,16223918.0,62474202890.0,76.06477365400497,500.0,0.005
S1,APGIB2T,KSWIN,KSWIN_alpha=0.001_window_size=300,mod,0.001,300.0,1.0,129.29817484459727,334.1897606523144,2.5846440682861545,439,15122,1955247.0,1688867243.0,58.05762884399883,,
S1,AJWW3IY,PH,PH_threshold=500_delta=0.005,mod,,,,170.7661475433652,648.6270945474282,3.798335348536879,2415,68834,11754517.0,28959641397.0,157.34450620600182,500.0,0.005
S1,AJWW3IY,PH,PH_threshold=50_delta=0.5,mod,,,,8.834311532091698,15.862776221887234,1.795587144992996,10535,68834,608101.0,17320539.0,201.48979097699703,50.0,0.5
S1,AUY8KYW,PH,PH_threshold=50_delta=5,mod,,,,290.2299445471349,815.0139318445996,2.80816623907061,8332,91970,26692448.0,61090861806.0,207.8055413840002,50.0,5.0
S1,AZIK4ZA,PH,PH_threshold=50_delta=2,mod,,,,155.937815725895,691.3306495168171,4.433373946522549,8391,72848,11359758.0,34816832302.0,104.26318064700172,50.0,2.0
S1,AJMQUVV,KSWIN,KSWIN_alpha=0.005_window_size=100,mod,0.005,100.0,1.0,222.93831617417655,2031.815499422378,9.11380122668087,7052,89748,20008268.0,370504355028.0,729.982191178,,
S1,AZIK4ZA,KSWIN,KSWIN_alpha=0.001_window_size=1000,mod,0.001,1000.0,1.0,370.9588595431584,817.2327383325816,2.2030279566284423,660,72848,27023611.0,48652946307.0,76.14836811500209,,
S1,A1K5DRI,KSWIN,KSWIN_alpha=0.01_window_size=300,mod,0.01,300.0,1.0,612.0439299194412,1771.0434427056414,2.8936541253480788,2604,88755,54321959.0,278388478215.0,322.12330487800136,,
S1,AAXAA7Z,PH,PH_threshold=200_delta=0.5,mod,,,,191.3618499178501,786.5677866357181,4.110368848197195,4841,61473,11763587.0,38032661703.0,153.2907995209971,200.0,0.5
S1,ATHKM6V,PH,PH_threshold=500_delta=0.5,mod,,,,213.22408509504356,712.312452697105,3.340675385614132,1219,45032,9601907.0,22848742811.0,94.52333148999604,500.0,0.5
S1,A36HR6Y,KSWIN,KSWIN_alpha=0.001_window_size=1000,mod,0.001,1000.0,1.0,174.36516367831564,461.6223744353598,2.6474461107781933,370,41606,7254637.0,8866039581.0,46.85255807299836,,
S1,ATHKM6V,PH,PH_threshold=200_delta=2,mod,,,,475.1191819150826,1460.0792299624736,3.0730799461248264,1657,45032,21395567.0,96000629703.0,98.47712396000134,200.0,2.0
S1,AHYIJDV,PH,PH_threshold=100_delta=5,mod,,,,308.56904891424205,984.8397618091492,3.1916349526126884,2350,68017,20987941.0,65970324697.0,146.7421848810045,100.0,5.0
S1,AX6281V,PH,PH_threshold=200_delta=5,mod,,,,429.58690748293225,981.841057079158,2.285546975423517,1477,66939,28756118.0,64529989988.0,65.65626826800144,200.0,5.0
S1,ASFODQR,KSWIN,KSWIN_alpha=0.0001_window_size=300,mod,0.0001,300.0,1.0,879.8127009475893,2169.695099531889,2.4660874947532023,3928,141517,124508454.0,666202149534.0,439.368249394,,
S1,AHYIJDV,ADWIN,ADWIN_delta=0.05,mod,,,,12.016657600305804,20.919136196313318,1.7408448249187822,8174,68017,817337.0,29764937.0,200.741330537996,,0.05
S1,AIFDJZB,PH,PH_threshold=100_delta=5,mod,,,,465.73514939626426,1553.30405134716,3.3351660345170835,6861,123564,57548098.0,298129470500.0,279.2724745759999,100.0,5.0
S1,ASFODQR,PH,PH_threshold=100_delta=0.5,mod,,,,40.14957213620978,259.40368908432066,6.460932838942303,17067,141517,5681847.0,9522717693.0,189.858186125,100.0,0.5
S1,ASFODQR,PH,PH_threshold=200_delta=0.005,mod,,,,168.09296409618634,901.4378076963802,5.362733726204974,12391,141517,23788012.0,114995316174.0,172.90059287300005,200.0,0.005
S1,AQC0L71,KSWIN,KSWIN_alpha=0.001_window_size=300,mod,0.001,300.0,1.0,680.3990544834535,1672.1891326375635,2.4576594009335584,1476,51612,35116756.0,144318325756.0,212.0574612179989,,
S1,AYWIEKR,KSWIN,KSWIN_alpha=0.001_window_size=1000,mod,0.001,1000.0,1.0,619.2374335921537,1320.3960822772303,2.132293706176165,771,85645,53034590.0,149317416748.0,236.9057297170002,,
S1,AX6281V,KSWIN,KSWIN_alpha=0.005_window_size=1000,mod,0.005,1000.0,1.0,300.6413451052451,672.3980239418282,2.236545421610068,606,66939,20124631.0,30264400609.0,75.09124476500074,,
S1,AQC0L71,PH,PH_threshold=200_delta=2,mod,,,,260.6114081996435,986.0093333278314,3.783446550323272,2137,51612,13450676.0,50177929892.0,103.08485254600237,200.0,2.0
S1,AUY8KYW,KSWIN,KSWIN_alpha=0.01_window_size=300,mod,0.01,300.0,1.0,380.8781341741872,1077.3279971682985,2.828537268237098,2738,91970,35029362.0,106743657372.0,278.05737482899985,,
S1,AJWW3IY,KSWIN,KSWIN_alpha=0.01_window_size=300,mod,0.01,300.0,1.0,308.4871720370747,1047.4297682784463,3.395375442556697,2046,68834,21234406.0,75518409130.0,242.0504559110013,,
S1,AX6281V,PH,PH_threshold=500_delta=2,mod,,,,408.57181911889927,901.140626618714,2.205586837981284,1392,66939,27349389.0,54358111419.0,64.94219457500003,500.0,2.0
S1,A0NVTRV,PH,PH_threshold=200_delta=5,mod,,,,613.6045475663415,1452.339141218598,2.3668976166796982,605,36591,22452404.0,77180993108.0,77.16358862000197,200.0,5.0
S1,AYEFCWQ,PH,PH_threshold=100_delta=2,mod,,,,148.06868842149396,913.202978265108,6.167428022767206,9928,114488,16952088.0,95476086028.0,139.2143343809994,100.0,2.0
S1,A4E0D03,KSWIN,KSWIN_alpha=0.005_window_size=100,mod,0.005,100.0,1.0,10.071106763478046,15.99682349187585,1.5883878373613194,5574,72581,730971.0,18573359.0,736.346726505999,,
S1,AHYIJDV,KSWIN,KSWIN_alpha=0.0001_window_size=300,mod,0.0001,300.0,1.0,419.3517355955129,1202.1274185510028,2.866632748863877,1901,68017,28523047.0,98292069345.0,388.9241462509963,,
S1,AQC0L71,PH,PH_threshold=25_delta=5,mod,,,,261.9521235371619,881.0632009138136,3.3634512636001643,3822,51612,13519873.0,40064969251.0,95.3481623330008,25.0,5.0
S1,AKXN5ZZ,KSWIN,KSWIN_alpha=0.001_window_size=300,mod,0.001,300.0,1.0,548.1558141806902,1666.6433923347847,3.0404555588375173,2412,81886,44886287.0,227454758349.0,291.1866117589998,,
S1,A3OU183,PH,PH_threshold=500_delta=5,mod,,,,93.46118412139276,226.82099278786444,2.4269004819504136,148,7381,689837.0,379735937.0,14.027929392999797,500.0,5.0
S1,A4G0044,PH,PH_threshold=100_delta=2,mod,,,,133.92742526675897,291.783593003802,2.1786694728329343,1389,12277,1644227.0,1045235115.0,15.222464106998814,100.0,2.0
S1,A36HR6Y,KSWIN,KSWIN_alpha=0.0001_window_size=100,mod,0.0001,100.0,1.0,215.4976686054896,1014.2393746592876,4.706498131615754,2926,41606,8965996.0,42799322868.0,271.4471753129983,,
S1,A1ZJ41O,PH,PH_threshold=100_delta=0.005,mod,,,,10.116226186265097,17.673633461263094,1.7470579577648002,9182,79156,800760.0,24724956.0,105.5652006149994,100.0,0.005
S1,ASFODQR,KSWIN,KSWIN_alpha=1e-05_window_size=1000,mod,1e-05,1000.0,1.0,637.8812934135121,1608.9716273879706,2.5223684155681,1237,141517,90271047.0,366357751655.0,245.145477001,,
S1,AJWW3IY,KSWIN,KSWIN_alpha=1e-05_window_size=1000,mod,1e-05,1000.0,1.0,330.20334427753727,796.3699840585583,2.41175626431332,611,68834,22729217.0,43654877399.0,240.5219200979991,,
S1,AYEFCWQ,KSWIN,KSWIN_alpha=0.005_window_size=1000,mod,0.005,1000.0,1.0,622.8147753476347,1446.7925119808226,2.322990027289045,1026,114488,71304818.0,239647263074.0,114.2025538050002,,
S1,A4G0044,PH,PH_threshold=100_delta=0.5,mod,,,,76.94575221959762,231.8295492114728,3.012896001716222,1849,12277,944663.0,659826627.0,17.23812820299645,100.0,0.5
S1,A4E0D03,ADWIN,ADWIN_delta=1e-05,mod,,,,10.005910637770215,25.672982641745605,2.5657817235380334,4509,72581,726239.0,47838285.0,161.85080508399915,,1e-05
S1,ASFODQR,KSWIN,KSWIN_alpha=0.0001_window_size=1000,mod,0.0001,1000.0,1.0,536.0835588657193,1300.173474277575,2.4253186891770517,1258,141517,75864937.0,239227563113.0,185.307003921,,
S1,AOYM4KG,PH,PH_threshold=50_delta=5,mod,,,,145.61931974662627,261.28298305126464,1.7942878974156042,1748,14524,2114975.0,991536011.0,18.67573211600029,50.0,5.0
S1,AQC0L71,PH,PH_threshold=500_delta=2,mod,,,,572.8701271022243,1267.4579201311824,2.212469912757406,1074,51612,29566973.0,82912075687.0,123.8973952380038,500.0,2.0
S1,AX6281V,PH,PH_threshold=25_delta=2,mod,,,,61.44032626719849,434.6365941470534,7.074125750193084,8525,66939,4112754.0,12645377474.0,95.04982471100084,25.0,2.0
S1,A1K5DRI,PH,PH_threshold=200_delta=0.5,mod,,,,352.19375809813533,1468.467141225654,4.169486560907419,5586,88755,31258957.0,191390904335.0,200.59697246200085,200.0,0.5
S1,AIFDJZB,KSWIN,KSWIN_alpha=0.005_window_size=300,mod,0.005,300.0,1.0,816.0090884076268,2068.744760782716,2.5351981861129724,3653,123564,100829347.0,528817454443.0,377.074982358,,
S1,AV2GF3B,PH,PH_threshold=100_delta=2,mod,,,,43.48437293946986,161.02188835560742,3.702982875704554,855,7583,329742.0,196612392.0,22.24822432300425,100.0,2.0
S1,A1ZJ41O,KSWIN,KSWIN_alpha=0.005_window_size=1000,mod,0.005,1000.0,1.0,586.2938880185961,1419.694575478164,2.4214725831034656,715,79156,46408679.0,159541505423.0,81.6041704829986,,
S1,AZIK4ZA,KSWIN,KSWIN_alpha=0.005_window_size=1000,mod,0.005,1000.0,1.0,405.2152838787613,871.3046317118872,2.150226475595076,662,72848,29519123.0,55304144463.0,72.29202772099961,,
S1,ATHKM6V,PH,PH_threshold=200_delta=5,mod,,,,519.3970953988274,1349.4892064795072,2.5981839683629344,862,45032,23389490.0,82008726204.0,93.27486234200478,200.0,5.0
S1,A0VFT1N,PH,PH_threshold=25_delta=0.5,mod,,,,10.761009928027583,18.565060600153235,1.7252154513675906,18165,86422,929988.0,29786334.0,327.79629940999985,25.0,0.5
S1,A4G0044,PH,PH_threshold=25_delta=2,mod,,,,46.39317422823165,163.49212494974554,3.5240555894159025,2408,12277,569569.0,328160219.0,19.80622528300228,25.0,2.0
S1,A1ZJ41O,PH,PH_threshold=200_delta=0.5,mod,,,,179.8268987821517,1102.0642992895462,6.128473030192351,4784,79156,14234378.0,96138580994.0,86.94706350499837,200.0,0.5
S1,A1ZJ41O,PH,PH_threshold=50_delta=5,mod,,,,373.4087624437819,1371.617255348238,3.6732326428862,3835,79156,29557544.0,148918865806.0,85.22183580199999,50.0,5.0
S1,AV2GF3B,KSWIN,KSWIN_alpha=0.001_window_size=100,mod,0.001,100.0,1.0,66.9843070025056,262.8277776846829,3.9237216811820064,605,7583,507942.0,523821816.0,61.83876898499875,,
S1,AYWIEKR,PH,PH_threshold=50_delta=5,mod,,,,376.3094751590869,1063.8953549576322,2.8271819478047013,5104,85645,32229025.0,96939291031.0,224.5964607269998,50.0,5.0
S1,A7EM0B6,KSWIN,KSWIN_alpha=0.0001_window_size=100,mod,0.0001,100.0,1.0,125.4225663716814,851.3767699212657,6.788066889001995,4504,63280,7936740.0,45868027348.0,429.5758810040024,,
S1,AHYIJDV,PH,PH_threshold=50_delta=5,mod,,,,296.990311245718,1123.361337709968,3.7824847989082833,3499,68017,20200390.0,85833420256.0,159.513974513,50.0,5.0
S1,A7EM0B6,KSWIN,KSWIN_alpha=0.01_window_size=1000,mod,0.01,1000.0,1.0,629.5334860935525,1521.0241647697535,2.41611319869285,575,63280,39836879.0,146399198181.0,62.77892606300156,,
S1,AA2KP1S,ADWIN,ADWIN_delta=0.01,mod,,,,7.176974453794196,12.214867418471671,1.7019521940772873,7761,79503,570591.0,11862085.0,189.047143030999,,0.01
S1,A3OU183,KSWIN,KSWIN_alpha=0.01_window_size=300,mod,0.01,300.0,1.0,128.6214605067064,330.7905023663237,2.571814229625204,220,7381,949355.0,807646413.0,25.55826279800385,,
S1,A3OU183,PH,PH_threshold=25_delta=2,mod,,,,9.43869394391004,16.47712343834934,1.7456995148127017,1291,7381,69667.0,2003909.0,26.292593480000505,25.0,2.0
S1,AMV7EQF,KSWIN,KSWIN_alpha=0.0001_window_size=100,mod,0.0001,100.0,1.0,11.333442167986286,17.846155837314434,1.574645687761543,6013,85757,971922.0,27312342.0,596.6700492979999,,
S1,AYWIEKR,KSWIN,KSWIN_alpha=1e-05_window_size=300,mod,1e-05,300.0,1.0,392.0669040807986,1268.2620381160086,3.234810245178564,2307,85645,33578570.0,137759005918.0,678.1541783970024,,
S1,A0NVTRV,PH,PH_threshold=200_delta=0.005,mod,,,,114.69528026017326,620.3123025178724,5.408350728214484,2236,36591,4196815.0,14079754021.0,95.81575450699891,200.0,0.005
S1,AKXN5ZZ,PH,PH_threshold=200_delta=5,mod,,,,537.461263219598,1193.890518686852,2.22135175200347,1749,81886,44010553.0,116718222089.0,196.4963953159968,200.0,5.0
S1,ATHKM6V,PH,PH_threshold=25_delta=0.5,mod,,,,69.44621602416059,448.6593511828342,6.460529844084578,8424,45032,3127302.0,9064726050.0,149.49643972399645,25.0,0.5
S1,ATHKM6V,KSWIN,KSWIN_alpha=0.001_window_size=1000,mod,0.001,1000.0,1.0,457.9274071771185,1334.9947929809966,2.9152978661192983,410,45032,20621387.0,80256530133.0,66.57902734000527,,
S1,APGIB2T,PH,PH_threshold=200_delta=0.005,mod,,,,23.50456288850681,118.80323245292774,5.054475295561432,1325,15122,355436.0,213435054.0,42.47520595599781,200.0,0.005
S1,AHYIJDV,PH,PH_threshold=25_delta=0.005,mod,,,,11.69453224929062,20.696058676941327,1.7697209461453007,17149,68017,795427.0,29133507.0,280.98580693799886,25.0,0.005
S1,A0VFT1N,PH,PH_threshold=100_delta=0.005,mod,,,,10.143331559093747,17.003852408702624,1.676357743966108,10817,86422,876607.0,24987279.0,250.51051182099943,100.0,0.005
S1,A1ZJ41O,PH,PH_threshold=500_delta=2,mod,,,,243.46629440598312,842.2834491049382,3.459548481484751,1644,79156,19271818.0,56156544142.0,75.92776973699984,500.0,2.0
S1,A3OU183,PH,PH_threshold=200_delta=0.5,mod,,,,27.64137650724834,141.97840074561367,5.136444659634913,550,7381,204021.0,148785211.0,19.3631707750028,200.0,0.5
S1,AKXN5ZZ,ADWIN,ADWIN_delta=0.05,mod,,,,8.702439977529737,15.894126485049782,1.8263988635474009,10973,81886,712608.0,20686308.0,252.8265728690021,,0.05
S1,A0VFT1N,KSWIN,KSWIN_alpha=0.01_window_size=300,mod,0.01,300.0,1.0,431.7522852977251,1369.2870772938634,3.171464573371369,2561,86422,37312896.0,162036678280.0,315.0075707520009,,
S1,AKXN5ZZ,PH,PH_threshold=50_delta=5,mod,,,,503.8808831790538,1442.2485923632423,2.862280829675255,4170,81886,41260790.0,170329512944.0,211.623088327,50.0,5.0
S1,APGIB2T,PH,PH_threshold=25_delta=0.005,mod,,,,9.07770136225367,16.64309645772378,1.8334042720250812,4137,15122,137273.0,4188683.0,67.36174622800172,25.0,0.005
S1,A4G0044,KSWIN,KSWIN_alpha=0.01_window_size=1000,mod,0.01,1000.0,1.0,107.1352121853873,219.61780781653596,2.04991247356199,111,12277,1315299.0,592144037.0,11.264104739999311,,
S1,ATHKM6V,PH,PH_threshold=100_delta=2,mod,,,,185.62551074791256,666.642800373712,3.59133180395146,2663,45032,8359088.0,20012789252.0,118.24970911499986,100.0,2.0
S1,APGIB2T,KSWIN,KSWIN_alpha=0.01_window_size=300,mod,0.01,300.0,1.0,153.93592117444783,365.4484019930084,2.374029396159355,446,15122,2327819.0,2019581427.0,36.14125203200092,,
S1,AOYM4KG,PH,PH_threshold=100_delta=0.005,mod,,,,47.51012117873864,154.39948636832128,3.24982303849431,2407,14524,690037.0,346240561.0,20.899818575002428,100.0,0.005
S1,AZIK4ZA,KSWIN,KSWIN_alpha=0.01_window_size=100,mod,0.01,100.0,1.0,11.566851526466069,18.24862083310858,1.5776653475108573,5992,72848,842622.0,24259270.0,288.3335838359999,,
S1,AIFDJZB,PH,PH_threshold=100_delta=0.5,mod,,,,86.79141983101874,660.150486134778,7.606172216332888,15534,123564,10724295.0,53849026161.0,364.58144349200006,100.0,0.5
S1,APGIB2T,PH,PH_threshold=500_delta=0.5,mod,,,,169.4826742494379,403.092710226764,2.3783711934678826,576,15122,2562917.0,2457079011.0,32.046304452000186,500.0,0.5
S1,A36HR6Y,KSWIN,KSWIN_alpha=1e-05_window_size=1000,mod,1e-05,1000.0,1.0,542.3582896697592,1454.7029336349683,2.682180693726898,362,41606,22565359.0,88044978969.0,75.64308467100273,,
S1,A4G0044,KSWIN,KSWIN_alpha=1e-05_window_size=300,mod,1e-05,300.0,1.0,123.40449621242976,272.7841322012878,2.2104877907504634,330,12277,1515037.0,913546091.0,46.0914231429997,,
S1,AYEFCWQ,PH,PH_threshold=25_delta=5,mod,,,,213.152836978548,978.545509277521,4.590816257238008,10636,114488,24403442.0,109628134806.0,151.06139656699995,25.0,5.0
S1,AJMQUVV,PH,PH_threshold=25_delta=2,mod,,,,9.797521950349868,16.945980150433986,1.7296190032857082,14267,89748,879308.0,25772596.0,306.55610009499924,25.0,2.0
S1,AFPB8J2,PH,PH_threshold=100_delta=2,mod,,,,326.6461150676162,1030.954379655361,3.1561813598853057,5350,74982,24492579.0,79695888365.0,177.35589363799954,100.0,2.0
S1,AFPB8J2,PH,PH_threshold=200_delta=0.005,mod,,,,109.53900936224694,484.1433954645076,4.41982630921409,5761,74982,8213454.0,17575392946.0,201.35657087699656,200.0,0.005
S1,APGIB2T,KSWIN,KSWIN_alpha=0.0001_window_size=100,mod,0.0001,100.0,1.0,40.83203279989419,206.74779332870804,5.063372532587792,1065,15122,617462.0,646384598.0,195.5525798270028,,
S1,A4G0044,ADWIN,ADWIN_delta=0.002,mod,,,,61.20925307485542,194.36040180470928,3.175343465913848,968,12277,751466.0,463775532.0,12.483817946998895,,0.002
S1,AIFDJZB,ADWIN,ADWIN_delta=0.0001,mod,,,,394.5123660613124,1723.7331451811754,4.369275321811546,9840,123564,48747526.0,367140270922.0,170.950411744,,0.0001
S1,A1ZJ41O,KSWIN,KSWIN_alpha=0.0001_window_size=100,mod,0.0001,100.0,1.0,231.8879933296276,1997.4167899086624,8.613713721129773,5772,79156,18355326.0,315806621894.0,498.3213865180005,,
S1,AQC0L71,KSWIN,KSWIN_alpha=0.001_window_size=1000,mod,0.001,1000.0,1.0,303.77357978764627,698.140940030029,2.298227977950111,459,51612,15678362.0,25155728652.0,113.21227977299714,,
S1,AMV7EQF,PH,PH_threshold=500_delta=5,mod,,,,718.0325687698963,1788.2602042227877,2.49050012771198,1388,85757,61576319.0,274240128471.0,83.02961430299911,500.0,5.0
S1,AV2GF3B,PH,PH_threshold=200_delta=5,mod,,,,99.81801397863644,235.5565282827375,2.359859897965437,271,7583,756920.0,420756996.0,15.887607762997504,200.0,5.0
S1,AOYM4KG,PH,PH_threshold=200_delta=5,mod,,,,131.35382814651612,218.2305306640389,1.6613945230482192,966,14524,1907783.0,691699175.0,16.148807255001884,200.0,5.0
S1,AAXAA7Z,ADWIN,ADWIN_delta=0.002,mod,,,,220.0262554292128,1006.6929147942888,4.575330852358952,5466,61473,13525674.0,62298620792.0,141.64592250799615,,0.002
S1,AJWW3IY,PH,PH_threshold=25_delta=2,mod,,,,220.9777871400761,831.3228608672409,3.7620200275617375,9313,68834,15210785.0,47571019013.0,175.34884320799756,25.0,2.0
S1,AV2GF3B,PH,PH_threshold=500_delta=0.5,mod,,,,90.6047738362126,243.501457446258,2.687512447042125,324,7583,687056.0,449618514.0,18.818581008003093,500.0,0.5
S1,AOYM4KG,PH,PH_threshold=100_delta=2,mod,,,,131.1679977967502,244.57931553248704,1.8646264305373632,1824,14524,1905084.0,868811760.0,19.29688700800034,100.0,2.0
S1,AQC0L71,KSWIN,KSWIN_alpha=0.0001_window_size=100,mod,0.0001,100.0,1.0,92.13109354413702,618.9852723760314,6.71852735666809,3503,51612,4755070.0,19774764512.0,707.1396381920058,,
S1,AOYM4KG,PH,PH_threshold=100_delta=0.5,mod,,,,56.60616909942165,161.20659531452188,2.847862660187844,2218,14524,822148.0,377443414.0,20.747500921999745,100.0,0.5
S1,AOYM4KG,ADWIN,ADWIN_delta=1e-05,mod,,,,84.1759157256954,194.08816124352865,2.3057445775345644,881,14524,1222571.0,547122193.0,14.019605518999017,,1e-05
S1,A3OU183,PH,PH_threshold=50_delta=0.5,mod,,,,10.699092263920878,18.78858627259506,1.7560916205904034,1395,7381,78970.0,2605574.0,22.981539542000974,50.0,0.5
S1,AQC0L71,ADWIN,ADWIN_delta=0.01,mod,,,,7.269220336355886,11.812695609855842,1.6250292415510457,5119,51612,375179.0,7201927.0,124.7353985669979,,0.01
S1,A4E0D03,KSWIN,KSWIN_alpha=0.01_window_size=1000,mod,0.01,1000.0,1.0,652.3293561675921,1479.1015274350225,2.2674152457658545,660,72581,47346717.0,158788453361.0,139.88197978799872,,
S1,AUY8KYW,PH,PH_threshold=50_delta=0.5,mod,,,,15.766434706969664,26.63843398275923,1.6895661243555289,17764,91970,1450039.0,65262479.0,332.0046861190003,50.0,0.5
S1,AIFDJZB,PH,PH_threshold=500_delta=0.005,mod,,,,258.01212327215046,1265.9848150386017,4.906687325320929,5861,123564,31881010.0,198038191584.0,301.3561424719999,500.0,0.005
S1,A0NVTRV,KSWIN,KSWIN_alpha=0.001_window_size=1000,mod,0.001,1000.0,1.0,314.98707332404143,890.6315543498129,2.8275177928764714,332,36591,11525692.0,29024880080.0,86.662019702002,,
S1,A4G0044,KSWIN,KSWIN_alpha=0.0001_window_size=300,mod,0.0001,300.0,1.0,126.83953734625725,260.8704680012309,2.056696779720071,343,12277,1557209.0,835491605.0,35.99449508700127,,
S1,AURCTAK,PH,PH_threshold=500_delta=2,mod,,,,126.58759742460182,260.12852960528033,2.054929036473879,393,11804,1494240.0,798739520.0,25.665438586001983,500.0,2.0
S1,AJWW3IY,PH,PH_threshold=50_delta=2,mod,,,,326.3334543975361,1099.4295399387556,3.369037176922234,6655,68834,22462837.0,83202774895.0,180.0836725989975,50.0,2.0
S1,A0VFT1N,PH,PH_threshold=25_delta=2,mod,,,,64.03158917868136,356.01416066599046,5.559976961879335,12660,86422,5533738.0,10953649950.0,242.4809346130005,25.0,2.0
S1,A1ZJ41O,KSWIN,KSWIN_alpha=1e-05_window_size=300,mod,1e-05,300.0,1.0,626.9404719793824,1702.654966913006,2.7158160032919354,2168,79156,49626100.0,229475930266.0,276.9835340570007,,
S1,AIFDJZB,PH,PH_threshold=200_delta=5,mod,,,,548.5270143407465,1646.6168653021282,3.0018883705866948,4865,123564,67778192.0,335024893200.0,259.491486172,200.0,5.0
S1,AUY8KYW,KSWIN,KSWIN_alpha=0.01_window_size=1000,mod,0.01,1000.0,1.0,501.1812112645428,1276.6487215036004,2.547279692074761,833,91970,46093636.0,149895645188.0,221.15591165499973,,
S1,ASFODQR,PH,PH_threshold=25_delta=0.5,mod,,,,18.249418797741612,31.51222115930465,1.7267520411775703,31590,141517,2582603.0,140529223.0,264.319888689,25.0,0.5
S1,AURCTAK,PH,PH_threshold=25_delta=2,mod,,,,14.491697729583192,25.237915702780825,1.7415430665007885,2577,11804,171060.0,7518586.0,34.55977417599934,25.0,2.0
S1,AAXAA7Z,KSWIN,KSWIN_alpha=0.005_window_size=300,mod,0.005,300.0,1.0,524.4099360694939,1461.822346904882,2.787556539949242,1800,61473,32237052.0,131363164332.0,222.82826451899743,,
S1,AJMQUVV,PH,PH_threshold=25_delta=0.005,mod,,,,10.056469224940946,17.745967830690276,1.7646320426933424,23223,89748,902548.0,28263384.0,372.350892382,25.0,0.005
S1,AHYIJDV,PH,PH_threshold=200_delta=2,mod,,,,513.3201846597174,1357.5389159439726,2.644624069953322,2751,68017,34914499.0,125349339267.0,108.36315993600148,200.0,2.0
S1,AMV7EQF,PH,PH_threshold=100_delta=2,mod,,,,189.63333605419965,840.3375785316658,4.431381085293393,7977,85757,16262386.0,60558784506.0,107.70447808400058,100.0,2.0
S1,A3OU183,PH,PH_threshold=50_delta=5,mod,,,,152.54057715756673,361.95345485561126,2.372833914753919,507,7381,1125902.0,966987050.0,20.72249042600015,50.0,5.0
S1,A1ZJ41O,KSWIN,KSWIN_alpha=0.001_window_size=1000,mod,0.001,1000.0,1.0,603.353011774218,1632.3084170721506,2.7053953244920246,714,79156,47759011.0,210905681907.0,82.61865722600123,,
S1,A3OU183,KSWIN,KSWIN_alpha=0.01_window_size=100,mod,0.01,100.0,1.0,36.08887684595583,200.9036724357159,5.566913963359584,619,7381,266372.0,297914030.0,54.16338618300506,,
S1,AA2KP1S,PH,PH_threshold=500_delta=0.5,mod,,,,276.9160031696917,907.4842635566448,3.2771102181499647,2502,79503,22015653.0,65472921827.0,177.71963463599968,500.0,0.5
S1,A36HR6Y,KSWIN,KSWIN_alpha=0.005_window_size=300,mod,0.005,300.0,1.0,768.0213911455079,1716.9252955807951,2.23551754596313,1206,41606,31954298.0,122647517772.0,76.7373062939987,,
S1,A1K5DRI,PH,PH_threshold=100_delta=5,mod,,,,547.7574446510056,1595.444280912241,2.912683883153339,3165,88755,48616212.0,225920744960.0,217.38159231200007,100.0,5.0
S1,A1ZJ41O,PH,PH_threshold=25_delta=0.5,mod,,,,10.391543281621102,18.532449999023186,1.783416524069184,15835,79156,822553.0,27186263.0,135.06950751600016,25.0,0.5
S1,A0VFT1N,PH,PH_threshold=25_delta=0.005,mod,,,,11.115271574367638,19.86623534884589,1.7872919447742874,21216,86422,960604.0,34107938.0,321.63325575900126,25.0,0.005
S1,A7EM0B6,PH,PH_threshold=25_delta=2,mod,,,,60.13119469026549,370.6589172020425,6.164170180075396,9311,63280,3805102.0,8693914722.0,91.22312825300104,25.0,2.0
S1,AZIK4ZA,PH,PH_threshold=25_delta=0.5,mod,,,,14.59090160333846,28.952732292928847,1.9843004277613892,15461,72848,1062918.0,61065616.0,128.87597998400088,25.0,0.5
S1,AFPB8J2,PH,PH_threshold=200_delta=5,mod,,,,259.9645114827559,825.7090774653501,3.176237682427363,1797,74982,19492659.0,51122388727.0,115.75042103600208,200.0,5.0
S1,AIFDJZB,PH,PH_threshold=200_delta=0.005,mod,,,,294.9919960506296,1480.222585213318,5.017839822878674,11360,123564,36450391.0,270736002139.0,322.4236960090001,200.0,0.005
S1,ATHKM6V,KSWIN,KSWIN_alpha=1e-05_window_size=1000,mod,1e-05,1000.0,1.0,222.10117249955587,607.4842379449628,2.735168982262701,399,45032,10001660.0,16618478658.0,160.91355303199816,,
S1,AURCTAK,PH,PH_threshold=25_delta=5,mod,,,,69.69654354456117,235.77655316571276,3.3829016644845047,1652,11804,822698.0,656191242.0,22.763899625002523,25.0,5.0
S1,AOYM4KG,KSWIN,KSWIN_alpha=1e-05_window_size=1000,mod,1e-05,1000.0,1.0,81.35134949049848,151.3657890900636,1.8606426327044832,128,14524,1181547.0,332768109.0,23.17269810200014,,
S1,AMV7EQF,KSWIN,KSWIN_alpha=0.001_window_size=1000,mod,0.001,1000.0,1.0,569.1383210700001,1266.189763086266,2.2247487407029363,774,85757,48807595.0,137488753915.0,91.73112487000073,,
S1,A7EM0B6,PH,PH_threshold=100_delta=2,mod,,,,491.8894753476612,1510.373297673428,3.07055420652356,5143,63280,31126766.0,144356076094.0,75.02777616800086,100.0,2.0
S1,AURCTAK,PH,PH_threshold=50_delta=0.5,mod,,,,14.22949847509319,23.222687305585143,1.6320102459150836,2690,11804,167965.0,6365817.0,46.23139490000176,50.0,0.5
S1,A4E0D03,PH,PH_threshold=25_delta=2,mod,,,,9.86785797936099,17.854546191899114,1.809363919631048,10096,72581,716219.0,23137721.0,240.34828705900145,25.0,2.0
S1,AJMQUVV,PH,PH_threshold=50_delta=2,mod,,,,10.764752417881178,19.340167068013056,1.7966197750992747,10406,89748,966115.0,33569527.0,206.39580359899992,50.0,2.0
S1,ATHKM6V,PH,PH_threshold=100_delta=0.005,mod,,,,7.927984544324036,14.577715631609202,1.838766908551301,4987,45032,357013.0,9569741.0,134.16009844899963,100.0,0.005
S1,AMV7EQF,KSWIN,KSWIN_alpha=1e-05_window_size=300,mod,1e-05,300.0,1.0,755.1999253705237,2112.505537275638,2.7972798543897888,2314,85757,64763680.0,382706018318.0,327.367059952001,,
S1,AYEFCWQ,PH,PH_threshold=50_delta=2,mod,,,,63.57689888896653,543.7759360132635,8.553042779940203,14116,114488,7278792.0,33853216446.0,157.6457715659999,50.0,2.0
S1,AZIK4ZA,PH,PH_threshold=500_delta=0.005,mod,,,,400.9361135515045,1321.7200041132037,3.2965850653994893,3271,72848,29207394.0,127261359704.0,77.25808393799889,500.0,0.005
S1,AIFDJZB,PH,PH_threshold=500_delta=0.5,mod,,,,661.2133873943867,2069.382644369831,3.129674449763566,5284,123564,81702171.0,529143619359.0,303.1093404559999,500.0,0.5
S1,AV2GF3B,ADWIN,ADWIN_delta=0.002,mod,,,,125.3761044441514,374.52397937937104,2.9872038299467363,670,7583,950727.0,1063653845.0,19.39483535999898,,0.002
S1,AOYM4KG,KSWIN,KSWIN_alpha=0.01_window_size=1000,mod,0.01,1000.0,1.0,90.50144588267696,163.2959929504937,1.804346785378271,131,14524,1314443.0,387290903.0,13.830712916002083,,
S1,A4G0044,KSWIN,KSWIN_alpha=1e-05_window_size=100,mod,1e-05,100.0,1.0,75.07917243626294,266.9391832831636,3.5554358768375693,746,12277,921747.0,874816389.0,113.459350551002,,
S1,AMV7EQF,PH,PH_threshold=500_delta=0.5,mod,,,,336.1031869118556,1184.8981851478204,3.525400029778845,3323,85757,28823201.0,120401430947.0,88.32013928800006,500.0,0.5
S1,A1K5DRI,PH,PH_threshold=50_delta=0.005,mod,,,,8.451929468762323,14.555376028311985,1.7221364757133295,17276,88755,750151.0,18803543.0,327.1326841200007,50.0,0.005
S1,AYWIEKR,PH,PH_threshold=100_delta=2,mod,,,,430.9016755210462,1455.4831225869443,3.3777615759487936,6405,85645,36904574.0,181433033284.0,223.2800113129997,100.0,2.0
S1,AKXN5ZZ,PH,PH_threshold=500_delta=0.005,mod,,,,467.0870234228073,1327.3230474955471,2.841703967215664,2891,81886,38247888.0,144265647080.0,188.68955723999895,500.0,0.005
S1,A7EM0B6,KSWIN,KSWIN_alpha=0.0001_window_size=1000,mod,0.0001,1000.0,1.0,365.9863938053097,834.9467716688457,2.28136014289374,566,63280,23159619.0,44114773137.0,92.65613330899942,,
S1,AJMQUVV,ADWIN,ADWIN_delta=0.0001,mod,,,,74.6975420065071,607.9669967653332,8.13904956487553,6437,89748,6703955.0,33173003009.0,232.0396400970003,,0.0001
S1,AX6281V,PH,PH_threshold=25_delta=0.005,mod,,,,12.550949371816133,22.08445699043341,1.759584580910294,16316,66939,840148.0,32647706.0,131.89754009999888,25.0,0.005
S1,AMV7EQF,KSWIN,KSWIN_alpha=0.0001_window_size=1000,mod,0.0001,1000.0,1.0,364.01281528038527,998.121971365518,2.741996790955567,767,85757,31216647.0,85435194261.0,121.06003274900104,,
S1,AJWW3IY,PH,PH_threshold=100_delta=0.005,mod,,,,8.822979922712612,15.651984384132009,1.7740020402675731,8268,68834,607321.0,16863271.0,215.2375160979973,100.0,0.005
S1,AX6281V,KSWIN,KSWIN_alpha=0.001_window_size=1000,mod,0.001,1000.0,1.0,521.4310043472415,1117.1027630649896,2.1423788646082635,606,66939,34904070.0,83534422044.0,78.80080731900307,,
S1,AA2KP1S,KSWIN,KSWIN_alpha=0.005_window_size=300,mod,0.005,300.0,1.0,408.83061016565415,1457.2033732655295,3.564320618446561,2344,79503,32503260.0,168819983174.0,321.67766583400225,,
S1,ASFODQR,PH,PH_threshold=25_delta=2,mod,,,,73.86286453217635,470.5605067139426,6.370731892058637,22466,141517,10452851.0,31335711715.0,217.81897893999985,25.0,2.0
S1,AOYM4KG,Sem detector (HT),HT,mod,,,,20.067749931148445,30.22722631479378,1.5062588690063432,0,14524,291464.0,13270364.0,14.150006204999954,,
S1,AA2KP1S,PH,PH_threshold=500_delta=2,mod,,,,266.40478975636137,850.8253449777848,3.193731410594761,1832,79503,21179980.0,57552521240.0,197.11191843100096,500.0,2.0
S1,AQC0L71,PH,PH_threshold=50_delta=5,mod,,,,333.2063086104007,1064.0053996784202,3.1932330576684897,2669,51612,17197444.0,58430331802.0,132.68518998599757,50.0,5.0
S1,AV2GF3B,KSWIN,KSWIN_alpha=0.005_window_size=1000,mod,0.005,1000.0,1.0,76.19266780957405,167.67823700303742,2.200713557137944,69,7583,577769.0,213203561.0,18.88043822700274,,
S1,ASFODQR,PH,PH_threshold=25_delta=0.005,mod,,,,17.951638319071208,29.825389329466017,1.6614299374436785,36311,141517,2540462.0,125886992.0,269.085078929,25.0,0.005
S1,AAXAA7Z,KSWIN,KSWIN_alpha=0.01_window_size=1000,mod,0.01,1000.0,1.0,273.6319034372814,750.3067511007215,2.742029499029881,559,61473,16820974.0,34606853650.0,130.83348535199912,,
S1,A4E0D03,PH,PH_threshold=200_delta=0.005,mod,,,,117.16537385817225,663.2381084692908,5.660700654377079,5365,72581,8503980.0,31927277836.0,189.5291167079995,200.0,0.005
S1,ASFODQR,PH,PH_threshold=100_delta=5,mod,,,,386.050361440675,1385.601476519751,3.5891728513060306,7554,141517,54632689.0,271697278575.0,150.76391992599997,100.0,5.0
S1,AIFDJZB,PH,PH_threshold=500_delta=5,mod,,,,454.283626298922,1078.912969761378,2.374976572568445,2967,123564,56133102.0,143835069150.0,252.9634120039998,500.0,5.0
S1,AJMQUVV,PH,PH_threshold=50_delta=0.005,mod,,,,10.26678031822436,18.3970052969322,1.791896264136093,18216,89748,921423.0,30375193.0,296.20502032200056,50.0,0.005
S1,AA2KP1S,PH,PH_threshold=200_delta=2,mod,,,,281.4723595336025,1218.814023972902,4.330137516850561,3403,79503,22377897.0,118102312713.0,164.24576704899664,200.0,2.0
S1,AURCTAK,KSWIN,KSWIN_alpha=0.005_window_size=1000,mod,0.005,1000.0,1.0,111.46577431379194,209.3695855371969,1.878330696809156,106,11804,1315742.0,517435698.0,26.253183014996463,,
S1,AZIK4ZA,KSWIN,KSWIN_alpha=0.01_window_size=1000,mod,0.01,1000.0,1.0,279.3035224028113,730.4790424734797,2.6153592199241347,663,72848,20346703.0,38871665955.0,70.9247182279978,,
S1,AMV7EQF,KSWIN,KSWIN_alpha=0.0001_window_size=300,mod,0.0001,300.0,1.0,969.3049663584312,2493.462118852651,2.5724227208081945,2416,85757,83124686.0,533181570220.0,270.1584057510008,,
S1,AJWW3IY,KSWIN,KSWIN_alpha=0.001_window_size=1000,mod,0.001,1000.0,1.0,406.63952407240606,1210.169032338908,2.976024121362649,624,68834,27990625.0,100808018483.0,167.53741426499982,,
S1,AV2GF3B,PH,PH_threshold=25_delta=5,mod,,,,30.098114202822103,122.73623898324438,4.07787139606694,992,7583,228234.0,114231710.0,17.986143375004758,25.0,5.0
S1,A1ZJ41O,KSWIN,KSWIN_alpha=0.01_window_size=1000,mod,0.01,1000.0,1.0,545.525430794886,1330.6294655099514,2.439170367495222,716,79156,43181611.0,140151616849.0,77.29520323699944,,
S1,AUY8KYW,PH,PH_threshold=25_delta=0.5,mod,,,,14.71572251821246,24.561555126135648,1.6690689224221098,21873,91970,1353405.0,55482741.0,376.6980151959997,25.0,0.5
S1,AUY8KYW,KSWIN,KSWIN_alpha=1e-05_window_size=1000,mod,1e-05,1000.0,1.0,375.0598347287159,1053.015846231631,2.8075942789056225,816,91970,34494253.0,101980232991.0,304.16854797499946,,
S1,A4E0D03,PH,PH_threshold=50_delta=2,mod,,,,9.367658202559898,32.51034324199953,3.470487771758734,7143,72581,679914.0,76712486.0,218.6122153260003,50.0,2.0
S1,A3OU183,PH,PH_threshold=500_delta=0.005,mod,,,,51.73729846904214,202.58296876382832,3.915607787002005,322,7381,381873.0,302915201.0,17.744500862005225,500.0,0.005
S1,AURCTAK,KSWIN,KSWIN_alpha=0.001_window_size=1000,mod,0.001,1000.0,1.0,114.19569637411048,216.07298042609003,1.892128926804954,106,11804,1347966.0,551099638.0,32.062262594998174,,
S1,A36HR6Y,PH,PH_threshold=25_delta=0.5,mod,,,,13.586742296784118,23.25455773837388,1.711562435675111,10296,41606,565290.0,22499462.0,78.05172845699781,25.0,0.5
S1,A1ZJ41O,PH,PH_threshold=50_delta=0.005,mod,,,,10.358620951033402,18.23926365822589,1.7607810677159972,14061,79156,819947.0,26332885.0,128.45995791300084,50.0,0.005
S1,AZIK4ZA,KSWIN,KSWIN_alpha=0.0001_window_size=300,mod,0.0001,300.0,1.0,572.1062760817043,1476.4942769730296,2.580804194432866,2099,72848,41676798.0,158811215172.0,178.5387535450027,,
S1,AMV7EQF,PH,PH_threshold=25_delta=0.5,mod,,,,11.483424093659991,20.4096456144067,1.7773135824248518,21055,85757,984784.0,35722390.0,167.329565344,25.0,0.5
S1,ATHKM6V,PH,PH_threshold=500_delta=2,mod,,,,393.5007106057914,1018.5639545627722,2.5884678911880505,819,45032,17720124.0,46719462950.0,100.57762301299954,500.0,2.0
S1,A36HR6Y,KSWIN,KSWIN_alpha=0.0001_window_size=1000,mod,0.0001,1000.0,1.0,498.4991587751767,1081.6238312331586,2.1697605947635537,367,41606,20740556.0,48675280132.0,53.73360570699879,,
S1,AMV7EQF,PH,PH_threshold=200_delta=2,mod,,,,306.79299649008243,1152.099984223938,3.7553007969697294,4918,85757,26309647.0,113828213881.0,95.20989384699897,200.0,2.0
S1,A36HR6Y,PH,PH_threshold=200_delta=2,mod,,,,441.6445224246503,1065.4741426841615,2.4125152437862374,1967,41606,18375062.0,47232593598.0,44.34660656300184,200.0,2.0
S1,AAXAA7Z,PH,PH_threshold=25_delta=0.5,mod,,,,12.493078262001204,22.109339974881664,1.7697271650117783,12609,61473,767987.0,30049411.0,224.05571894600143,25.0,0.5
S1,AJWW3IY,KSWIN,KSWIN_alpha=0.005_window_size=300,mod,0.005,300.0,1.0,257.16579016183863,920.6979093726108,3.580172575804894,2033,68834,17701750.0,58349524532.0,281.4849691399977,,
S1,ATHKM6V,ADWIN,ADWIN_delta=1e-05,mod,,,,151.03861698347842,1006.7952047991906,6.665813186764815,2835,45032,6801571.0,45646082669.0,87.33956960400246,,1e-05
S1,AV2GF3B,ADWIN,ADWIN_delta=0.0001,mod,,,,118.3952261637874,345.7954436609208,2.920687386352461,538,7583,897791.0,906733349.0,10.21650325099472,,0.0001
S1,ASFODQR,KSWIN,KSWIN_alpha=0.001_window_size=300,mod,0.001,300.0,1.0,688.7032723983691,1962.9739412327997,2.850246281532621,4064,141517,97463221.0,545302742729.0,356.881656151,,
S1,AX6281V,KSWIN,KSWIN_alpha=0.01_window_size=300,mod,0.01,300.0,1.0,617.8144280613693,1546.0243808225634,2.502408993059308,1980,66939,41355880.0,159997021194.0,120.17394300999877,,
S1,AOYM4KG,KSWIN,KSWIN_alpha=0.0001_window_size=1000,mod,0.0001,1000.0,1.0,87.00695400716056,166.44068777647962,1.9129584488474536,129,14524,1263689.0,402351147.0,19.479967665000004,,
S1,ATHKM6V,KSWIN,KSWIN_alpha=0.0001_window_size=300,mod,0.0001,300.0,1.0,482.6562888612542,1377.25631109031,2.85349293663968,1264,45032,21734978.0,85418271308.0,296.78082303099654,,
S1,AOYM4KG,KSWIN,KSWIN_alpha=0.005_window_size=100,mod,0.005,100.0,1.0,14.915863398512808,24.73107632212304,1.6580385366487642,1192,14524,216638.0,8883258.0,52.92567976899954,,
S1,A4E0D03,KSWIN,KSWIN_alpha=1e-05_window_size=100,mod,1e-05,100.0,1.0,10.392127416265964,31.266632035339263,3.0086844380295137,4273,72581,754271.0,70955351.0,1324.0359287499996,,
S1,AA2KP1S,ADWIN,ADWIN_delta=1e-05,mod,,,,85.33815076160649,659.8746761635524,7.7324698306027635,4904,79503,6784639.0,34618356069.0,108.66867216100218,,1e-05
S1,AURCTAK,PH,PH_threshold=500_delta=0.5,mod,,,,145.5014401897662,345.8860349692025,2.3772000780067217,530,11804,1717499.0,1412196909.0,23.121612863993505,500.0,0.5
S1,A4G0044,KSWIN,KSWIN_alpha=0.005_window_size=1000,mod,0.005,1000.0,1.0,108.78618555021583,223.5125679820702,2.0546043309781874,111,12277,1335568.0,613332746.0,11.945464984000864,,
S1,AURCTAK,KSWIN,KSWIN_alpha=0.005_window_size=300,mod,0.005,300.0,1.0,162.06836665537105,336.9494634989342,2.079057563499962,348,11804,1913055.0,1340166443.0,43.439558198006125,,
S1,A7EM0B6,KSWIN,KSWIN_alpha=0.01_window_size=300,mod,0.01,300.0,1.0,612.5927781289507,1540.8513185432626,2.5152946191261063,1885,63280,38764871.0,150240817889.0,99.56697927400091,,
S1,AHYIJDV,PH,PH_threshold=25_delta=5,mod,,,,274.7083670258906,1045.7540361429485,3.8067789760636894,4953,68017,18684839.0,74383493505.0,180.11416243600252,25.0,5.0
S1,ATHKM6V,KSWIN,KSWIN_alpha=0.01_window_size=100,mod,0.01,100.0,1.0,147.68999822348553,1070.5777208279997,7.248816668058957,3615,45032,6650776.0,51612825908.0,293.17857070399623,,
S1,AX6281V,KSWIN,KSWIN_alpha=0.001_window_size=100,mod,0.001,100.0,1.0,10.186468277088094,17.667361033458093,1.7343951360646153,4950,66939,681872.0,20894048.0,475.7688461530015,,
S1,AYWIEKR,KSWIN,KSWIN_alpha=0.0001_window_size=1000,mod,0.0001,1000.0,1.0,633.3453441531905,1577.3491354490527,2.490504035453257,764,85645,54242862.0,213087354624.0,262.72752141199817,,
S1,AYWIEKR,PH,PH_threshold=100_delta=0.005,mod,,,,10.928518886099598,20.72748235372912,1.896641490924557,11495,85645,935973.0,36795535.0,273.6927171179996,100.0,0.005
S1,AFPB8J2,PH,PH_threshold=200_delta=0.5,mod,,,,213.6134138859993,904.3825364295028,4.2337347640169805,4873,74982,16017161.0,61328360575.0,198.03130772800068,200.0,0.5
S1,AJMQUVV,KSWIN,KSWIN_alpha=1e-05_window_size=1000,mod,1e-05,1000.0,1.0,561.6789566341312,1273.3945842875507,2.2671217592312614,778,89748,50409563.0,145529412547.0,359.91370602700044,,
S1,A3OU183,KSWIN,KSWIN_alpha=1e-05_window_size=100,mod,1e-05,100.0,1.0,9.044167456984148,16.274217517455224,1.7994157665543706,454,7381,66755.0,1954859.0,139.73050255700218,,
S1,AJMQUVV,ADWIN,ADWIN_delta=0.002,mod,,,,219.88693898471277,1481.5891561832643,6.737958893894419,7906,89748,19734413.0,197006411675.0,189.32337268599983,,0.002
S1,AKXN5ZZ,KSWIN,KSWIN_alpha=0.005_window_size=100,mod,0.005,100.0,1.0,8.372810981120093,14.098758096018082,1.6838739257113848,6775,81886,685616.0,16276888.0,572.5145783029984,,
S1,AQC0L71,ADWIN,ADWIN_delta=0.002,mod,,,,114.05182903200806,764.8122773571421,6.705830882751573,4350,51612,5886443.0,30189810745.0,108.82530202100315,,0.002
S1,AYWIEKR,PH,PH_threshold=500_delta=0.5,mod,,,,269.35900519586664,1037.3296877683472,3.851104539883656,2874,85645,23069252.0,92158549004.0,206.68725689200076,500.0,0.5
S1,ASFODQR,ADWIN,ADWIN_delta=0.0001,mod,,,,264.46951249673185,1508.1281332842143,5.702464979977044,9977,141517,37426932.0,321873406654.0,164.085541083,,0.0001
S1,AJWW3IY,PH,PH_threshold=25_delta=5,mod,,,,324.8226603132173,943.3738894083722,2.9042736381098027,4784,68834,22358843.0,61259113957.0,168.4932657879981,25.0,5.0
S1,AYEFCWQ,ADWIN,ADWIN_delta=0.01,mod,,,,9.861478932289849,17.545126589834446,1.77915774198794,12771,114488,1129021.0,35243009.0,141.30238248499973,,0.01
S1,AYWIEKR,KSWIN,KSWIN_alpha=0.001_window_size=300,mod,0.001,300.0,1.0,288.94146768637984,1275.8333165687295,4.415542451502782,2485,85645,24746392.0,139408704562.0,292.0328605360009,,
S1,AZIK4ZA,Sem detector (HT),HT,mod,,,,15.202819569514606,25.28212136181379,1.662988976894172,0,72848,1107495.0,46563397.0,195.9792544560005,,
S1,AZIK4ZA,PH,PH_threshold=100_delta=0.005,mod,,,,12.372982099714472,22.924899651908557,1.8528192692073469,9799,72848,901347.0,38285341.0,105.89985305799928,100.0,0.005
S1,AFPB8J2,PH,PH_threshold=100_delta=0.5,mod,,,,142.5544130591342,652.6904747009747,4.57853573729932,8238,74982,10689015.0,31942696095.0,216.4368709249975,100.0,0.5
S1,AFPB8J2,KSWIN,KSWIN_alpha=0.0001_window_size=100,mod,0.0001,100.0,1.0,13.854818489770878,141.56506857439695,10.217749779898996,5039,74982,1038862.0,1502689416.0,1098.8015510039986,,
S1,AHYIJDV,KSWIN,KSWIN_alpha=1e-05_window_size=100,mod,1e-05,100.0,1.0,164.53005866180513,705.921393638485,4.290531465071199,4193,68017,11190841.0,33894572477.0,1004.072963734994,,
S1,AMV7EQF,PH,PH_threshold=200_delta=5,mod,,,,483.3169187354968,1533.8571499381503,3.173605331158662,2850,85757,41447809.0,201762016637.0,87.54983859300046,200.0,5.0
S1,AUY8KYW,ADWIN,ADWIN_delta=0.002,mod,,,,50.67635098401653,356.7053304166271,7.038891386026058,8871,91970,4660704.0,11702142572.0,253.43345015000023,,0.002
S1,A1K5DRI,KSWIN,KSWIN_alpha=0.001_window_size=300,mod,0.001,300.0,1.0,801.8294067939835,2271.5493021180782,2.83295833611365,2552,88755,71166369.0,457970140267.0,396.3584270369993,,
S1,AURCTAK,KSWIN,KSWIN_alpha=0.0001_window_size=1000,mod,0.0001,1000.0,1.0,95.58175194849204,178.06368701966994,1.862946466137454,105,11804,1128247.0,374265611.0,37.91552286800288,,
S1,AKXN5ZZ,KSWIN,KSWIN_alpha=1e-05_window_size=300,mod,1e-05,300.0,1.0,488.581943189312,1492.9728430328066,3.0557266060369344,2274,81886,40008021.0,182521266281.0,500.73049708700273,,
S1,AFPB8J2,KSWIN,KSWIN_alpha=0.001_window_size=100,mod,0.001,100.0,1.0,13.61089328105412,136.71670379426865,10.04465327669371,5600,74982,1020572.0,1401522836.0,861.540744291,,
S1,AQC0L71,KSWIN,KSWIN_alpha=1e-05_window_size=100,mod,1e-05,100.0,1.0,165.43873517786562,794.54294118757,4.802641535752466,3095,51612,8538624.0,32582577428.0,919.7297627820008,,
S1,AHYIJDV,KSWIN,KSWIN_alpha=0.01_window_size=100,mod,0.01,100.0,1.0,12.003484423011894,20.426294339610827,1.7016970755967786,5536,68017,816441.0,28378971.0,558.713357210996,,
S1,A1ZJ41O,ADWIN,ADWIN_delta=0.01,mod,,,,10.512822780332508,17.643156656485708,1.6782511248541827,8251,79156,832153.0,24639757.0,96.79259580399956,,0.01
S1,AAXAA7Z,ADWIN,ADWIN_delta=0.05,mod,,,,58.015047256519125,384.5207313642439,6.627948257355516,7824,61473,3566359.0,9089163743.0,172.73974231500324,,0.05
S1,AX6281V,PH,PH_threshold=100_delta=0.005,mod,,,,47.64691734265525,316.4651196145558,6.641880257198607,7651,66939,3189437.0,6703952359.0,88.99266979500317,100.0,0.005
S1,A1ZJ41O,PH,PH_threshold=200_delta=2,mod,,,,407.6432361412906,1405.9871013069028,3.4490627505949405,3191,79156,32267408.0,156475559352.0,82.46727585900044,200.0,2.0
S1,APGIB2T,PH,PH_threshold=25_delta=5,mod,,,,67.10521095093242,244.7743351243428,3.6476203808273953,1578,15122,1014765.0,906026693.0,32.617730084995856,25.0,5.0
S1,AKXN5ZZ,PH,PH_threshold=200_delta=0.5,mod,,,,127.93509268983708,705.0953424319675,5.511352105253752,5258,81886,10476093.0,40710398061.0,172.53720482000062,200.0,0.5
S1,AYWIEKR,ADWIN,ADWIN_delta=0.01,mod,,,,161.05839220036196,964.6242672052744,5.989282855905142,9018,85645,13793846.0,79692670520.0,234.5028168739991,,0.01
S1,AJMQUVV,PH,PH_threshold=50_delta=0.5,mod,,,,11.17885635334492,20.67002687812257,1.8490287579317288,15533,89748,1003280.0,38344834.0,305.2572373470002,50.0,0.5
S1,A1ZJ41O,KSWIN,KSWIN_alpha=0.001_window_size=100,mod,0.001,100.0,1.0,38.335426246904845,276.14173449414625,7.203304137421495,6217,79156,3034479.0,6035982009.0,407.4852510410001,,
S1,AUY8KYW,ADWIN,ADWIN_delta=1e-05,mod,,,,80.30549092095248,468.62599261296265,5.835541097360923,6273,91970,7385696.0,20197561218.0,236.0854712849996,,1e-05
S1,AAXAA7Z,KSWIN,KSWIN_alpha=0.005_window_size=100,mod,0.005,100.0,1.0,11.918256795666393,19.69599157200164,1.652589964260824,4707,61473,732651.0,23847349.0,583.6125012620032,,
S1,AA2KP1S,KSWIN,KSWIN_alpha=1e-05_window_size=100,mod,1e-05,100.0,1.0,7.762977497704489,13.657444544261082,1.7593049249852373,4866,79503,617180.0,14829360.0,1449.9956356460025,,
S1,AX6281V,KSWIN,KSWIN_alpha=0.005_window_size=300,mod,0.005,300.0,1.0,326.2066508313539,1200.7153228635857,3.680842557328316,1966,66939,21835947.0,96507113445.0,133.60951435499737,,
S1,AJWW3IY,ADWIN,ADWIN_delta=0.01,mod,,,,85.0060580527065,592.3420098832892,6.968232893660566,7014,68834,5851307.0,24151720647.0,159.9721985949982,,0.01
S1,APGIB2T,PH,PH_threshold=50_delta=0.005,mod,,,,9.8838777939426,18.51079461448432,1.8728271433939403,3326,15122,149464.0,5181546.0,51.58801582999877,50.0,0.005
S1,AQC0L71,PH,PH_threshold=25_delta=0.005,mod,,,,7.867337053398434,15.143953259076888,1.9249147654777536,13088,51612,406049.0,11836661.0,206.25851975299884,25.0,0.005
S1,A7EM0B6,PH,PH_threshold=100_delta=0.5,mod,,,,11.39840391908976,19.165055493944365,1.681380623987821,7341,63280,721291.0,23242703.0,82.99878395999986,100.0,0.5
S1,A36HR6Y,PH,PH_threshold=500_delta=0.005,mod,,,,372.1026053934529,919.2192978321824,2.470338246786046,1549,41606,15481701.0,35155577073.0,41.04541539899947,500.0,0.005
S1,AQC0L71,ADWIN,ADWIN_delta=0.05,mod,,,,7.577288227543982,12.976487629036823,1.7125503530229151,6230,51612,391079.0,8690905.0,149.57711241799552,,0.05
S1,AIFDJZB,PH,PH_threshold=200_delta=2,mod,,,,263.5518112071477,1063.6657336462508,4.035888536581621,7356,123564,32565516.0,139798430554.0,313.57687689399995,200.0,2.0
S1,A36HR6Y,PH,PH_threshold=50_delta=0.5,mod,,,,13.467336441859349,23.693302650575248,1.7593161612070092,7965,41606,560322.0,23356468.0,68.0618016399967,50.0,0.5
S1,A4E0D03,ADWIN,ADWIN_delta=0.01,mod,,,,11.2007412408206,35.514817018475185,3.170755957564936,7068,72581,812961.0,91546577.0,189.6752755489979,,0.01
S1,AYWIEKR,PH,PH_threshold=50_delta=2,mod,,,,356.8090606573647,1399.844353448943,3.9232309596341226,9622,85645,30558912.0,167826877098.0,232.85315342100148,50.0,2.0
S1,A7EM0B6,PH,PH_threshold=100_delta=5,mod,,,,451.1087547408344,1204.6358532511197,2.670388992878652,3079,63280,28546162.0,91828616264.0,66.4416185370028,100.0,5.0
S1,AA2KP1S,KSWIN,KSWIN_alpha=0.001_window_size=300,mod,0.001,300.0,1.0,417.4563978717785,1391.295410602214,3.332792161517069,2317,79503,33189036.0,153894189214.0,349.5894016880011,,
S1,A36HR6Y,PH,PH_threshold=25_delta=2,mod,,,,14.910301398836706,27.079847252028458,1.8161837596482933,7386,41606,620358.0,30510434.0,66.46229201799724,25.0,2.0
S1,AX6281V,ADWIN,ADWIN_delta=0.002,mod,,,,77.22338248255875,523.6667563908422,6.781194238793085,5421,66939,5169256.0,18356472568.0,72.46581315100048,,0.002
S1,A1K5DRI,ADWIN,ADWIN_delta=0.05,mod,,,,8.601352036504986,13.746304269770928,1.5981562214208018,10714,88755,763413.0,16771223.0,259.4274405329997,,0.05
S1,AYEFCWQ,KSWIN,KSWIN_alpha=0.001_window_size=100,mod,0.001,100.0,1.0,9.82276745161065,16.05408647709589,1.6343750940030126,8982,114488,1124589.0,29507415.0,525.1503166419998,,
S1,ASFODQR,PH,PH_threshold=200_delta=0.5,mod,,,,125.69371170954726,634.959937296214,5.051644419280719,10814,141517,17787797.0,57055992219.0,161.96433613900012,200.0,0.5
S1,AURCTAK,PH,PH_threshold=200_delta=0.5,mod,,,,62.15554049474754,209.08162940178167,3.36384540682178,1103,11804,733684.0,516013368.0,22.656177227996523,200.0,0.5
S1,A1K5DRI,PH,PH_threshold=25_delta=2,mod,,,,9.9810714889302,18.885870005226607,1.8921685939402928,13413,88755,885870.0,31656786.0,274.77394102499966,25.0,2.0
S1,A0VFT1N,ADWIN,ADWIN_delta=1e-05,mod,,,,10.243803661104812,19.784780782805854,1.9313900810035665,5201,86422,885290.0,33828816.0,208.0363430010002,,1e-05
S1,A4G0044,PH,PH_threshold=100_delta=0.005,mod,,,,21.298851510955444,83.16980670148415,3.904896311367037,2085,12277,261486.0,84922670.0,18.37180447400169,100.0,0.005
S1,AX6281V,KSWIN,KSWIN_alpha=1e-05_window_size=1000,mod,1e-05,1000.0,1.0,448.502935508448,1260.87825950805,2.8113043632114647,591,66939,30022338.0,106420558362.0,111.15498013199976,,
S1,A1K5DRI,KSWIN,KSWIN_alpha=1e-05_window_size=100,mod,1e-05,100.0,1.0,63.47074531012338,495.5121058684009,7.806936935233504,5358,88755,5633346.0,21792214588.0,1467.8166509640014,,
S1,A1K5DRI,ADWIN,ADWIN_delta=0.0001,mod,,,,154.85457720691792,948.3164460589146,6.123916148708776,6087,88755,13744118.0,79817733786.0,197.2777085649996,,0.0001
S1,AJWW3IY,KSWIN,KSWIN_alpha=0.0001_window_size=300,mod,0.0001,300.0,1.0,414.2221285992388,1450.5329977426122,3.5018240156503264,1943,68834,28512566.0,144829900818.0,419.925081925001,,
S1,AJWW3IY,PH,PH_threshold=100_delta=5,mod,,,,209.3567132521719,559.7196416844661,2.673521345409541,2479,68834,14410860.0,21564733844.0,158.11898446000123,100.0,5.0
S1,AURCTAK,KSWIN,KSWIN_alpha=0.001_window_size=300,mod,0.001,300.0,1.0,126.3834293459844,281.83125324081254,2.229969978653433,346,11804,1491830.0,937578208.0,26.75945691300149,,
S1,AKXN5ZZ,ADWIN,ADWIN_delta=0.002,mod,,,,93.6116796521994,819.3688476218848,8.752848476452199,7822,81886,7665486.0,54975419648.0,208.50844920599772,,0.002
S1,AYEFCWQ,KSWIN,KSWIN_alpha=0.01_window_size=100,mod,0.01,100.0,1.0,69.89264377052616,748.1813246732546,10.704722046710785,9461,114488,8001869.0,64087553927.0,408.12533277200055,,
S1,AIFDJZB,ADWIN,ADWIN_delta=1e-05,mod,,,,490.7123110291024,1877.755388860577,3.8265911546474616,8784,123564,60634376.0,435682376378.0,162.304714951,,1e-05
S1,A36HR6Y,KSWIN,KSWIN_alpha=1e-05_window_size=100,mod,1e-05,100.0,1.0,10.23753785511705,15.598852779833404,1.5236918290892176,2612,41606,425943.0,10123747.0,357.11946000899843,,
S1,AJMQUVV,PH,PH_threshold=100_delta=0.005,mod,,,,10.01802825689709,17.278039279713983,1.7246946042319864,12135,89748,899098.0,26792528.0,247.94471615400016,100.0,0.005
S1,AV2GF3B,KSWIN,KSWIN_alpha=1e-05_window_size=300,mod,1e-05,300.0,1.0,105.74456020044838,226.9304871488762,2.146025164024598,206,7583,801861.0,390505133.0,61.76604449899605,,
S1,ASFODQR,PH,PH_threshold=50_delta=0.005,mod,,,,19.00550463901864,32.089945807343064,1.6884553405365432,28515,141517,2689602.0,145729200.0,236.879238647,50.0,0.005
S1,AURCTAK,PH,PH_threshold=100_delta=2,mod,,,,64.99068112504236,218.31261025885465,3.35913713288864,1391,11804,767150.0,562583312.0,21.799369220003427,100.0,2.0
S1,AHYIJDV,KSWIN,KSWIN_alpha=0.005_window_size=100,mod,0.005,100.0,1.0,12.399150212446887,22.33317826474315,1.8011862008352786,5346,68017,843353.0,33924897.0,610.7777933520047,,
S1,A36HR6Y,PH,PH_threshold=500_delta=2,mod,,,,530.8737682065087,1082.6537006021742,2.0393806690803085,906,41606,22087534.0,48768016708.0,38.3376963970004,500.0,2.0
S1,AIFDJZB,ADWIN,ADWIN_delta=0.05,mod,,,,127.80224013466706,913.4121662687018,7.147074771977597,17023,123564,15791756.0,103092137102.0,208.810301138,,0.05
S1,AJMQUVV,KSWIN,KSWIN_alpha=0.005_window_size=300,mod,0.005,300.0,1.0,512.1485938405312,1650.6267961078954,3.2229450904669563,2608,89748,45964312.0,244524602460.0,361.1123958580001,,
S1,AMV7EQF,KSWIN,KSWIN_alpha=0.005_window_size=300,mod,0.005,300.0,1.0,718.2354793194725,1970.8481407455984,2.7440139028121746,2527,85757,61593720.0,333100974972.0,154.15412788499998,,
S1,AMV7EQF,Sem detector (HT),HT,mod,,,,9.38640577445573,14.406870362424412,1.5348654968264244,0,85757,804950.0,17799544.0,219.51101636899875,,
S1,AUY8KYW,KSWIN,KSWIN_alpha=0.001_window_size=100,mod,0.001,100.0,1.0,14.609698814830924,23.31975938036024,1.596183444705059,7330,91970,1343654.0,50014314.0,832.6566904739993,,
S1,AYEFCWQ,PH,PH_threshold=25_delta=0.005,mod,,,,10.85381000628887,22.50698247233029,2.0736480976992766,29390,114488,1242631.0,57995529.0,252.98143944999995,25.0,0.005
S1,AFPB8J2,PH,PH_threshold=100_delta=0.005,mod,,,,11.06581579579099,18.45327230914542,1.6675925796780688,9878,74982,829737.0,25533115.0,235.36530263299937,100.0,0.005
S1,A1K5DRI,PH,PH_threshold=100_delta=0.005,mod,,,,8.641518787673935,14.93409252679572,1.728179142316669,11224,88755,766978.0,19794772.0,260.4758963839995,100.0,0.005
S1,A0NVTRV,KSWIN,KSWIN_alpha=1e-05_window_size=100,mod,1e-05,100.0,1.0,7.097373671121314,11.56644388490035,1.629679430852479,2349,36591,259700.0,4895240.0,564.5431047599996,,
S1,A0VFT1N,ADWIN,ADWIN_delta=0.01,mod,,,,10.922566013283657,18.42732771461986,1.6870877861675695,8620,86422,943950.0,29346008.0,228.62384643599944,,0.01
S1,AHYIJDV,KSWIN,KSWIN_alpha=0.01_window_size=300,mod,0.01,300.0,1.0,562.1842039490127,1821.568551265404,3.240163167997177,2014,68017,38238083.0,225688023017.0,256.6421475120005,,
S1,AKXN5ZZ,KSWIN,KSWIN_alpha=0.01_window_size=1000,mod,0.01,1000.0,1.0,447.48228024326505,1052.8992144814724,2.352940576572293,743,81886,36642534.0,90778553950.0,166.65697421799996,,
S1,AURCTAK,Sem detector (HT),HT,mod,,,,14.688664859369704,23.32795338245285,1.5881602314299017,0,11804,173385.0,6423659.0,25.390475478001463,,
S1,AHYIJDV,KSWIN,KSWIN_alpha=0.0001_window_size=100,mod,0.0001,100.0,1.0,145.18082244144847,690.9243314177066,4.759060596287481,4691,68017,9874764.0,32469712758.0,955.6417310889956,,
S1,A4E0D03,KSWIN,KSWIN_alpha=0.0001_window_size=100,mod,0.0001,100.0,1.0,10.38109147021948,43.51233338029464,4.191498890566532,4821,72581,753470.0,137419288.0,1108.450060997999,,
S1,AJMQUVV,PH,PH_threshold=100_delta=0.5,mod,,,,50.49747069572581,363.1275450202037,7.191004618988559,10331,89748,4532047.0,11834316129.0,274.3497344219996,100.0,0.5
S1,AZIK4ZA,PH,PH_threshold=50_delta=0.5,mod,,,,13.168597627937624,24.651334850379943,1.871978744196824,12027,72848,959306.0,44268878.0,125.68873585099936,50.0,0.5
S1,AJMQUVV,ADWIN,ADWIN_delta=1e-05,mod,,,,49.10452600615056,367.6009862949455,7.486091735187545,5680,89748,4407033.0,12127690779.0,174.44838668900047,,1e-05
S1,AUY8KYW,PH,PH_threshold=200_delta=0.005,mod,,,,116.6934761335218,591.4240871986682,5.06818467316849,9004,91970,10732299.0,32169492011.0,245.59766542800023,200.0,0.005
S1,APGIB2T,ADWIN,ADWIN_delta=0.002,mod,,,,48.8764713662214,264.1179454622431,5.403785054024489,1273,15122,739110.0,1054884848.0,37.27714307100541,,0.002
S1,AYWIEKR,PH,PH_threshold=25_delta=2,mod,,,,88.05759822523206,697.8937886037091,7.925423843819242,13328,85645,7541693.0,41713888867.0,240.42254023199712,25.0,2.0
S1,AAXAA7Z,PH,PH_threshold=500_delta=2,mod,,,,398.17918435736016,1092.945437637977,2.74485829640224,1808,61473,24477269.0,73431326071.0,107.90574275000108,500.0,2.0
S1,AJMQUVV,KSWIN,KSWIN_alpha=0.01_window_size=300,mod,0.01,300.0,1.0,887.7391362481616,2404.318086328063,2.7083610355282928,2628,89748,79672812.0,518810343566.0,240.57119833900012,,
S1,AAXAA7Z,KSWIN,KSWIN_alpha=0.0001_window_size=300,mod,0.0001,300.0,1.0,529.1401265596278,1494.7026944061945,2.824776688406676,1712,61473,32527831.0,137339051221.0,385.4895068619953,,
S1,AHYIJDV,ADWIN,ADWIN_delta=0.002,mod,,,,12.03577046914742,21.0385159656051,1.747999101473012,5665,68017,818637.0,30105627.0,175.16700878600386,,0.002
S1,AFPB8J2,PH,PH_threshold=25_delta=0.5,mod,,,,10.648022191992744,17.83771260068018,1.6752136949990624,17598,74982,798410.0,23858072.0,295.52639683300004,25.0,0.5
S1,ATHKM6V,PH,PH_threshold=100_delta=5,mod,,,,558.0304894297389,1485.110291231912,2.6613425598833715,1376,45032,25129229.0,99320443653.0,113.14417541399598,100.0,5.0
S1,A36HR6Y,PH,PH_threshold=200_delta=0.5,mod,,,,256.87496995625634,1184.408421835536,4.610836244719487,3015,41606,10687540.0,58365866624.0,46.71991808000166,200.0,0.5
S1,A1ZJ41O,PH,PH_threshold=50_delta=0.5,mod,,,,30.94177320733741,206.68503736794148,6.679805839922872,11508,79156,2449227.0,3381441787.0,116.23207250199994,50.0,0.5
S1,AHYIJDV,PH,PH_threshold=25_delta=2,mod,,,,192.2200920358146,833.9558361691197,4.338546648982649,9470,68017,13074234.0,47304622094.0,202.4785356919965,25.0,2.0
S1,AX6281V,PH,PH_threshold=50_delta=2,mod,,,,48.65008440520474,322.1682429429251,6.622151777982497,5979,66939,3256588.0,6947757908.0,84.27032227299787,50.0,2.0
S1,APGIB2T,PH,PH_threshold=200_delta=0.5,mod,,,,78.59238196005819,255.87228036518115,3.255688070317289,1149,15122,1188474.0,990046774.0,35.13632514100027,200.0,0.5
S1,AA2KP1S,KSWIN,KSWIN_alpha=0.01_window_size=100,mod,0.01,100.0,1.0,7.669936983510056,12.46899680861616,1.625697425601256,6470,79503,609783.0,12360799.0,651.7080679589999,,
S1,AMV7EQF,ADWIN,ADWIN_delta=0.002,mod,,,,87.16056998262532,855.5568432887073,9.815870220436317,7644,85757,7474629.0,62772195505.0,94.15714161200049,,0.002
S1,AYEFCWQ,KSWIN,KSWIN_alpha=0.0001_window_size=1000,mod,0.0001,1000.0,1.0,583.5948571029278,1442.622121051995,2.471958248935634,1017,114488,66814608.0,238267683982.0,147.89458779100005,,
S1,APGIB2T,KSWIN,KSWIN_alpha=0.01_window_size=100,mod,0.01,100.0,1.0,37.83156989816162,229.34348505178065,6.062224900239346,1234,15122,572089.0,795393521.0,118.95850213399537,,
S1,A4E0D03,KSWIN,KSWIN_alpha=0.0001_window_size=300,mod,0.0001,300.0,1.0,721.6280844849204,1899.7090786231904,2.632532074994218,2017,72581,52376488.0,261937177758.0,497.6499396750005,,
S1,AKXN5ZZ,ADWIN,ADWIN_delta=0.01,mod,,,,151.8828737513128,976.6489225697592,6.430276820867155,9094,81886,12437081.0,78106397557.0,218.9756723610008,,0.01
S1,AA2KP1S,Sem detector (HT),HT,mod,,,,10.191627988880922,16.72706676204151,1.641255624743246,0,79503,810265.0,22244523.0,395.42242383899793,,
S1,ASFODQR,KSWIN,KSWIN_alpha=0.01_window_size=100,mod,0.01,100.0,1.0,165.5076775228418,1244.8803257809038,7.521586577813572,11453,141517,23422150.0,219312719470.0,568.7317339880001,,
S1,AJMQUVV,PH,PH_threshold=200_delta=5,mod,,,,309.06353344921337,987.1611606102756,3.194039586596813,2444,89748,27737834.0,87458273368.0,196.2378933379996,200.0,5.0
S1,A36HR6Y,KSWIN,KSWIN_alpha=0.01_window_size=100,mod,0.01,100.0,1.0,10.491419506801904,16.18888175023904,1.543059234238351,3402,41606,436506.0,10904096.0,154.86780096700022,,
S1,AAXAA7Z,KSWIN,KSWIN_alpha=0.005_window_size=1000,mod,0.005,1000.0,1.0,316.99575423356595,808.6279411465059,2.550910951793695,558,61473,19486680.0,40195912816.0,146.58109649000107,,
S1,AMV7EQF,PH,PH_threshold=50_delta=5,mod,,,,311.7910724488963,1122.072331884123,3.5987955750979204,6809,85757,26738267.0,107972035091.0,103.14533852299974,50.0,5.0
S1,AV2GF3B,ADWIN,ADWIN_delta=1e-05,mod,,,,112.44916260055388,290.8886079752337,2.5868454797528297,465,7583,852702.0,641644510.0,14.442070445002171,,1e-05
S1,A7EM0B6,PH,PH_threshold=25_delta=5,mod,,,,350.4422724399494,1134.9745194695486,3.238691815251922,5420,63280,22175987.0,81515217875.0,77.59399499599749,25.0,5.0
S1,A0VFT1N,PH,PH_threshold=100_delta=2,mod,,,,156.1378584156812,615.4938552446176,3.941989863893269,5896,86422,13493746.0,32739478376.0,198.8061721109989,100.0,2.0
S1,AURCTAK,KSWIN,KSWIN_alpha=0.01_window_size=300,mod,0.01,300.0,1.0,138.90138935953914,306.7555721146429,2.208441352020042,352,11804,1639592.0,1110744372.0,39.68658561600023,,
S1,AAXAA7Z,KSWIN,KSWIN_alpha=0.01_window_size=300,mod,0.01,300.0,1.0,491.07307273111775,1375.3251471704946,2.8006527409894053,1819,61473,30187735.0,116277363497.0,189.54769581399887,,
S1,AX6281V,PH,PH_threshold=200_delta=2,mod,,,,204.15642599979088,590.5117065531139,2.8924473166165185,2584,66939,13666027.0,23341902115.0,69.73380227599773,200.0,2.0
S1,AMV7EQF,PH,PH_threshold=200_delta=0.5,mod,,,,140.6262579148058,723.935438356265,5.147939290220178,6838,85757,12059686.0,44943744574.0,103.1696265139999,200.0,0.5
S1,A36HR6Y,KSWIN,KSWIN_alpha=0.001_window_size=300,mod,0.001,300.0,1.0,343.81180598952074,1149.912517149271,3.344598693578079,1191,41606,14304634.0,55015563752.0,89.2962825930008,,
S1,A0VFT1N,ADWIN,ADWIN_delta=0.0001,mod,,,,9.978350420031935,17.67584517170472,1.7714195661258552,5915,86422,862349.0,27001301.0,201.7356273910009,,0.0001
S1,AMV7EQF,ADWIN,ADWIN_delta=0.05,mod,,,,11.227013538253438,19.079387573765448,1.6994178824811133,11124,85757,962795.0,31217523.0,108.18872381800064,,0.05
S1,AUY8KYW,PH,PH_threshold=100_delta=5,mod,,,,439.7749157333913,1066.0507866572405,2.424082748965887,5741,91970,40446099.0,104520619807.0,212.12025599499972,100.0,5.0
S1,AMV7EQF,ADWIN,ADWIN_delta=0.01,mod,,,,86.37363713749315,855.5208324732719,9.904883721770547,9029,85757,7407144.0,62766911390.0,98.64747054299914,,0.01
S1,A4E0D03,PH,PH_threshold=500_delta=2,mod,,,,488.8786183711991,1395.36705714423,2.854219850713017,1674,72581,35483299.0,141318779739.0,171.08601768199878,500.0,2.0
S1,AHYIJDV,PH,PH_threshold=50_delta=2,mod,,,,221.0847582222092,932.5473034363562,4.218053342687089,6708,68017,15037522.0,59150608130.0,208.6595043099951,50.0,2.0
S1,APGIB2T,KSWIN,KSWIN_alpha=1e-05_window_size=1000,mod,1e-05,1000.0,1.0,93.8887713265441,195.46562309909316,2.081884983021728,133,15122,1419786.0,577763378.0,47.96038173399575,,
S1,A1ZJ41O,KSWIN,KSWIN_alpha=0.01_window_size=300,mod,0.01,300.0,1.0,735.0973520642781,2045.541765790795,2.78268145035017,2348,79156,58187366.0,331207789746.0,125.3441251480017,,
S1,AJWW3IY,ADWIN,ADWIN_delta=0.002,mod,,,,85.10340819943633,592.3407738393639,6.960247378709413,5984,68834,5858008.0,24151619852.0,182.6640816609979,,0.002
S1,A1K5DRI,KSWIN,KSWIN_alpha=0.0001_window_size=100,mod,0.0001,100.0,1.0,9.60545321390344,16.34044250946073,1.701163094085837,5991,88755,852532.0,23698478.0,1232.544189012,,
S1,AOYM4KG,ADWIN,ADWIN_delta=0.0001,mod,,,,55.33709721839713,153.78721480008684,2.779097974603544,1009,14524,803716.0,343499970.0,14.456787437000456,,0.0001
S1,AOYM4KG,KSWIN,KSWIN_alpha=1e-05_window_size=100,mod,1e-05,100.0,1.0,32.98815753236023,106.7701163841513,3.23661957414304,996,14524,479120.0,165571534.0,103.21655754899984,,
S1,AKXN5ZZ,KSWIN,KSWIN_alpha=0.01_window_size=100,mod,0.01,100.0,1.0,8.242629997801822,13.1941301148218,1.6007184743632148,6908,81886,674956.0,14255130.0,491.524843883999,,
S1,AZIK4ZA,ADWIN,ADWIN_delta=0.05,mod,,,,12.171850977377554,19.40482010115933,1.5942374037625733,9711,72848,886695.0,27430699.0,97.110084543001,,0.05
S1,AMV7EQF,ADWIN,ADWIN_delta=1e-05,mod,,,,259.324055179169,1258.7750650442883,4.854062089128565,5336,85757,22238853.0,135883224073.0,85.6645667619996,,1e-05
S1,ASFODQR,KSWIN,KSWIN_alpha=0.001_window_size=100,mod,0.001,100.0,1.0,184.47869867224432,1933.54115423636,10.48110794445489,10622,141517,26106872.0,529072823294.0,795.9180865810001,,
S1,AJWW3IY,PH,PH_threshold=500_delta=0.5,mod,,,,229.03905046924484,680.6489656927783,2.9717594632805877,2110,68834,15765674.0,31889623020.0,102.57749926199904,500.0,0.5
S1,AYWIEKR,PH,PH_threshold=200_delta=2,mod,,,,276.984599217701,908.6723961352412,3.280588157975722,3999,85645,23722346.0,70715836660.0,159.75463505600055,200.0,2.0
S1,AUY8KYW,KSWIN,KSWIN_alpha=0.005_window_size=100,mod,0.005,100.0,1.0,14.32651951723388,22.407120464608884,1.5640309872648803,7546,91970,1317610.0,46176210.0,507.95151414200063,,
S1,AV2GF3B,PH,PH_threshold=25_delta=0.5,mod,,,,11.201239614928127,19.371289786542288,1.7293880367245926,1950,7583,84939.0,2845497.0,32.493233786997735,25.0,0.5
S1,AJWW3IY,PH,PH_threshold=50_delta=5,mod,,,,451.0735682947381,1212.6830547235515,2.6884374079111786,3486,68834,31049198.0,101227293562.0,175.3589697239986,50.0,5.0
S1,AURCTAK,KSWIN,KSWIN_alpha=0.0001_window_size=300,mod,0.0001,300.0,1.0,122.4578109115554,297.29819720555656,2.427760181180103,337,11804,1445492.0,1043310918.0,58.54825806499866,,
S1,AQC0L71,KSWIN,KSWIN_alpha=0.01_window_size=1000,mod,0.01,1000.0,1.0,378.5584941486476,1018.4413739203092,2.690314415505892,462,51612,19538161.0,53533144811.0,124.91105421500106,,
S1,A7EM0B6,KSWIN,KSWIN_alpha=0.001_window_size=100,mod,0.001,100.0,1.0,121.03847977243996,838.837751254577,6.930339449335826,4913,63280,7659315.0,44526894351.0,321.4880917769988,,
S1,A4E0D03,ADWIN,ADWIN_delta=0.002,mod,,,,11.347391190531958,35.59913943225774,3.137209146535899,6079,72581,823605.0,91981809.0,191.21662720300083,,0.002
S1,A1K5DRI,PH,PH_threshold=500_delta=0.005,mod,,,,457.7391358233339,1485.1667596963014,3.2445702005028183,3187,88755,40626637.0,195768705591.0,191.30208776499967,500.0,0.005
S1,APGIB2T,PH,PH_threshold=50_delta=0.5,mod,,,,8.53835471498479,15.132874862375536,1.772340851079586,2897,15122,129117.0,3462997.0,56.90133746199717,50.0,0.5
S1,AIFDJZB,KSWIN,KSWIN_alpha=0.005_window_size=100,mod,0.005,100.0,1.0,79.106649185847,742.9060383673078,9.391195885721087,10085,123564,9774734.0,68196130858.0,1004.105851251,,
S1,AYEFCWQ,KSWIN,KSWIN_alpha=0.0001_window_size=100,mod,0.0001,100.0,1.0,48.37241457620013,481.0191861418703,9.94408053342324,8344,114488,5538061.0,26490171323.0,701.770486898,,
S1,A0NVTRV,PH,PH_threshold=100_delta=0.5,mod,,,,6.80440545489328,11.777836990732334,1.7309134602292828,3012,36591,248980.0,5075810.0,102.25981464300276,100.0,0.5
S1,A1ZJ41O,KSWIN,KSWIN_alpha=0.0001_window_size=1000,mod,0.0001,1000.0,1.0,573.5358911516499,1473.3676356444496,2.568919675952543,710,79156,45398807.0,171832809693.0,100.92492694400062,,
S1,A0VFT1N,PH,PH_threshold=100_delta=0.5,mod,,,,9.676748975955196,15.795869710017865,1.632352947179623,9027,86422,836284.0,21563110.0,219.9666806429996,100.0,0.5
S1,ASFODQR,KSWIN,KSWIN_alpha=0.005_window_size=300,mod,0.005,300.0,1.0,707.0842301631606,1984.3205785155285,2.8063425740065564,4129,141517,100064439.0,557227172381.0,267.23189525,,
S1,A1K5DRI,PH,PH_threshold=100_delta=0.5,mod,,,,8.926775956284153,16.045326900728693,1.7974380649077808,9321,88755,792296.0,22850198.0,158.54833889099973,100.0,0.5
S1,AZIK4ZA,KSWIN,KSWIN_alpha=1e-05_window_size=100,mod,1e-05,100.0,1.0,177.95468647045905,839.4801447294714,4.717381494017733,4726,72848,12963643.0,51337946187.0,628.1831377689996,,
S1,AOYM4KG,PH,PH_threshold=200_delta=0.5,mod,,,,119.19684659873312,240.6809493964333,2.019188898567652,1596,14524,1731215.0,841336387.0,18.41967621500225,200.0,0.5
S1,ASFODQR,Sem detector (HT),HT,mod,,,,21.14416642523513,32.31077025526593,1.528117477201829,0,141517,2992259.0,147741749.0,609.126209076,,
S1,A0NVTRV,KSWIN,KSWIN_alpha=0.005_window_size=1000,mod,0.005,1000.0,1.0,174.41425487141646,507.5781999742703,2.910187589589351,333,36591,6381992.0,9427145304.0,92.98836439599836,,
S1,A0VFT1N,KSWIN,KSWIN_alpha=1e-05_window_size=100,mod,1e-05,100.0,1.0,44.94512971234177,315.13343004186817,7.011514530245837,5274,86422,3884248.0,8582489202.0,1555.6272849159996,,
S1,AURCTAK,PH,PH_threshold=500_delta=0.005,mod,,,,173.98797017960013,384.80136452322506,2.211655001929223,585,11804,2053754.0,1747842952.0,15.518315396999242,500.0,0.005
S1,AIFDJZB,KSWIN,KSWIN_alpha=0.0001_window_size=100,mod,0.0001,100.0,1.0,157.76413842219418,1181.766986549465,7.490719997385759,9148,123564,19493968.0,172566172182.0,1498.251679254,,
S1,AJMQUVV,PH,PH_threshold=50_delta=5,mod,,,,197.28405089807012,883.140507181092,4.476492160217148,5642,89748,17705849.0,69997799825.0,223.6066308770005,50.0,5.0
S1,AKXN5ZZ,KSWIN,KSWIN_alpha=0.005_window_size=1000,mod,0.005,1000.0,1.0,366.0524998168185,979.9181523295098,2.676988008058637,742,81886,29974575.0,78630178679.0,192.9996349110006,,
S1,AYEFCWQ,KSWIN,KSWIN_alpha=0.0001_window_size=300,mod,0.0001,300.0,1.0,861.4216599119559,2406.553929372089,2.7937002763757506,3240,114488,98622443.0,663057459793.0,288.8718655120001,,
S1,AURCTAK,PH,PH_threshold=500_delta=5,mod,,,,138.66214842426297,276.59379741763644,1.9947318036018424,266,11804,1636768.0,903054736.0,28.46301542500441,500.0,5.0
S1,AOYM4KG,PH,PH_threshold=200_delta=2,mod,,,,133.2570228587166,248.88048192922008,1.8676725368019904,1305,14524,1935425.0,899638263.0,17.0293224249981,200.0,2.0
S1,AV2GF3B,PH,PH_threshold=100_delta=5,mod,,,,60.19279968350257,191.29325064152056,3.178008858988985,510,7583,456442.0,277485536.0,19.10183483199944,100.0,5.0
S1,A0VFT1N,KSWIN,KSWIN_alpha=0.001_window_size=100,mod,0.001,100.0,1.0,9.669829441577376,14.881562456927265,1.538968453046441,6537,86422,835686.0,19139094.0,817.281994039,,
S1,AHYIJDV,KSWIN,KSWIN_alpha=0.005_window_size=1000,mod,0.005,1000.0,1.0,469.7441816016584,1025.4567089777336,2.1830109858546747,615,68017,31950590.0,71524055960.0,174.3199301009954,,
S1,AMV7EQF,ADWIN,ADWIN_delta=0.0001,mod,,,,176.7908042492158,1048.9398362408306,5.933226225738398,6199,85757,15161049.0,94356264313.0,89.327373782,,0.0001
S1,AIFDJZB,KSWIN,KSWIN_alpha=0.0001_window_size=300,mod,0.0001,300.0,1.0,889.1632918973164,2252.0144676414525,2.532734412411531,3533,123564,109868573.0,626663371991.0,540.411867445,,
S1,AJWW3IY,ADWIN,ADWIN_delta=0.05,mod,,,,8.486314902519103,13.538602760599066,1.5953453196251564,8568,68834,584147.0,12616843.0,149.82066161200055,,0.05
S1,AQC0L71,PH,PH_threshold=500_delta=5,mod,,,,416.2788111291948,1000.6784716322784,2.403865978472086,615,51612,21484982.0,51682058314.0,95.83602930300547,500.0,5.0
S1,A36HR6Y,KSWIN,KSWIN_alpha=0.005_window_size=100,mod,0.005,100.0,1.0,10.15149257318656,15.443926107919603,1.5213453584857175,3291,41606,422363.0,9923649.0,176.4296935179991,,
S1,A4G0044,ADWIN,ADWIN_delta=1e-05,mod,,,,72.35464690070864,214.9452264050567,2.970717647202719,656,12277,888298.0,567215206.0,11.45261310999922,,1e-05
S1,AURCTAK,PH,PH_threshold=200_delta=5,mod,,,,162.65935276177566,354.78948313987854,2.1811809595694687,464,11804,1920031.0,1485835315.0,27.21045304700237,200.0,5.0
S1,AQC0L71,Sem detector (HT),HT,mod,,,,16.525846702317292,64.35629734398675,3.894281394669029,0,51612,852932.0,213763124.0,202.2885088260009,,
S1,AMV7EQF,KSWIN,KSWIN_alpha=0.005_window_size=100,mod,0.005,100.0,1.0,112.2760824189279,1125.895510001459,10.02791944414736,6849,85757,9628460.0,108709063462.0,378.9152946230006,,
S1,AFPB8J2,KSWIN,KSWIN_alpha=1e-05_window_size=300,mod,1e-05,300.0,1.0,709.2559947720787,1977.5826790488247,2.7882495088170898,1976,74982,53181433.0,293242098937.0,626.8816129569968,,
S1,APGIB2T,PH,PH_threshold=50_delta=5,mod,,,,129.31695542917603,340.7246045076812,2.634802245203556,1117,15122,1955531.0,1755562219.0,37.041743149995455,50.0,5.0
S1,A1K5DRI,KSWIN,KSWIN_alpha=0.001_window_size=1000,mod,0.001,1000.0,1.0,480.1194411582446,1110.067161005834,2.312064594443203,792,88755,42613001.0,109368269043.0,228.98414797499936,,
S1,AAXAA7Z,PH,PH_threshold=500_delta=0.5,mod,,,,255.7910627429929,888.3673294108706,3.473019424073708,2386,61473,15724244.0,48514277180.0,153.45715857200412,500.0,0.5
S1,A3OU183,KSWIN,KSWIN_alpha=0.001_window_size=1000,mod,0.001,1000.0,1.0,65.04023845007451,135.96269422269975,2.090439664163685,67,7381,480062.0,136444090.0,13.002599079001811,,
S1,A0NVTRV,KSWIN,KSWIN_alpha=0.005_window_size=300,mod,0.005,300.0,1.0,511.0365663687792,1515.670975778918,2.965875781744284,1083,36591,18699339.0,84058986023.0,146.82262273099332,,
S1,AA2KP1S,PH,PH_threshold=100_delta=2,mod,,,,83.50606895337283,387.8043674331478,4.644026144371441,5164,79503,6638983.0,11956633255.0,196.2978900199996,100.0,2.0
S1,AJMQUVV,PH,PH_threshold=200_delta=0.5,mod,,,,54.86462093862816,403.3612617808752,7.351937457693859,6246,89748,4923990.0,14602027198.0,232.31361740099965,200.0,0.5
S1,AURCTAK,KSWIN,KSWIN_alpha=1e-05_window_size=300,mod,1e-05,300.0,1.0,113.29396814639104,258.40061763373114,2.280797661706427,318,11804,1337322.0,788163458.0,98.71987726099906,,
S1,ASFODQR,KSWIN,KSWIN_alpha=0.01_window_size=300,mod,0.01,300.0,1.0,920.20897842662,2109.6104996384984,2.292534140718259,4168,141517,130225214.0,629815246876.0,238.835736471,,
S1,AUY8KYW,KSWIN,KSWIN_alpha=0.0001_window_size=1000,mod,0.0001,1000.0,1.0,602.4170272915081,1455.309550086066,2.4157842228152115,824,91970,55404294.0,194785643788.0,232.2276264580005,,
S1,AJMQUVV,PH,PH_threshold=500_delta=0.5,mod,,,,243.8006529393413,1033.0331352680564,4.237204137123783,2959,89748,21880621.0,95775247591.0,199.49320369399996,500.0,0.5
S1,AJWW3IY,PH,PH_threshold=500_delta=5,mod,,,,230.4276810878345,567.8221965121181,2.4642100021640867,893,68834,15861259.0,22193599173.0,131.87520379400303,500.0,5.0
S1,A4G0044,KSWIN,KSWIN_alpha=0.01_window_size=100,mod,0.01,100.0,1.0,12.262279058401887,19.33270182724996,1.5765994017240654,1011,12277,150544.0,4588570.0,46.73696318000293,,
S1,A7EM0B6,KSWIN,KSWIN_alpha=1e-05_window_size=300,mod,1e-05,300.0,1.0,656.5841972187105,1735.553615390874,2.6433070164385253,1725,63280,41548648.0,190608621148.0,231.654906603002,,
S1,A0NVTRV,PH,PH_threshold=100_delta=2,mod,,,,227.87166243065235,937.3025853673438,4.113291557929415,1835,36591,8338052.0,32146515772.0,58.412033458000224,100.0,2.0
S1,ATHKM6V,KSWIN,KSWIN_alpha=1e-05_window_size=100,mod,1e-05,100.0,1.0,85.22777136258661,595.6929174469252,6.989422672014432,2751,45032,3837977.0,15979607537.0,757.7433905520011,,
S1,AMV7EQF,PH,PH_threshold=500_delta=0.005,mod,,,,377.9642128339378,1242.756004187,3.2880255907535267,3713,85757,32413077.0,132446754267.0,89.85405996900045,500.0,0.005
S1,AV2GF3B,KSWIN,KSWIN_alpha=0.01_window_size=300,mod,0.01,300.0,1.0,200.16114994065677,434.9097932755225,2.172798234844591,228,7583,1517822.0,1434298124.0,25.592099638000946,,
S1,AJWW3IY,KSWIN,KSWIN_alpha=0.005_window_size=100,mod,0.005,100.0,1.0,9.084158991196212,14.015093930830297,1.542805882681361,5440,68834,625299.0,13520571.0,625.0689971409993,,
S1,AX6281V,KSWIN,KSWIN_alpha=0.01_window_size=100,mod,0.01,100.0,1.0,11.21234258055842,19.37325888671913,1.727851137933592,5364,66939,750543.0,25123757.0,312.6619994279972,,
S1,ASFODQR,KSWIN,KSWIN_alpha=1e-05_window_size=300,mod,1e-05,300.0,1.0,740.1126013129165,2032.9238392695763,2.7467764170793583,3721,141517,104738515.0,584858533331.0,619.845143678,,
S1,A3OU183,PH,PH_threshold=100_delta=0.5,mod,,,,10.683511719279233,21.77980044345509,2.038636828015244,906,7381,78855.0,3501249.0,17.787302106000425,100.0,0.5
S1,AYEFCWQ,PH,PH_threshold=500_delta=2,mod,,,,320.66344944448326,1211.0249497902155,3.7766229730522554,3173,114488,36712117.0,167905974645.0,111.1921829490002,500.0,2.0
S1,AAXAA7Z,KSWIN,KSWIN_alpha=0.0001_window_size=1000,mod,0.0001,1000.0,1.0,542.4440974086184,1683.2723823545805,3.1031260002569185,552,61473,33345666.0,174177961702.0,190.3791889850036,,
S1,AZIK4ZA,PH,PH_threshold=25_delta=0.005,mod,,,,13.983129255435976,26.05018076647792,1.862972178158966,18054,72848,1018643.0,49435521.0,141.6850114730005,25.0,0.005
S1,AQC0L71,KSWIN,KSWIN_alpha=1e-05_window_size=1000,mod,1e-05,1000.0,1.0,365.1518445322793,935.62036460043,2.562277525391828,449,51612,18846217.0,45180394705.0,173.08212097900105,,
S1,AUY8KYW,PH,PH_threshold=500_delta=0.005,mod,,,,440.9955311514624,1246.9725290532858,2.8276307603330477,4242,91970,40558359.0,143007876701.0,188.33544619499932,500.0,0.005
S1,AJWW3IY,PH,PH_threshold=500_delta=2,mod,,,,278.4593805386873,778.5347536404703,2.795864704339906,1515,68834,19167473.0,41721413705.0,153.9229274870013,500.0,2.0
S1,A0VFT1N,KSWIN,KSWIN_alpha=0.01_window_size=1000,mod,0.01,1000.0,1.0,721.0467357848696,1897.3293694044587,2.631354217752874,784,86422,62314301.0,311106991683.0,195.3638490459998,,
S1,A4E0D03,PH,PH_threshold=200_delta=0.5,mod,,,,90.14583706479657,647.9998634241787,7.188350394465783,4650,72581,6542875.0,30477039377.0,192.82086275500117,200.0,0.5
S1,AURCTAK,PH,PH_threshold=100_delta=0.5,mod,,,,13.582429684852592,22.34082026436624,1.6448323888089909,1913,11804,160327.0,5891521.0,39.84099682500528,100.0,0.5
S1,AFPB8J2,ADWIN,ADWIN_delta=0.01,mod,,,,11.524832626497028,20.36596013023577,1.767137171555263,7437,74982,864155.0,31100459.0,193.5748417879986,,0.01
S1,AYEFCWQ,PH,PH_threshold=200_delta=0.005,mod,,,,97.97341206065263,744.505628307383,7.59905787344101,10079,114488,11216780.0,63459396738.0,148.31581266900048,200.0,0.005
S1,AURCTAK,KSWIN,KSWIN_alpha=0.0001_window_size=100,mod,0.0001,100.0,1.0,21.822178922399186,78.90941610812517,3.616019114714952,871,11804,257589.0,73499919.0,139.6625443189987,,
S1,AYWIEKR,PH,PH_threshold=500_delta=5,mod,,,,323.6175491855917,803.1193521985901,2.481692832232681,1334,85645,27716225.0,55241084427.0,185.5960051059992,500.0,5.0
S1,A0VFT1N,PH,PH_threshold=500_delta=0.5,mod,,,,448.791430422809,1519.6333881522469,3.386057052650474,2685,86422,38785453.0,199573083095.0,190.7040716690008,500.0,0.5
S1,A0VFT1N,PH,PH_threshold=100_delta=5,mod,,,,455.88922959431625,1308.5659604221144,2.870359454612632,3316,86422,39398859.0,147984268595.0,191.36846685099957,100.0,5.0
S1,AHYIJDV,PH,PH_threshold=200_delta=0.5,mod,,,,345.83479130217444,1179.7133025337444,3.4112048070460483,4143,68017,23522645.0,94660855679.0,171.5008963740038,200.0,0.5
S1,ASFODQR,PH,PH_threshold=50_delta=2,mod,,,,89.45866574333826,476.491175960528,5.326383665587043,17169,141517,12659922.0,32130563214.0,190.55438778099983,50.0,2.0
S1,AFPB8J2,PH,PH_threshold=50_delta=5,mod,,,,291.2232935904617,1019.8813083942516,3.5020595221633584,4248,74982,21836505.0,77993118399.0,162.32260632899852,50.0,5.0
S1,AV2GF3B,PH,PH_threshold=500_delta=2,mod,,,,147.9355136489516,375.3505153360641,2.5372576609749324,229,7583,1121795.0,1068353775.0,14.538354220996553,500.0,2.0
S1,A4G0044,PH,PH_threshold=200_delta=2,mod,,,,154.80874806548832,325.9742969032834,2.1056581167195243,822,12277,1900587.0,1304544717.0,13.231691521999892,200.0,2.0
S1,AFPB8J2,PH,PH_threshold=50_delta=0.005,mod,,,,12.17882958576725,21.69012226960259,1.7809693548016043,15428,74982,913193.0,35276137.0,256.9492527689981,50.0,0.005
S1,AFPB8J2,KSWIN,KSWIN_alpha=0.01_window_size=300,mod,0.01,300.0,1.0,692.592088767971,1774.157401460321,2.5616195019153487,2221,74982,51931940.0,236015928966.0,269.652731047001,,
S1,AX6281V,ADWIN,ADWIN_delta=0.0001,mod,,,,10.753716069854644,19.593852242433652,1.8220540802039704,4417,66939,719843.0,25699157.0,68.09031837099974,,0.0001
S1,AOYM4KG,PH,PH_threshold=25_delta=0.5,mod,,,,14.916758468741394,25.29938473719111,1.6960377008320464,3299,14524,216651.0,9296215.0,25.26067541100201,25.0,0.5
S1,AA2KP1S,ADWIN,ADWIN_delta=0.002,mod,,,,7.093795202696754,11.714824392592808,1.6514184661180151,6698,79503,563978.0,10910762.0,187.26251514699837,,0.002
S1,A4G0044,ADWIN,ADWIN_delta=0.05,mod,,,,40.16795634112568,154.5212387602018,3.8468782789926586,1399,12277,493142.0,293135636.0,15.15083551600037,,0.05
S1,AJMQUVV,KSWIN,KSWIN_alpha=0.01_window_size=100,mod,0.01,100.0,1.0,212.49674644560324,1933.2491014358504,9.097782125011218,7272,89748,19071158.0,335428850012.0,687.2305018999996,,
S1,A1ZJ41O,PH,PH_threshold=25_delta=5,mod,,,,269.51196371721664,1148.1365827619263,4.260057946691376,5120,79156,21333489.0,104344833349.0,90.45920329399996,25.0,5.0
S1,A1ZJ41O,PH,PH_threshold=25_delta=0.005,mod,,,,10.799939360250644,19.955747824664424,1.8477648030239768,19129,79156,854880.0,31522442.0,151.2211406990009,25.0,0.005
S1,AQC0L71,KSWIN,KSWIN_alpha=0.01_window_size=300,mod,0.01,300.0,1.0,439.00561884832985,1334.8533306986403,3.040629261649184,1514,51612,22657958.0,91963986188.0,180.5651947219958,,
S1,AJWW3IY,PH,PH_threshold=200_delta=0.5,mod,,,,199.78314495743385,916.0199929401527,4.58507144401657,4219,68834,13751873.0,57758101919.0,163.80115231500167,200.0,0.5
S1,AOYM4KG,KSWIN,KSWIN_alpha=0.001_window_size=300,mod,0.001,300.0,1.0,92.0382814651611,220.96338476243835,2.4007769511220043,424,14524,1336764.0,709131648.0,26.928888924001512,,
S1,A1ZJ41O,KSWIN,KSWIN_alpha=0.0001_window_size=300,mod,0.0001,300.0,1.0,499.7037369245541,1617.1274777468675,3.2361724723123766,2254,79156,39554549.0,207000956863.0,206.2044323400005,,
S1,AAXAA7Z,PH,PH_threshold=50_delta=0.5,mod,,,,60.97348429391766,407.4402616954873,6.6822532189804855,10094,61473,3748223.0,10204983157.0,204.10636149600032,50.0,0.5
S1,AJWW3IY,PH,PH_threshold=50_delta=0.005,mod,,,,8.855173315512683,16.169985057840403,1.8260495285296647,12823,68834,609537.0,17997917.0,233.93669146200045,50.0,0.005
S1,AQC0L71,KSWIN,KSWIN_alpha=0.0001_window_size=300,mod,0.0001,300.0,1.0,412.5163915368519,1372.2288853014788,3.32648329485567,1432,51612,21290796.0,97186021210.0,296.13182666700595,,
S1,A0NVTRV,PH,PH_threshold=500_delta=2,mod,,,,475.6574567516602,1264.9723672634707,2.6594187672409606,597,36591,17404782.0,58551274896.0,83.38101627599826,500.0,2.0
S1,AMV7EQF,PH,PH_threshold=25_delta=0.005,mod,,,,12.735438506477603,23.392528404558213,1.8368058856128204,23343,85757,1092153.0,46927121.0,182.9840666630007,25.0,0.005
S1,APGIB2T,PH,PH_threshold=100_delta=5,mod,,,,139.8239650839836,339.75103615039814,2.429848387909259,718,15122,2114418.0,1745544052.0,28.75720296099462,100.0,5.0
S1,AV2GF3B,PH,PH_threshold=100_delta=0.005,mod,,,,11.357773968086509,19.244931820218767,1.6944281400821926,1295,7583,86126.0,2808496.0,24.49787980600377,100.0,0.005
S1,AUY8KYW,KSWIN,KSWIN_alpha=0.005_window_size=300,mod,0.005,300.0,1.0,573.0096553223877,1713.0745425024725,2.989608511114284,2719,91970,52699698.0,269897404980.0,337.05493105499954,,
S1,AYWIEKR,ADWIN,ADWIN_delta=0.05,mod,,,,225.09449471656256,1133.526757333906,5.035781789160304,10976,85645,19278218.0,110043796792.0,246.32473995599867,,0.05
S1,AQC0L71,PH,PH_threshold=200_delta=0.5,mod,,,,6.905564597380455,10.842538670038682,1.5701161747370624,3148,51612,356410.0,6067540.0,108.66635264900106,200.0,0.5
S1,A0VFT1N,KSWIN,KSWIN_alpha=0.01_window_size=100,mod,0.01,100.0,1.0,10.54435213255884,20.61093969725784,1.954690002585877,7016,86422,911264.0,36713002.0,554.9541940959989,,
S1,A0VFT1N,KSWIN,KSWIN_alpha=1e-05_window_size=300,mod,1e-05,300.0,1.0,646.3610886116961,1676.4716854650078,2.593707627211691,2320,86422,55859818.0,242893984032.0,638.4011750860009,,
S1,AHYIJDV,ADWIN,ADWIN_delta=1e-05,mod,,,,149.8899392798859,714.4987989423823,4.76682292604186,4053,68017,10195064.0,34723258936.0,162.0342701949994,,1e-05
S1,A3OU183,KSWIN,KSWIN_alpha=0.0001_window_size=300,mod,0.0001,300.0,1.0,107.7425823059206,265.7664322380437,2.4666796223932668,207,7381,795248.0,521333290.0,46.09636377300194,,
S1,AIFDJZB,PH,PH_threshold=25_delta=2,mod,,,,13.968405037065812,21.69663426349637,1.5532649723374532,20205,123564,1725992.0,58167004.0,404.486912183,25.0,2.0
S1,AFPB8J2,PH,PH_threshold=500_delta=2,mod,,,,527.5655890747113,1356.6405446062265,2.57151067601967,1617,74982,39557923.0,138002389021.0,166.97633476099872,500.0,2.0
S1,A0VFT1N,ADWIN,ADWIN_delta=0.05,mod,,,,10.735368308995394,18.029020137017145,1.6794039680883837,10439,86422,927772.0,28091088.0,226.8239860499998,,0.05
S1,A4G0044,PH,PH_threshold=25_delta=0.005,mod,,,,12.125519263663762,20.65511526851695,1.703441709949166,3399,12277,148865.0,5237783.0,23.38218412399874,25.0,0.005
S1,A3OU183,ADWIN,ADWIN_delta=0.05,mod,,,,10.781465926026284,19.831760890252003,1.8394308368010008,811,7381,79578.0,2902938.0,18.53980275199865,,0.05
S1,AZIK4ZA,KSWIN,KSWIN_alpha=0.005_window_size=100,mod,0.005,100.0,1.0,12.400065890621567,20.848563800970684,1.6813268562337955,5814,72848,903320.0,31664302.0,331.48939551799776,,
S1,AYWIEKR,KSWIN,KSWIN_alpha=0.005_window_size=300,mod,0.005,300.0,1.0,400.9313678556833,1286.9623597882362,3.2099318311544107,2515,85645,34337767.0,141851425333.0,361.2377180959993,,
S1,AYWIEKR,PH,PH_threshold=100_delta=5,mod,,,,245.8981143090665,707.7808895661177,2.878350212464485,3518,85645,21059944.0,42904187142.0,190.0184147580003,100.0,5.0
S1,A1ZJ41O,Sem detector (HT),HT,mod,,,,13.2328566375259,21.192317143897583,1.601492234397836,0,79156,1047460.0,35550092.0,205.47438159500047,,
S1,AFPB8J2,PH,PH_threshold=500_delta=0.005,mod,,,,357.3733295991038,1120.6258097253672,3.135728709757018,2714,74982,26796567.0,94162560967.0,161.01941244899717,500.0,0.005
S1,APGIB2T,KSWIN,KSWIN_alpha=0.0001_window_size=300,mod,0.0001,300.0,1.0,153.70017193492924,372.0712073454994,2.420759864231122,422,15122,2324254.0,2093444062.0,95.0417225820056,,
S1,AX6281V,KSWIN,KSWIN_alpha=0.0001_window_size=300,mod,0.0001,300.0,1.0,408.52171379913057,1305.3912906299588,3.1954024634093683,1872,66939,27346035.0,114067163419.0,209.43928623199827,,
S1,AOYM4KG,KSWIN,KSWIN_alpha=0.01_window_size=100,mod,0.01,100.0,1.0,14.180115670614155,23.26258273363628,1.64050726199956,1220,14524,205952.0,7859630.0,46.713231791,,
S1,AQC0L71,PH,PH_threshold=500_delta=0.5,mod,,,,268.23651476400835,914.0067763937273,3.407465897019504,1560,51612,13844223.0,43117097685.0,109.73211045600328,500.0,0.5
S1,A36HR6Y,KSWIN,KSWIN_alpha=0.01_window_size=1000,mod,0.01,1000.0,1.0,458.27000913329806,1091.590165739391,2.381980369616284,372,41606,19066782.0,49576423556.0,39.72930363400155,,
S1,A1K5DRI,ADWIN,ADWIN_delta=1e-05,mod,,,,277.7861979606783,1221.3575620804158,4.396753946188873,5307,88755,24654914.0,132397102204.0,202.0892069170004,,1e-05
S1,AKXN5ZZ,PH,PH_threshold=500_delta=0.5,mod,,,,478.0238990792077,1374.407100059669,2.875184907505916,2485,81886,39143465.0,154682234473.0,166.7408105249997,500.0,0.5
S1,A3OU183,PH,PH_threshold=500_delta=2,mod,,,,68.61739601679989,179.0581604409166,2.6095155286434517,236,7381,506465.0,236648329.0,17.18168782700377,500.0,2.0
S1,A0NVTRV,Sem detector (HT),HT,mod,,,,9.896285971960316,16.990168317700757,1.7168226914460556,0,36591,362115.0,10562571.0,117.88074921000224,,
S1,ATHKM6V,KSWIN,KSWIN_alpha=0.0001_window_size=1000,mod,0.0001,1000.0,1.0,434.1900870492095,1162.0779255247928,2.676426662391966,406,45032,19552448.0,60812343328.0,136.39743350299975,,
S1,AHYIJDV,KSWIN,KSWIN_alpha=1e-05_window_size=1000,mod,1e-05,1000.0,1.0,307.8001823073643,748.0767503580407,2.4303973595799344,599,68017,20935645.0,38063593581.0,248.56133653399596,,
S1,AQC0L71,PH,PH_threshold=200_delta=5,mod,,,,228.2227582732698,750.314954213335,3.2876430023465124,1152,51612,11779033.0,29056138245.0,86.45174523100286,200.0,5.0
S1,A36HR6Y,Sem detector (HT),HT,mod,,,,15.69165504975244,28.7711203091182,1.83353000164072,0,41606,652867.0,34440505.0,71.17872559900206,,
S1,AQC0L71,PH,PH_threshold=50_delta=0.005,mod,,,,7.359141284972487,13.249364071488309,1.800395393759293,10000,51612,379820.0,9060262.0,160.0907105449951,50.0,0.005
S1,AV2GF3B,KSWIN,KSWIN_alpha=1e-05_window_size=1000,mod,1e-05,1000.0,1.0,106.09508110246604,217.41005164248784,2.04920010789675,66,7583,804519.0,358426651.0,36.27180298299936,,
S1,AOYM4KG,PH,PH_threshold=25_delta=0.005,mod,,,,13.899545579730102,22.94263348628808,1.6506031333675857,3702,14524,201877.0,7644917.0,27.488465925998756,25.0,0.005
S1,AFPB8J2,KSWIN,KSWIN_alpha=1e-05_window_size=1000,mod,1e-05,1000.0,1.0,404.3799045104158,890.47757137012,2.202081659938627,657,74982,30321214.0,59456999778.0,301.6014217379998,,
S1,AYWIEKR,ADWIN,ADWIN_delta=0.0001,mod,,,,361.6273337614572,1431.212523563784,3.957700068402088,6265,85645,30971573.0,175432587637.0,158.6006053500023,,0.0001
S1,AYEFCWQ,KSWIN,KSWIN_alpha=0.005_window_size=100,mod,0.005,100.0,1.0,11.187076374816575,70.74009060327214,6.323376030802507,9220,114488,1280786.0,572916318.0,514.8205415940001,,
S1,AAXAA7Z,PH,PH_threshold=500_delta=5,mod,,,,426.4982512647829,1094.364098089667,2.5659286875018235,1144,61473,26218127.0,73622079835.0,97.18997388100252,500.0,5.0
S1,ASFODQR,PH,PH_threshold=100_delta=0.005,mod,,,,18.05378152448116,31.20892133198443,1.7286639527383634,19767,141517,2554917.0,137837101.0,221.6463657020001,100.0,0.005
S1,A3OU183,PH,PH_threshold=100_delta=2,mod,,,,40.71413087657499,170.8361954923074,4.19599268888234,613,7381,300511.0,215414527.0,19.141330345002643,100.0,2.0
S1,AYEFCWQ,PH,PH_threshold=25_delta=0.5,mod,,,,11.939661798616449,24.912268676273545,2.0865137636612405,25713,114488,1366948.0,71053672.0,237.2206085759999,25.0,0.5
S1,A3OU183,PH,PH_threshold=200_delta=5,mod,,,,108.7738788782008,291.13342830999073,2.676501300794711,259,7381,802860.0,625603766.0,10.518298613002116,200.0,5.0
S1,APGIB2T,PH,PH_threshold=500_delta=0.005,mod,,,,144.0801481285544,362.9977623614696,2.5194155272354912,641,15122,2178780.0,1992586252.0,37.755504259999725,500.0,0.005
S1,AOYM4KG,PH,PH_threshold=500_delta=0.5,mod,,,,129.9257780225833,240.45861092767015,1.8507382798652503,816,14524,1887042.0,839782670.0,14.995623939001234,500.0,0.5
S1,AURCTAK,PH,PH_threshold=200_delta=0.005,mod,,,,64.76042019654355,236.89122802232987,3.6579631093093714,1247,11804,764432.0,662410426.0,32.35503345700272,200.0,0.005
S1,AURCTAK,PH,PH_threshold=25_delta=0.5,mod,,,,14.422314469671296,24.230444748866844,1.6800663166665153,3188,11804,170241.0,6930299.0,51.19326536900189,25.0,0.5
S1,AYWIEKR,KSWIN,KSWIN_alpha=0.005_window_size=1000,mod,0.005,1000.0,1.0,463.507817152198,1223.6703944756007,2.6400210507642736,775,85645,39697127.0,128242188073.0,182.9216349589988,,
S1,APGIB2T,PH,PH_threshold=25_delta=0.5,mod,,,,8.796257108848035,16.321339594953184,1.855486872767256,3718,15122,133017.0,4028291.0,63.62537514100404,25.0,0.5
S1,AMV7EQF,KSWIN,KSWIN_alpha=0.005_window_size=1000,mod,0.005,1000.0,1.0,436.7702461606633,1106.0217074081622,2.5322734713053667,776,85757,37456106.0,104905167468.0,86.99754076199861,,
S1,AURCTAK,KSWIN,KSWIN_alpha=0.01_window_size=100,mod,0.01,100.0,1.0,14.111995933581836,22.82086250568149,1.61712507664316,992,11804,166578.0,6147426.0,67.0170461509988,,
S1,A4G0044,KSWIN,KSWIN_alpha=0.0001_window_size=1000,mod,0.0001,1000.0,1.0,107.24427791805816,225.75354235998915,2.1050404435794703,110,12277,1316638.0,625693154.0,12.992085387999396,,
S1,AJWW3IY,KSWIN,KSWIN_alpha=0.0001_window_size=100,mod,0.0001,100.0,1.0,78.78761949036813,582.5577046064427,7.394025969748471,4778,68834,5423267.0,23360434067.0,991.9991781069984,,
S1,A0VFT1N,PH,PH_threshold=200_delta=2,mod,,,,420.1466061882391,1248.672618534572,2.971992633388372,3701,86422,36309910.0,134747739868.0,178.9491970250001,200.0,2.0
S1,APGIB2T,KSWIN,KSWIN_alpha=0.005_window_size=100,mod,0.005,100.0,1.0,38.71478640391483,235.37825450837775,6.079802483026909,1202,15122,585445.0,837802997.0,101.5470287539938,,
S1,AA2KP1S,KSWIN,KSWIN_alpha=0.001_window_size=1000,mod,0.001,1000.0,1.0,274.4961070651422,708.2346665692492,2.580126451123673,720,79503,21823264.0,39878414052.0,173.87607687200216,,
S1,AJMQUVV,PH,PH_threshold=25_delta=0.5,mod,,,,10.43887328965548,18.81031888214104,1.801949152959002,20320,89748,936868.0,31755364.0,360.8879619540003,25.0,0.5
S1,A36HR6Y,PH,PH_threshold=25_delta=5,mod,,,,288.4031389703408,985.4426546809144,3.416892958235994,3881,41606,11999301.0,40403471171.0,50.03669932399862,25.0,5.0
S1,ASFODQR,PH,PH_threshold=500_delta=2,mod,,,,533.6881434739289,1507.0799437522571,2.823896243866769,4027,141517,75525945.0,321426140825.0,136.03809431499985,500.0,2.0
S1,A4G0044,PH,PH_threshold=200_delta=5,mod,,,,143.22749857457035,281.03978413592307,1.962191526996485,492,12277,1758404.0,969678714.0,12.207931193999684,200.0,5.0
S1,AQC0L71,PH,PH_threshold=100_delta=0.5,mod,,,,185.140994342401,907.4593242629752,4.901449986731269,5305,51612,9555497.0,42501574929.0,89.58482051100145,100.0,0.5
S1,A4E0D03,KSWIN,KSWIN_alpha=0.01_window_size=100,mod,0.01,100.0,1.0,10.202546120885632,15.948626984502049,1.5632006751582934,5799,72581,740511.0,18461609.0,609.7609467279981,,
S1,AYEFCWQ,PH,PH_threshold=50_delta=5,mod,,,,239.03435294528688,1065.322574709492,4.456776030654206,8079,114488,27366565.0,129933826601.0,133.84943932500028,50.0,5.0
S1,ASFODQR,KSWIN,KSWIN_alpha=0.005_window_size=1000,mod,0.005,1000.0,1.0,498.2315764183808,1233.4475982239912,2.475651196358992,1274,141517,70508238.0,215302970006.0,147.15017232999992,,
S1,AIFDJZB,KSWIN,KSWIN_alpha=0.001_window_size=300,mod,0.001,300.0,1.0,795.7625521996698,1968.825628509469,2.474137068987708,3621,123564,98327604.0,478967964460.0,495.842289863,,
S1,A1ZJ41O,KSWIN,KSWIN_alpha=0.01_window_size=100,mod,0.01,100.0,1.0,10.59605083632321,17.18571256767198,1.6218978969749225,6571,79156,838741.0,23378623.0,289.1310720599995,,
S1,AAXAA7Z,ADWIN,ADWIN_delta=1e-05,mod,,,,298.4355245392286,1418.28937356717,4.752414699144637,3976,61473,18345727.0,123655690243.0,148.3141434479985,,1e-05
S1,AOYM4KG,PH,PH_threshold=50_delta=0.5,mod,,,,23.808868080418616,73.799523933803,3.099665371933357,2763,14524,345800.0,79103074.0,23.5937702730007,50.0,0.5
S1,A0VFT1N,PH,PH_threshold=500_delta=2,mod,,,,542.7776607808197,1726.4154024665088,3.180704600080541,1911,86422,46907931.0,257581647481.0,196.4134201779998,500.0,2.0
S1,AJWW3IY,PH,PH_threshold=200_delta=0.005,mod,,,,89.04600923961995,517.3716724636372,5.810161251262891,4917,68834,6129393.0,18425034083.0,192.51339234600164,200.0,0.005
S1,A0NVTRV,PH,PH_threshold=100_delta=0.005,mod,,,,6.928862288540898,13.037354647976043,1.881601063068825,3737,36591,253534.0,6219468.0,106.4381477959978,100.0,0.005
S1,AFPB8J2,ADWIN,ADWIN_delta=0.002,mod,,,,10.526059587634366,16.461349709189083,1.5638662855877503,6293,74982,789265.0,20318325.0,191.10441937,,0.002
S1,A4E0D03,KSWIN,KSWIN_alpha=0.001_window_size=100,mod,0.001,100.0,1.0,11.301428748570563,19.13843446428723,1.6934526501092098,5345,72581,820269.0,26584945.0,744.8064056990006,,
S1,A4E0D03,PH,PH_threshold=50_delta=0.5,mod,,,,10.651368815530237,19.55211317779088,1.8356432413909944,11150,72581,773087.0,27746637.0,224.05273142999795,50.0,0.5
S1,ATHKM6V,ADWIN,ADWIN_delta=0.0001,mod,,,,7.319017587493338,12.522857055655592,1.7110024543532347,3192,45032,329590.0,7062006.0,96.610764887002,,0.0001
S1,AIFDJZB,KSWIN,KSWIN_alpha=0.01_window_size=100,mod,0.01,100.0,1.0,16.668673723738305,32.86846322124843,1.9718703338970256,10333,123564,2059648.0,133490622.0,849.9089800720001,,
S1,AURCTAK,ADWIN,ADWIN_delta=0.05,mod,,,,36.036004744154525,148.53067524128244,4.121729817048487,1466,11804,425369.0,260412311.0,18.675646598996536,,0.05
S1,AUY8KYW,ADWIN,ADWIN_delta=0.01,mod,,,,14.872491029683593,24.822463450417423,1.669018552499037,10586,91970,1367823.0,56667747.0,255.3386761519996,,0.01
S1,AYWIEKR,PH,PH_threshold=200_delta=5,mod,,,,387.8048689357231,980.7968780131638,2.5290989272641817,2363,85645,33213548.0,82387279676.0,179.6789346709993,200.0,5.0
S1,ATHKM6V,KSWIN,KSWIN_alpha=0.001_window_size=300,mod,0.001,300.0,1.0,382.10397050985966,1150.9170410963063,3.012052032750621,1309,45032,17206906.0,59649839118.0,214.46749157799783,,
S1,A0NVTRV,ADWIN,ADWIN_delta=0.0001,mod,,,,7.136973572736466,12.284172930809214,1.721201964055922,2593,36591,261149.0,5521615.0,55.10838912799954,,0.0001
S1,AIFDJZB,PH,PH_threshold=200_delta=0.5,mod,,,,176.67004143601696,1146.7684324284985,6.491018075884776,10022,123564,21830057.0,162496277927.0,285.50871189200006,200.0,0.5
S1,AUY8KYW,PH,PH_threshold=200_delta=0.5,mod,,,,169.92354028487551,799.7546858169302,4.706556163296431,7903,91970,15627868.0,58824707062.0,264.0629254129999,200.0,0.5
S1,A0NVTRV,PH,PH_threshold=500_delta=0.5,mod,,,,464.4871143177284,1374.9577371250552,2.960163360278984,894,36591,16996048.0,69175606728.0,74.70324536400585,500.0,0.5
S1,AX6281V,KSWIN,KSWIN_alpha=1e-05_window_size=300,mod,1e-05,300.0,1.0,448.126249271725,1335.961548410982,2.9812169016702943,1770,66939,29997123.0,119472275953.0,298.587459913997,,
S1,AAXAA7Z,PH,PH_threshold=25_delta=2,mod,,,,121.41652432775363,539.3303941210264,4.441985117817651,9207,61473,7463838.0,17881098666.0,214.25407934400573,25.0,2.0
S1,A7EM0B6,KSWIN,KSWIN_alpha=0.005_window_size=100,mod,0.005,100.0,1.0,12.24012326169406,25.975819313378054,2.1221860889808517,5060,63280,774555.0,42697749.0,281.9474721450024,,
S1,AJWW3IY,KSWIN,KSWIN_alpha=0.01_window_size=100,mod,0.01,100.0,1.0,8.904436760903042,13.662698137410173,1.5343697197558142,5616,68834,612928.0,12849196.0,552.7125564969974,,
S1,A7EM0B6,PH,PH_threshold=500_delta=2,mod,,,,569.7399178255373,1522.6456158476851,2.6725275309109406,1755,63280,36053142.0,146711495210.0,61.02639154899953,500.0,2.0
S1,AOYM4KG,PH,PH_threshold=50_delta=2,mod,,,,73.06382539245386,180.35183281452768,2.468414866670185,2235,14524,1061179.0,472419005.0,20.603958155999862,50.0,2.0
S1,AA2KP1S,PH,PH_threshold=500_delta=5,mod,,,,371.6517489906041,989.229161627276,2.6617099591593343,1129,79503,29547429.0,77799595293.0,154.03627905400208,500.0,5.0
S1,APGIB2T,PH,PH_threshold=200_delta=5,mod,,,,172.42176960719482,395.4993244571709,2.293789962591055,463,15122,2607362.0,2365378940.0,24.166678499001137,200.0,5.0
S1,AHYIJDV,PH,PH_threshold=100_delta=2,mod,,,,487.358307481953,1386.4978272727217,2.8449249884266385,4353,68017,33148650.0,130754263698.0,146.0828391410032,100.0,2.0
S1,AJMQUVV,KSWIN,KSWIN_alpha=0.0001_window_size=100,mod,0.0001,100.0,1.0,144.5322569862281,1338.105455535107,9.25817864770914,6245,89748,12971481.0,160696146307.0,1088.1276514399997,,
S1,A4E0D03,PH,PH_threshold=200_delta=2,mod,,,,243.94315316680675,973.3460493251904,3.990052750771909,3194,72581,17705638.0,68763423156.0,169.02930967599968,200.0,2.0
S1,A7EM0B6,PH,PH_threshold=200_delta=0.5,mod,,,,340.8917983565107,1143.5954521602662,3.3547168270803445,4683,63280,21571633.0,82758252123.0,72.50860776699847,200.0,0.5
S1,AYWIEKR,PH,PH_threshold=200_delta=0.005,mod,,,,176.38239243388406,1047.0534060169362,5.936269440326466,6868,85645,15106270.0,93894397918.0,220.6802618260008,200.0,0.005
S1,A3OU183,ADWIN,ADWIN_delta=0.0001,mod,,,,50.7763175721447,231.54959806992977,4.5601888664127,482,7381,374780.0,395733912.0,16.541018527001143,,0.0001
S1,AQC0L71,PH,PH_threshold=200_delta=0.005,mod,,,,7.167247926838719,11.833860822004972,1.6511024793340128,3718,51612,369916.0,7227758.0,112.58072090399946,200.0,0.005
S1,AFPB8J2,KSWIN,KSWIN_alpha=0.001_window_size=1000,mod,0.001,1000.0,1.0,503.0900882878557,1236.1170016539804,2.4570490065920456,677,74982,37722701.0,114571389399.0,157.3013669869979,,
S1,A36HR6Y,ADWIN,ADWIN_delta=0.05,mod,,,,10.565375186271211,16.64208003987621,1.5751527746502698,5487,41606,439583.0,11523149.0,56.41899124400152,,0.05
S1,AAXAA7Z,PH,PH_threshold=100_delta=0.5,mod,,,,59.71086493257202,395.4658470114167,6.623013206356884,7335,61473,3670606.0,9613961406.0,186.81733469599567,100.0,0.5
S1,AAXAA7Z,KSWIN,KSWIN_alpha=1e-05_window_size=1000,mod,1e-05,1000.0,1.0,277.6208579376312,706.8875525084591,2.5462335854724025,544,61473,17066187.0,30717444101.0,204.5284829250013,,
S1,AAXAA7Z,ADWIN,ADWIN_delta=0.01,mod,,,,57.839978527158266,384.4990880303562,6.647635386825359,6397,61473,3555597.0,9088140577.0,147.2434145389998,,0.01
S1,A0NVTRV,KSWIN,KSWIN_alpha=0.0001_window_size=300,mod,0.0001,300.0,1.0,578.041868218961,1712.7881463066617,2.9630866559615043,1039,36591,21151130.0,107344939580.0,211.33616180800163,,
S1,AX6281V,KSWIN,KSWIN_alpha=1e-05_window_size=100,mod,1e-05,100.0,1.0,70.23043367842364,469.235716544333,6.681372902991097,3913,66939,4701155.0,14738773453.0,692.3624154630015,,
S1,AHYIJDV,KSWIN,KSWIN_alpha=1e-05_window_size=300,mod,1e-05,300.0,1.0,539.0750253613068,1693.417700645083,3.1413395556770523,1800,68017,36666266.0,195049868882.0,540.0525161689948,,
S1,AHYIJDV,PH,PH_threshold=200_delta=5,mod,,,,349.1922754605466,947.5786860992542,2.7136301478877245,1566,68017,23751011.0,61072829303.0,151.87393178699858,200.0,5.0
S1,AAXAA7Z,KSWIN,KSWIN_alpha=0.001_window_size=100,mod,0.001,100.0,1.0,211.55918858685928,1609.669192457601,7.608599764489659,4512,61473,13005178.0,159278688970.0,760.6037706619973,,
S1,A1ZJ41O,PH,PH_threshold=100_delta=0.5,mod,,,,136.6687680024256,732.354617778653,5.358609933219382,7661,79156,10818153.0,42454789161.0,110.40740282599836,100.0,0.5
S1,AZIK4ZA,KSWIN,KSWIN_alpha=0.005_window_size=300,mod,0.005,300.0,1.0,710.796658796398,1699.587818279878,2.391102711650072,2164,72848,51780115.0,210428641889.0,121.632271202001,,
S1,A0NVTRV,PH,PH_threshold=25_delta=2,mod,,,,7.139733814325927,13.998440200922824,1.9606389488687737,3788,36591,261250.0,7170238.0,94.27080975699936,25.0,2.0
S1,AA2KP1S,PH,PH_threshold=100_delta=0.005,mod,,,,7.1158698413896335,13.294940037949823,1.868350649223441,9460,79503,565733.0,14052587.0,213.337262543002,100.0,0.005
S1,AUY8KYW,Sem detector (HT),HT,mod,,,,15.498282048494074,23.48549553656514,1.5153612163644397,0,91970,1425377.0,50727755.0,500.59183443400025,,
S1,AV2GF3B,PH,PH_threshold=50_delta=2,mod,,,,11.070156929974944,18.46710652683737,1.6681883232236314,1218,7583,83945.0,2586061.0,25.91397372099891,50.0,2.0
S1,A0NVTRV,ADWIN,ADWIN_delta=0.002,mod,,,,7.0815774370746905,11.881080198494754,1.6777448674490067,3102,36591,259122.0,5165188.0,95.6155262369939,,0.002
S1,AOYM4KG,KSWIN,KSWIN_alpha=0.01_window_size=300,mod,0.01,300.0,1.0,96.33083172679704,222.29846268779548,2.3076564242511064,431,14524,1399109.0,717726793.0,20.932681700000103,,
S1,A7EM0B6,KSWIN,KSWIN_alpha=0.01_window_size=100,mod,0.01,100.0,1.0,12.443015170670035,26.423931922697896,2.123595572316176,5218,63280,787394.0,44183626.0,244.6417043500005,,
S1,A36HR6Y,ADWIN,ADWIN_delta=0.01,mod,,,,11.487646012594338,23.200631718090012,2.019615828399856,4452,41606,477955.0,22395233.0,48.95567729200047,,0.01
S1,AQC0L71,KSWIN,KSWIN_alpha=0.01_window_size=100,mod,0.01,100.0,1.0,7.546462063086104,12.20880142395492,1.6178179022027928,4141,51612,389488.0,7693018.0,414.7894415279952,,
S1,AZIK4ZA,ADWIN,ADWIN_delta=0.002,mod,,,,141.91074566220075,1045.665082875342,7.36847007600401,6902,72848,10337914.0,79653129834.0,87.82376456399652,,0.002
S1,A1K5DRI,KSWIN,KSWIN_alpha=0.01_window_size=1000,mod,0.01,1000.0,1.0,624.4937299307081,1620.537904818045,2.5949626507825063,795,88755,55426941.0,233083330925.0,179.1668401449988,,
S1,A1ZJ41O,PH,PH_threshold=25_delta=2,mod,,,,68.02008691697408,567.9573932619573,8.349848096419095,10010,79156,5384198.0,25533794238.0,117.59668083699944,25.0,2.0
S1,AMV7EQF,PH,PH_threshold=50_delta=0.005,mod,,,,11.538020219923736,20.302351528095063,1.759604433093051,18994,85757,989466.0,35347790.0,170.44301270699907,50.0,0.005
S1,AYWIEKR,PH,PH_threshold=100_delta=0.5,mod,,,,312.78423725845056,1362.723336740845,4.356751953631346,9700,85645,26788406.0,159044040468.0,248.2216997200012,100.0,0.5
S1,ASFODQR,KSWIN,KSWIN_alpha=1e-05_window_size=100,mod,1e-05,100.0,1.0,265.3019354565176,2359.2484564720457,8.892692216558373,8531,141517,37544734.0,787691161936.0,1369.065687825,,
S1,AHYIJDV,KSWIN,KSWIN_alpha=0.001_window_size=1000,mod,0.001,1000.0,1.0,394.37114250849055,962.9233211143472,2.4416678030482823,612,68017,26823942.0,63066812682.0,161.90947773899825,,
S1,APGIB2T,KSWIN,KSWIN_alpha=1e-05_window_size=100,mod,1e-05,100.0,1.0,60.71822510249967,245.0148554562764,4.035276970673333,943,15122,918181.0,907808129.0,248.9430745159989,,
S1,AHYIJDV,PH,PH_threshold=50_delta=0.5,mod,,,,11.584500933590132,20.778827984990723,1.7936748509157567,10671,68017,787943.0,29366999.0,206.03836297999808,50.0,0.5
S1,AV2GF3B,PH,PH_threshold=200_delta=2,mod,,,,82.08255307925623,270.4725898583761,3.295128863708913,502,7583,622432.0,554737564.0,10.660469788002956,200.0,2.0
S1,AUY8KYW,PH,PH_threshold=25_delta=2,mod,,,,44.4999891268892,293.3718027268591,6.592626391218343,16726,91970,4092664.0,7915583336.0,337.90174289599963,25.0,2.0
S1,ATHKM6V,KSWIN,KSWIN_alpha=0.001_window_size=100,mod,0.001,100.0,1.0,7.719932492449813,13.164602524861548,1.7052743061855382,3362,45032,347644.0,7804350.0,523.1843085469955,,
S1,AX6281V,PH,PH_threshold=50_delta=0.005,mod,,,,11.75630051240682,24.29715924332099,2.0667351279154,11916,66939,786955.0,39517569.0,112.68320717399912,50.0,0.005
S1,AAXAA7Z,PH,PH_threshold=200_delta=2,mod,,,,209.10045060433035,828.2066710752225,3.960807682057051,3592,61473,12854032.0,42165946826.0,141.82462806999683,200.0,2.0
S1,AMV7EQF,PH,PH_threshold=100_delta=5,mod,,,,396.2440034049699,1291.1957130250555,3.258587390420205,4583,85757,33980697.0,142972901475.0,93.11390062600005,100.0,5.0
S1,AYEFCWQ,PH,PH_threshold=100_delta=0.005,mod,,,,11.100674306477536,22.601301084341408,2.0360295654429708,16181,114488,1270894.0,58482624.0,165.09221499400064,100.0,0.005
S1,AJMQUVV,ADWIN,ADWIN_delta=0.05,mod,,,,9.839350180505416,15.791376206916128,1.604920641832973,11376,89748,883062.0,22380240.0,260.20637484100007,,0.05
S1,A36HR6Y,PH,PH_threshold=200_delta=0.005,mod,,,,235.2430418689612,1100.6944074010155,4.678966904424496,3539,41606,9787522.0,50406841394.0,49.034257004997926,200.0,0.005
S1,A1K5DRI,KSWIN,KSWIN_alpha=0.005_window_size=1000,mod,0.005,1000.0,1.0,648.2173962030308,1529.0924691835485,2.358919211579776,794,88755,57532535.0,207520176033.0,216.7133963080014,,
S1,AFPB8J2,PH,PH_threshold=25_delta=0.005,mod,,,,10.694353311461418,18.785533488239253,1.7565843339125804,20093,74982,801884.0,26460868.0,330.9704571809998,25.0,0.005
S1,AKXN5ZZ,ADWIN,ADWIN_delta=0.0001,mod,,,,110.91740956940136,695.980697096211,6.27476515903244,6500,81886,9082583.0,39664688359.0,161.84080080700005,,0.0001
S1,A36HR6Y,KSWIN,KSWIN_alpha=0.01_window_size=300,mod,0.01,300.0,1.0,592.2504686824016,1472.60782584962,2.4864612249708764,1215,41606,24641173.0,90225681887.0,70.75436127800276,,
S1,A1ZJ41O,PH,PH_threshold=100_delta=5,mod,,,,458.0667542574157,1421.717444942499,3.1037341866193358,2693,79156,36258732.0,159996478724.0,80.04719071699947,100.0,5.0
