scenario,patient,detector,config_id,features,p_alpha,p_window_size,p_seed,mae,rmse,error_ratio,n_drifts,n_imputed,sae,sse,cpu_s,p_threshold,p_delta
S2,A0VFT1N,KSWIN,KSWIN_alpha=0.005_window_size=100,mod,0.005,100.0,1.0,14.020937234617463,20.398054563361946,1.4548281774630218,6960,64765,908066.0,26947462.0,810.8722152619994,,
S2,A0NVTRV,KSWIN,KSWIN_alpha=0.0001_window_size=1000,mod,0.0001,1000.0,1.0,759.3236001749781,1666.877237146403,2.1952132618586977,339,27432,20829765.0,76219255781.0,98.09227736499452,,
S2,AUY8KYW,KSWIN,KSWIN_alpha=0.01_window_size=100,mod,0.01,100.0,1.0,133.63506263774505,819.3284565912428,6.131088955390847,7965,68968,9216543.0,46298157693.0,581.1201193380002,,
S2,AA2KP1S,PH,PH_threshold=50_delta=0.5,mod,,,,151.3540992403535,894.1103272880841,5.907407409350824,12049,59633,9025699.0,47672604629.0,276.7115117729991,50.0,0.5
S2,A0NVTRV,KSWIN,KSWIN_alpha=0.0001_window_size=100,mod,0.0001,100.0,1.0,10.504520268299796,15.385445793255972,1.464650017353546,2630,27432,288160.0,6493482.0,474.7689204019989,,
S2,AA2KP1S,KSWIN,KSWIN_alpha=0.0001_window_size=1000,mod,0.0001,1000.0,1.0,466.9730518337162,1154.174204853262,2.471607730512574,734,59633,27847004.0,79438198368.0,193.29986590399855,,
S2,A4E0D03,KSWIN,KSWIN_alpha=0.01_window_size=300,mod,0.01,300.0,1.0,927.515088028816,2215.16283183021,2.38827687055522,2213,54414,50469806.0,267006579860.0,279.9111406640004,,
S2,AOYM4KG,KSWIN,KSWIN_alpha=0.0001_window_size=100,mod,0.0001,100.0,1.0,27.368276115292822,82.70357329301042,3.021877335079844,1107,10894,298150.0,74513664.0,85.5063184469982,,
S2,A3OU183,PH,PH_threshold=500_delta=0.5,mod,,,,74.61752484191508,198.9499499007032,2.666263057133015,285,5535,413008.0,219081292.0,19.05929102200025,500.0,0.5
S2,AX6281V,PH,PH_threshold=25_delta=5,mod,,,,402.90835058935966,1001.8816069578606,2.4866240808668887,4420,50224,20235669.0,50413181471.0,77.6571685380004,25.0,5.0
S2,A7EM0B6,ADWIN,ADWIN_delta=0.002,mod,,,,111.3819753346685,762.062917430921,6.841887254568406,6093,47435,5283404.0,27547396688.0,71.58780505699906,,0.002
S2,AURCTAK,ADWIN,ADWIN_delta=0.002,mod,,,,64.64770413933499,200.1556126691621,3.0960977707385764,1070,8842,571615.0,354230585.0,26.659326640998188,,0.002
S2,AYEFCWQ,ADWIN,ADWIN_delta=0.0001,mod,,,,50.01897097871151,435.2543145267565,8.701784663103211,9281,85868,4295029.0,16267376461.0,127.06323692800017,,0.0001
S2,A1ZJ41O,PH,PH_threshold=500_delta=0.005,mod,,,,709.0890995580446,1993.491016401952,2.811340658944608,2675,59282,42036220.0,235587049330.0,80.89322016499864,500.0,0.005
S2,A4E0D03,KSWIN,KSWIN_alpha=1e-05_window_size=1000,mod,1e-05,1000.0,1.0,822.8366229279229,1656.103713000728,2.012676231045438,658,54414,44773832.0,149240162760.0,222.295720154998,,
S2,AURCTAK,PH,PH_threshold=50_delta=2,mod,,,,18.99638090929654,28.899094391325992,1.521294741841232,2056,8842,167966.0,7384464.0,39.20596433199535,50.0,2.0
S2,AIFDJZB,PH,PH_threshold=50_delta=2,mod,,,,212.0186531739525,1000.5432014228672,4.719128182565914,15736,92692,19652433.0,92792728203.0,403.267633729,50.0,2.0
S2,AJWW3IY,KSWIN,KSWIN_alpha=0.01_window_size=1000,mod,0.01,1000.0,1.0,560.5064299665448,1121.0781097731622,2.000116412295353,643,51711,28984348.0,64991218806.0,151.73039232500014,,
S2,APGIB2T,KSWIN,KSWIN_alpha=1e-05_window_size=300,mod,1e-05,300.0,1.0,213.44920634920635,402.2924962726986,1.8847223803425237,418,11340,2420514.0,1835257124.0,122.91568227000243,,
S2,AYEFCWQ,PH,PH_threshold=100_delta=0.5,mod,,,,11.706211860064284,18.34166054068101,1.566831419073624,14158,85868,1005189.0,28887413.0,156.86461147500086,100.0,0.5
S2,AX6281V,PH,PH_threshold=500_delta=5,mod,,,,611.7820165657853,1270.6737373278118,2.077004068312909,846,50224,30726140.0,81092260368.0,63.44223468600103,500.0,5.0
S2,A4G0044,PH,PH_threshold=500_delta=0.5,mod,,,,166.18457360130364,351.26188274015686,2.1136852544621587,511,9205,1529729.0,1135758099.0,12.003129300002913,500.0,0.5
S2,A4E0D03,KSWIN,KSWIN_alpha=0.0001_window_size=1000,mod,0.0001,1000.0,1.0,793.4722130334105,1438.8822727327035,1.8133996995709756,669,54414,43175997.0,112657776747.0,223.97369520600117,,
S2,A7EM0B6,ADWIN,ADWIN_delta=0.01,mod,,,,16.379550964477705,24.37048034007337,1.487860100250952,7170,47435,776964.0,28172610.0,75.95531860499977,,0.01
S2,AFPB8J2,ADWIN,ADWIN_delta=0.05,mod,,,,14.120254288454026,19.639704929839205,1.390888898218949,9376,56314,795168.0,21721324.0,211.3239246080011,,0.05
S2,APGIB2T,KSWIN,KSWIN_alpha=0.0001_window_size=1000,mod,0.0001,1000.0,1.0,179.79409171075838,336.2854388528884,1.870392044883675,138,11340,2038865.0,1282416745.0,48.9606797239976,,
S2,AHYIJDV,KSWIN,KSWIN_alpha=0.0001_window_size=1000,mod,0.0001,1000.0,1.0,395.5599121275719,782.7533901303196,1.9788491354449336,623,50983,20166831.0,31237430409.0,159.4432651910029,,
S2,A1K5DRI,PH,PH_threshold=25_delta=0.005,mod,,,,12.01892801345992,20.797199927315425,1.730370620742946,22790,66568,800076.0,28792226.0,357.9819839009997,25.0,0.005
S2,A36HR6Y,PH,PH_threshold=100_delta=0.005,mod,,,,18.413953339315476,32.80355217820576,1.7814508147018695,6202,31204,574589.0,33577783.0,60.44374269800028,100.0,0.005
S2,APGIB2T,ADWIN,ADWIN_delta=0.05,mod,,,,18.86287477954145,77.8670117363884,4.12805644136717,1835,11340,213905.0,68757499.0,45.10575351900479,,0.05
S2,AURCTAK,KSWIN,KSWIN_alpha=0.005_window_size=100,mod,0.005,100.0,1.0,17.96335670662746,26.550643418054666,1.4780446578928637,994,8842,158832.0,6233050.0,99.74149525100074,,
S2,AX6281V,ADWIN,ADWIN_delta=1e-05,mod,,,,15.143915259636827,22.47142800218692,1.4838585409996423,3946,50224,760588.0,25361366.0,68.46916243699889,,1e-05
S2,A4G0044,KSWIN,KSWIN_alpha=0.001_window_size=1000,mod,0.001,1000.0,1.0,145.40706137968496,244.9057923943184,1.6842771600673758,114,9205,1338472.0,552105288.0,12.046280690999993,,
S2,AOYM4KG,PH,PH_threshold=500_delta=5,mod,,,,188.85469065540664,279.0944582628057,1.4778264563841566,426,10894,2057383.0,848574149.0,14.058023456000228,500.0,5.0
S2,A4G0044,KSWIN,KSWIN_alpha=0.005_window_size=100,mod,0.005,100.0,1.0,24.707115697990226,80.46457920256965,3.256737054463827,1006,9205,227429.0,59598219.0,53.25274321500183,,
S2,AJWW3IY,ADWIN,ADWIN_delta=0.0001,mod,,,,154.1148691767709,707.1129113878306,4.588219911323202,5030,51711,7969434.0,25855948306.0,156.50427503699757,,0.0001
S2,AYEFCWQ,KSWIN,KSWIN_alpha=0.005_window_size=300,mod,0.005,300.0,1.0,1281.9607187776587,2937.003509496111,2.2910245739015505,3450,85868,110079403.0,740696476243.0,193.31717887600095,,
S2,AJWW3IY,KSWIN,KSWIN_alpha=0.001_window_size=100,mod,0.001,100.0,1.0,11.102260640869448,15.493339506592596,1.3955121400734176,5387,51711,574109.0,12412893.0,748.4107183909982,,
S2,AJWW3IY,KSWIN,KSWIN_alpha=0.0001_window_size=1000,mod,0.0001,1000.0,1.0,432.18742627294,917.7450011744425,2.1234884343786007,636,51711,22348844.0,43553894182.0,188.69701453499877,,
S2,AQC0L71,PH,PH_threshold=25_delta=0.5,mod,,,,13.32845923323344,23.420926221167097,1.7572118285637175,11579,38708,515918.0,21232878.0,164.78737982299936,25.0,0.5
S2,A3OU183,KSWIN,KSWIN_alpha=0.005_window_size=1000,mod,0.005,1000.0,1.0,100.77524841915086,184.6768739902514,1.8325618332602025,69,5535,557791.0,188774207.0,18.81706958500581,,
S2,ASFODQR,PH,PH_threshold=50_delta=0.5,mod,,,,42.73921611148302,204.16800986757988,4.777064917031193,25044,106061,4532964.0,4421107842.0,249.7701058710004,50.0,0.5
S2,AYWIEKR,ADWIN,ADWIN_delta=0.002,mod,,,,153.47216992141912,904.8253968852322,5.895696902888134,7852,64265,9862889.0,52614333811.0,180.7719659329996,,0.002
S2,APGIB2T,PH,PH_threshold=50_delta=2,mod,,,,19.194708994709,78.88766263299128,4.109864997418642,2054,11340,217668.0,70571806.0,49.59686491500179,50.0,2.0
S2,APGIB2T,Sem detector (HT),HT,mod,,,,12.720723104056438,18.028287101177117,1.4172376014873067,0,11340,144253.0,3685717.0,33.958768498996506,,
S2,AV2GF3B,KSWIN,KSWIN_alpha=0.001_window_size=300,mod,0.001,300.0,1.0,178.23033509700176,362.15096387407374,2.031926628410216,229,5670,1010566.0,743639328.0,36.03715964099683,,
S2,AFPB8J2,ADWIN,ADWIN_delta=1e-05,mod,,,,164.3341797776752,882.0604924320951,5.367480420843791,4549,56314,9254315.0,43814021533.0,191.08975798100076,,1e-05
S2,AYWIEKR,KSWIN,KSWIN_alpha=0.0001_window_size=100,mod,0.0001,100.0,1.0,197.75644596592235,977.2274909803908,4.94157086110249,6313,64265,12708818.0,61371376420.0,1064.4342392240032,,
S2,AIFDJZB,KSWIN,KSWIN_alpha=1e-05_window_size=100,mod,1e-05,100.0,1.0,192.72736589996975,1003.8371839951236,5.208586644182849,8540,92692,17864285.0,93404717313.0,1834.653155035,,
S2,AZIK4ZA,KSWIN,KSWIN_alpha=1e-05_window_size=1000,mod,1e-05,1000.0,1.0,632.6720603309416,1141.966004291197,1.804988833699802,667,54632,34564140.0,71244845744.0,111.1179632079984,,
S2,AMV7EQF,PH,PH_threshold=200_delta=0.005,mod,,,,86.33793221446237,498.8056909518062,5.777364342161669,7934,64291,5550752.0,15996058380.0,107.2091978919998,200.0,0.005
S2,AA2KP1S,PH,PH_threshold=25_delta=0.5,mod,,,,9.148977914912884,16.976668829814884,1.8555809170926976,16682,59633,545581.0,17186665.0,256.87365588500325,25.0,0.5
S2,A4G0044,PH,PH_threshold=50_delta=2,mod,,,,69.46605105920695,195.34631290690552,2.812111958694888,2010,9205,639435.0,351264475.0,18.666563505998056,50.0,2.0
S2,ATHKM6V,Sem detector (HT),HT,mod,,,,12.0085224750688,16.86221252467117,1.4041871145829337,0,33793,405804.0,9608506.0,150.62428491099854,,
S2,A7EM0B6,PH,PH_threshold=200_delta=5,mod,,,,728.5724886687045,1596.608727910852,2.191420555596713,2080,47435,34559836.0,120919377564.0,62.92371853000077,200.0,5.0
S2,ATHKM6V,PH,PH_threshold=50_delta=2,mod,,,,166.36475009617376,656.1761867942802,3.944202040486049,3928,33793,5621964.0,14550156988.0,135.906236953997,50.0,2.0
S2,AIFDJZB,ADWIN,ADWIN_delta=0.01,mod,,,,66.58495878824495,571.1009411822076,8.577026277037076,14422,92692,6171893.0,30232078371.0,379.31784298,,0.01
S2,AFPB8J2,ADWIN,ADWIN_delta=0.0001,mod,,,,74.06437120431865,518.6927963446108,7.003270100190442,5214,56314,4170861.0,15150843407.0,181.01441780000096,,0.0001
S2,AFPB8J2,KSWIN,KSWIN_alpha=1e-05_window_size=100,mod,1e-05,100.0,1.0,225.44292715843304,1347.998784639762,5.979334999019232,4481,56314,12695593.0,102328210137.0,1366.0736240309998,,
S2,AKXN5ZZ,KSWIN,KSWIN_alpha=0.01_window_size=300,mod,0.01,300.0,1.0,1018.9755549768896,2273.04921538538,2.2307200641696774,2514,61444,62609934.0,317465955084.0,211.7934942719985,,
S2,AFPB8J2,PH,PH_threshold=200_delta=2,mod,,,,589.3372163227616,1535.8615994790025,2.6060828282018065,3248,56314,33187936.0,132837453202.0,166.84128804899956,200.0,2.0
S2,AHYIJDV,PH,PH_threshold=100_delta=0.5,mod,,,,305.9539258184101,1101.541494730768,3.6003509083408707,6928,50983,15598449.0,61862449203.0,176.07211448699672,100.0,0.5
S2,AZIK4ZA,KSWIN,KSWIN_alpha=0.001_window_size=300,mod,0.001,300.0,1.0,928.0323619856496,1845.855794227682,1.9889993817437857,2200,54632,50700264.0,186141255150.0,160.2390084209983,,
S2,A4E0D03,Sem detector (HT),HT,mod,,,,16.94990259859595,22.390699877989668,1.3209928344865185,0,54414,922312.0,27280102.0,374.44307379999736,,
S2,ASFODQR,PH,PH_threshold=500_delta=5,mod,,,,572.1249941071648,1326.6634372093686,2.3188349589231043,2764,106061,60680149.0,186671165005.0,139.41266174700013,500.0,5.0
S2,AJMQUVV,KSWIN,KSWIN_alpha=0.0001_window_size=1000,mod,0.0001,1000.0,1.0,624.6260993582125,1334.813034494826,2.1369792838728845,815,67312,42044832.0,119931529544.0,270.8621686250008,,
S2,AHYIJDV,Sem detector (HT),HT,mod,,,,22.45444559951356,29.906158927555506,1.3318591543495233,0,50983,1144795.0,45598091.0,319.45800607000274,,
S2,A4E0D03,PH,PH_threshold=25_delta=0.005,mod,,,,14.541845848494871,22.449647983891733,1.5437963115401434,18678,54414,791280.0,27423932.0,318.9018557220006,25.0,0.005
S2,AUY8KYW,KSWIN,KSWIN_alpha=0.001_window_size=1000,mod,0.001,1000.0,1.0,582.3107238139427,1072.9838680810994,1.8426311318009223,853,68968,40160806.0,79402470880.0,207.8316415090003,,
S2,AX6281V,KSWIN,KSWIN_alpha=0.01_window_size=1000,mod,0.01,1000.0,1.0,375.5338483593501,813.6935137496514,2.166764773147757,625,50224,18860812.0,33253166474.0,69.24149263199797,,
S2,A0VFT1N,ADWIN,ADWIN_delta=0.002,mod,,,,13.556519725160197,19.216575393661174,1.41751539357083,7507,64765,877988.0,23916210.0,226.4693558710005,,0.002
S2,A7EM0B6,PH,PH_threshold=25_delta=0.5,mod,,,,13.716960050595551,20.80763637784841,1.51692767939096,13920,47435,650664.0,20537350.0,122.73511308399976,25.0,0.5
S2,AV2GF3B,PH,PH_threshold=50_delta=0.5,mod,,,,15.815343915343917,22.467193405974104,1.4205946785751915,1641,5670,89673.0,2862073.0,19.17143891199521,50.0,0.5
S2,AMV7EQF,PH,PH_threshold=25_delta=5,mod,,,,331.92443732404223,1437.395620993951,4.330490495313213,9284,64291,21339754.0,132832031856.0,123.53014167400032,25.0,5.0
S2,AHYIJDV,PH,PH_threshold=500_delta=2,mod,,,,650.5826255810761,1577.5026504462169,2.4247537336817917,1374,50983,33168654.0,126871940472.0,164.34969070499938,500.0,2.0
S2,A0VFT1N,Sem detector (HT),HT,mod,,,,14.595475951517024,20.365255765627992,1.3953128923837026,0,64765,945276.0,26860872.0,467.7978379690012,,
S2,A4G0044,KSWIN,KSWIN_alpha=0.005_window_size=300,mod,0.005,300.0,1.0,154.7743617599131,300.4477939921015,1.9411987268159947,371,9205,1424698.0,830925012.0,21.83330463299717,,
S2,AMV7EQF,PH,PH_threshold=25_delta=2,mod,,,,105.06017949635252,620.7346966872655,5.908372702797601,15941,64291,6754424.0,24772065740.0,163.41566389900072,25.0,2.0
S2,AZIK4ZA,PH,PH_threshold=200_delta=0.005,mod,,,,213.45914482354664,886.6035205039074,4.153504508962627,6356,54632,11661700.0,42944346926.0,90.95214688800117,200.0,0.005
S2,AJMQUVV,PH,PH_threshold=500_delta=0.005,mod,,,,496.94127347278345,1482.7744804779384,2.983802231027903,3445,67312,33450111.0,147993520207.0,217.8521010280001,500.0,0.005
S2,A0NVTRV,ADWIN,ADWIN_delta=0.05,mod,,,,10.45071449402158,15.666333925470044,1.499068215329402,4413,27432,286684.0,6732746.0,93.00262520600518,,0.05
S2,A3OU183,PH,PH_threshold=200_delta=2,mod,,,,87.87949412827462,266.99851066509774,3.038234497292046,392,5535,486413.0,394580213.0,19.59060502199281,200.0,2.0
S2,AZIK4ZA,PH,PH_threshold=100_delta=5,mod,,,,439.1281483379704,1130.915216681155,2.575364892825677,3707,54632,23990449.0,69872646827.0,80.43452222199994,100.0,5.0
S2,A1K5DRI,KSWIN,KSWIN_alpha=1e-05_window_size=300,mod,1e-05,300.0,1.0,1220.71565917558,2287.390350675244,1.8738109349887848,2440,66568,81260600.0,348294068502.0,630.935130015001,,
S2,AV2GF3B,KSWIN,KSWIN_alpha=0.001_window_size=1000,mod,0.001,1000.0,1.0,175.5873015873016,313.41458926142025,1.7849502010006757,71,5670,995580.0,556956756.0,18.76847439199628,,
S2,AUY8KYW,PH,PH_threshold=100_delta=2,mod,,,,353.22404593434635,1040.2587023928018,2.945039315319304,9501,68968,24361156.0,74632905164.0,231.0655453290001,100.0,2.0
S2,AJMQUVV,PH,PH_threshold=200_delta=2,mod,,,,484.6070537199905,1523.673119740603,3.144141440048028,4312,67312,32619870.0,156270177870.0,194.8579142279996,200.0,2.0
S2,AKXN5ZZ,PH,PH_threshold=100_delta=0.5,mod,,,,104.16219647158388,639.0636649914038,6.135274472305742,8919,61444,6400142.0,25093875094.0,208.30096482599765,100.0,0.5
S2,A0VFT1N,PH,PH_threshold=500_delta=5,mod,,,,774.6390488689879,1676.6111085538068,2.1643772167201534,1191,64765,50169498.0,182056021776.0,203.1506633749996,500.0,5.0
S2,ATHKM6V,KSWIN,KSWIN_alpha=0.005_window_size=1000,mod,0.005,1000.0,1.0,433.3386204243482,1175.2303759685994,2.712037008881764,422,33793,14643812.0,46673757392.0,103.195173316999,,
S2,AYEFCWQ,ADWIN,ADWIN_delta=1e-05,mod,,,,202.2784389993944,1063.2845600458515,5.256539279745158,8164,85868,17369245.0,97080133009.0,120.97314676399948,,1e-05
S2,AOYM4KG,ADWIN,ADWIN_delta=0.05,mod,,,,71.4038920506701,232.08226931836597,3.250274777090221,1831,10894,777874.0,586774586.0,18.08746161399904,,0.05
S2,AHYIJDV,KSWIN,KSWIN_alpha=0.001_window_size=100,mod,0.001,100.0,1.0,19.169703626699096,30.788181940256184,1.6060854429369036,5309,50983,977329.0,48327405.0,735.2208699000039,,
S2,AKXN5ZZ,PH,PH_threshold=500_delta=5,mod,,,,535.6129158257926,1117.3140571614488,2.0860476365451457,845,61444,32910200.0,76706118314.0,182.12506710600064,500.0,5.0
S2,A3OU183,KSWIN,KSWIN_alpha=0.001_window_size=100,mod,0.001,100.0,1.0,12.388075880758809,18.30382942542488,1.4775361082389264,588,5535,68568.0,1854392.0,79.54190870800085,,
S2,A4E0D03,PH,PH_threshold=100_delta=0.005,mod,,,,12.885360385194987,18.812312807557845,1.4599756813300158,8894,54414,701144.0,19257284.0,229.62154401800217,100.0,0.005
S2,AIFDJZB,PH,PH_threshold=25_delta=5,mod,,,,406.6336900703405,1401.7507053924328,3.447207498104632,12087,92692,37691690.0,182130977974.0,295.02808243999993,25.0,5.0
S2,AHYIJDV,PH,PH_threshold=500_delta=5,mod,,,,451.7145715238413,919.708502684394,2.0360390402766813,801,50983,23029764.0,43124670542.0,155.2245254820009,500.0,5.0
S2,AURCTAK,ADWIN,ADWIN_delta=0.0001,mod,,,,70.57747116037096,207.89182380479943,2.9455833481538805,856,8842,624046.0,382142490.0,19.98437320499943,,0.0001
S2,AFPB8J2,Sem detector (HT),HT,mod,,,,14.048123024469936,18.26091612272188,1.299882987279783,0,56314,791106.0,18778526.0,349.1011829759991,,
S2,A36HR6Y,PH,PH_threshold=500_delta=0.5,mod,,,,338.5228175874888,858.9000471838555,2.537199865299712,1343,31204,10563266.0,23019480718.0,41.27632922200064,500.0,0.5
S2,AAXAA7Z,Sem detector (HT),HT,mod,,,,22.711345795203197,34.14124618380553,1.5032682999796698,0,46114,1047311.0,53751617.0,298.92804972400336,,
S2,A1K5DRI,KSWIN,KSWIN_alpha=0.01_window_size=100,mod,0.01,100.0,1.0,11.329302367503908,17.64616581608177,1.5575686166428626,7267,66568,754169.0,20728421.0,697.4105554060006,,
S2,AYEFCWQ,KSWIN,KSWIN_alpha=0.001_window_size=300,mod,0.001,300.0,1.0,1288.6299319886336,2899.575419307746,2.250122666973191,3413,85868,110652075.0,721938439689.0,218.9068700320004,,
S2,A3OU183,PH,PH_threshold=25_delta=0.5,mod,,,,14.13405600722674,23.304294745136623,1.648804471499274,1918,5535,78232.0,3006004.0,23.87077686599514,25.0,0.5
S2,AHYIJDV,PH,PH_threshold=500_delta=0.5,mod,,,,520.180452307632,1305.1879443408764,2.509106096837709,2048,50983,26520360.0,86850334308.0,162.54752596300386,500.0,0.5
S2,A7EM0B6,PH,PH_threshold=200_delta=2,mod,,,,456.5379572045958,1248.365976135239,2.7344188066618704,3414,47435,21655878.0,73923539348.0,68.61649070299973,200.0,2.0
S2,AV2GF3B,PH,PH_threshold=25_delta=2,mod,,,,14.960670194003526,22.51387579193337,1.5048708045818218,1540,5670,84827.0,2873979.0,27.423977176003973,25.0,2.0
S2,A4E0D03,PH,PH_threshold=100_delta=0.5,mod,,,,83.51240489579888,550.0537208499989,6.5864912109323,7368,54414,4544244.0,16463450640.0,148.05448011399858,100.0,0.5
S2,AA2KP1S,KSWIN,KSWIN_alpha=0.005_window_size=1000,mod,0.005,1000.0,1.0,541.3044790636058,1358.4442969391762,2.5095752011679786,741,59633,32279610.0,110045003350.0,149.25398959000086,,
S2,ATHKM6V,PH,PH_threshold=50_delta=0.005,mod,,,,10.466842245435446,17.765713391470506,1.697332679225014,7733,33793,353706.0,10665766.0,164.12840472399694,50.0,0.005
S2,AMV7EQF,KSWIN,KSWIN_alpha=0.01_window_size=100,mod,0.01,100.0,1.0,187.22794792428175,1742.8335510700133,9.308618560380982,7249,64291,12037072.0,195281905768.0,345.83320499600086,,
S2,AKXN5ZZ,KSWIN,KSWIN_alpha=0.0001_window_size=300,mod,0.0001,300.0,1.0,803.464129939457,2003.4799975409885,2.4935525095463262,2416,61444,49368050.0,246632043986.0,434.561415715998,,
S2,AAXAA7Z,KSWIN,KSWIN_alpha=0.001_window_size=1000,mod,0.001,1000.0,1.0,493.5346532506397,980.0525105688288,1.9857825668648903,572,46114,22758857.0,44292631813.0,99.36385633399914,,
S2,A3OU183,Sem detector (HT),HT,mod,,,,12.598193315266483,16.719099097023125,1.327102916952618,0,5535,69731.0,1547189.0,15.214690164000784,,
S2,AYEFCWQ,PH,PH_threshold=50_delta=0.005,mod,,,,12.259782456794149,20.49359836511673,1.6716119097006936,23648,85868,1052723.0,36063493.0,200.5523892759993,50.0,0.005
S2,AYEFCWQ,KSWIN,KSWIN_alpha=1e-05_window_size=100,mod,1e-05,100.0,1.0,13.781851213490471,22.604295215786983,1.6401494157519705,7887,85868,1183420.0,43874612.0,1043.0060612939997,,
S2,AURCTAK,KSWIN,KSWIN_alpha=1e-05_window_size=100,mod,1e-05,100.0,1.0,106.66138882605745,290.2119836880218,2.720871975155857,807,8842,943100.0,744699726.0,200.86043064099795,,
S2,AUY8KYW,PH,PH_threshold=50_delta=2,mod,,,,117.06040482542628,729.0224800299713,6.227746103536649,13515,68968,8073422.0,36654683410.0,290.32131172200025,50.0,2.0
S2,AIFDJZB,PH,PH_threshold=25_delta=0.005,mod,,,,17.771954429724246,29.68469316111818,1.670311122983156,33008,92692,1647318.0,81678430.0,517.7813962,25.0,0.005
S2,AFPB8J2,KSWIN,KSWIN_alpha=0.0001_window_size=1000,mod,0.0001,1000.0,1.0,566.6744148879498,1128.849572327946,1.9920602424783145,686,56314,31911703.0,71761006615.0,234.1173539270021,,
S2,A1K5DRI,PH,PH_threshold=200_delta=5,mod,,,,688.4335115971638,1507.8086882558284,2.1902023403214588,2022,66568,45827642.0,151341485304.0,147.1180839130011,200.0,5.0
S2,APGIB2T,PH,PH_threshold=100_delta=0.5,mod,,,,26.54021164021164,113.56913611209993,4.279134531844837,1984,11340,300966.0,146262738.0,47.7262035629974,100.0,0.5
S2,A0NVTRV,PH,PH_threshold=50_delta=5,mod,,,,325.81284631087783,1016.7657042320126,3.120704771910235,1282,27432,8937698.0,28359544426.0,62.908750119000615,50.0,5.0
S2,AV2GF3B,PH,PH_threshold=500_delta=0.005,mod,,,,88.59382716049383,228.9947016168861,2.584770394917542,355,5670,502327.0,297326711.0,19.41713208500005,500.0,0.005
S2,AV2GF3B,KSWIN,KSWIN_alpha=1e-05_window_size=100,mod,1e-05,100.0,1.0,143.71058201058202,388.38734347482097,2.7025660744051705,516,5670,814839.0,855289611.0,122.57379254300032,,
S2,A7EM0B6,PH,PH_threshold=500_delta=5,mod,,,,473.75022662590914,808.6355554232555,1.706881622373944,1076,47435,22472342.0,31017341476.0,59.97532741000032,500.0,5.0
S2,AA2KP1S,PH,PH_threshold=50_delta=2,mod,,,,283.46388744487115,1018.7242378066052,3.593841342505153,7557,59633,16903802.0,61887072102.0,182.20408469800168,50.0,2.0
S2,AUY8KYW,ADWIN,ADWIN_delta=0.05,mod,,,,17.519965781231875,25.20526709841373,1.4386596077382,13300,68968,1208317.0,43815749.0,269.3783896929999,,0.05
S2,AIFDJZB,KSWIN,KSWIN_alpha=0.005_window_size=1000,mod,0.005,1000.0,1.0,860.9381823674104,1565.4626421241803,1.818321772905305,1147,92692,79802082.0,227157808030.0,296.0856657300001,,
S2,A1ZJ41O,KSWIN,KSWIN_alpha=0.001_window_size=300,mod,0.001,300.0,1.0,992.225734624338,2362.4733958220004,2.380983795704962,2373,59282,58821126.0,330869473326.0,183.02035111499936,,
S2,APGIB2T,PH,PH_threshold=500_delta=2,mod,,,,242.0294532627866,455.5835413393792,1.8823475209222715,429,11340,2744614.0,2353689158.0,35.16322918099468,500.0,2.0
S2,AFPB8J2,KSWIN,KSWIN_alpha=0.005_window_size=300,mod,0.005,300.0,1.0,1162.8530915935646,2486.685916496618,2.138435142386631,2257,56314,65484909.0,348223635999.0,242.5390054069976,,
S2,AURCTAK,KSWIN,KSWIN_alpha=0.001_window_size=100,mod,0.001,100.0,1.0,43.47014250169645,178.0037858361369,4.0948516750132615,965,8842,384363.0,280161845.0,98.16637694499514,,
S2,A0VFT1N,PH,PH_threshold=200_delta=5,mod,,,,730.5727476260325,1633.2481530393093,2.235572238831089,2187,64765,47315544.0,172760607022.0,202.77231546900111,200.0,5.0
S2,AMV7EQF,PH,PH_threshold=100_delta=0.005,mod,,,,14.678244233251933,22.60274999397837,1.5398810399117324,13265,64291,943679.0,32845263.0,132.39315460099897,100.0,0.005
S2,AV2GF3B,KSWIN,KSWIN_alpha=0.0001_window_size=300,mod,0.0001,300.0,1.0,306.80511463844795,519.2251952197332,1.6923616017014906,221,5670,1739585.0,1528602535.0,41.61276676399575,,
S2,A4E0D03,KSWIN,KSWIN_alpha=0.001_window_size=1000,mod,0.001,1000.0,1.0,842.3804351821223,1895.7893618487367,2.250514473830186,674,54414,45837289.0,195564857607.0,166.68382869299967,,
S2,A0VFT1N,KSWIN,KSWIN_alpha=0.001_window_size=300,mod,0.001,300.0,1.0,1020.1663244036132,2203.6688055151403,2.1601073793564005,2580,64765,66071072.0,314508956578.0,406.06447550899975,,
S2,A7EM0B6,PH,PH_threshold=100_delta=0.005,mod,,,,103.6340255085907,711.4642598049934,6.8651608997473215,8611,47435,4915880.0,24010714376.0,90.04399017499964,100.0,0.005
S2,AX6281V,ADWIN,ADWIN_delta=0.01,mod,,,,14.852102580439633,22.029667903073797,1.4832693070735377,6535,50224,745932.0,24374022.0,87.3125154469999,,0.01
S2,AKXN5ZZ,PH,PH_threshold=200_delta=0.005,mod,,,,244.8956610897728,1036.40560870389,4.23202928174366,6248,61444,15047369.0,65999248375.0,197.48201104799955,200.0,0.005
S2,A7EM0B6,ADWIN,ADWIN_delta=0.05,mod,,,,16.37451249077685,24.728909027890975,1.510207344604601,8620,47435,776725.0,29007401.0,84.17876528700072,,0.05
S2,AKXN5ZZ,KSWIN,KSWIN_alpha=0.001_window_size=100,mod,0.001,100.0,1.0,10.03129679057353,14.100230479564882,1.4056238962857677,6754,61444,616363.0,12216081.0,689.6872018559989,,
S2,A0NVTRV,KSWIN,KSWIN_alpha=0.01_window_size=1000,mod,0.01,1000.0,1.0,421.6171988918052,953.1407952570598,2.260678164368844,343,27432,11565803.0,24921351367.0,74.14908205499523,,
S2,A7EM0B6,PH,PH_threshold=200_delta=0.005,mod,,,,450.2377358490566,1451.9706398875992,3.2248977024315355,5424,47435,21357027.0,100003355889.0,74.97129086800123,200.0,0.005
S2,AQC0L71,KSWIN,KSWIN_alpha=0.005_window_size=1000,mod,0.005,1000.0,1.0,676.340575591609,1422.2892195622087,2.1029186638966664,474,38708,26179791.0,78302669605.0,131.02743768399523,,
S2,AUY8KYW,KSWIN,KSWIN_alpha=0.005_window_size=1000,mod,0.005,1000.0,1.0,709.8283986776476,1309.9375694546702,1.845428517505044,854,68968,48955445.0,118344704109.0,208.20714148800016,,
S2,A3OU183,PH,PH_threshold=50_delta=2,mod,,,,14.149954832881662,23.635832427180247,1.6703821818749065,961,5535,78320.0,3092142.0,24.276329900996643,50.0,2.0
S2,A0VFT1N,KSWIN,KSWIN_alpha=0.0001_window_size=1000,mod,0.0001,1000.0,1.0,700.7365243572917,1421.1733894142822,2.0281137631833417,795,64765,45383201.0,130808059737.0,266.72160136800085,,
S2,AJWW3IY,PH,PH_threshold=100_delta=2,mod,,,,266.8678424319777,833.6667334419882,3.123893556618694,4469,51711,13800003.0,35939156503.0,164.15216337800302,100.0,2.0
S2,AZIK4ZA,ADWIN,ADWIN_delta=1e-05,mod,,,,323.00236125347783,1426.507094393028,4.416398347235514,5308,54632,17646265.0,111171885493.0,79.28474114799974,,1e-05
S2,AUY8KYW,KSWIN,KSWIN_alpha=1e-05_window_size=300,mod,1e-05,300.0,1.0,795.378102888296,1685.4430421244033,2.119046320239356,2590,68968,54855637.0,195918656145.0,636.6175732600004,,
S2,ATHKM6V,KSWIN,KSWIN_alpha=0.01_window_size=1000,mod,0.01,1000.0,1.0,632.7853993430592,1610.3332714318308,2.5448331663525035,423,33793,21383717.0,87631103471.0,112.50646129200322,,
S2,AYWIEKR,PH,PH_threshold=500_delta=0.005,mod,,,,711.9651754454213,1679.2967935547852,2.358678277352793,3349,64265,45754442.0,181229724130.0,191.3108440040014,500.0,0.005
S2,ASFODQR,KSWIN,KSWIN_alpha=0.005_window_size=100,mod,0.005,100.0,1.0,351.7654651568437,2376.812066370428,6.756809015662367,11353,106061,37308597.0,599163576849.0,722.8080914030002,,
S2,AZIK4ZA,PH,PH_threshold=500_delta=0.5,mod,,,,554.4003514423781,1302.8534346268211,2.3500227430181093,2967,54632,30288000.0,92733835804.0,80.59967052799766,500.0,0.5
S2,AV2GF3B,PH,PH_threshold=50_delta=5,mod,,,,71.56507936507937,205.68812456128316,2.8741409411703938,716,5670,405774.0,239884118.0,22.52906484199775,50.0,5.0
S2,AYWIEKR,PH,PH_threshold=50_delta=0.005,mod,,,,14.301019217303354,23.37420830621372,1.6344435281880023,17979,64265,919055.0,35111415.0,302.5803151190012,50.0,0.005
S2,ATHKM6V,ADWIN,ADWIN_delta=0.002,mod,,,,11.004350013316367,17.758776161017824,1.6137960115343408,3974,33793,371870.0,10657438.0,102.29510440299782,,0.002
S2,A4G0044,KSWIN,KSWIN_alpha=0.001_window_size=300,mod,0.001,300.0,1.0,179.0785442694188,335.4710108651821,1.8733177234257337,368,9205,1648418.0,1035938056.0,23.87016603200027,,
S2,AAXAA7Z,PH,PH_threshold=100_delta=0.005,mod,,,,67.19651298954764,408.219280963756,6.075006913338705,8611,46114,3098700.0,7684574442.0,204.35838693700495,100.0,0.005
S2,A0NVTRV,ADWIN,ADWIN_delta=1e-05,mod,,,,10.395742198891805,14.884421542877757,1.4317805557417966,2325,27432,285176.0,6077450.0,82.91369416700036,,1e-05
S2,A0NVTRV,KSWIN,KSWIN_alpha=0.001_window_size=100,mod,0.001,100.0,1.0,10.613079615048118,15.650514746812217,1.474644053797693,2875,27432,291138.0,6719156.0,382.4785105490009,,
S2,A7EM0B6,KSWIN,KSWIN_alpha=0.001_window_size=1000,mod,0.001,1000.0,1.0,394.7323916938969,795.2342554289867,2.0146161606257715,588,47435,18724131.0,29997776409.0,72.52021804900141,,
S2,AX6281V,KSWIN,KSWIN_alpha=0.005_window_size=100,mod,0.005,100.0,1.0,14.89851465434852,21.601869119187292,1.4499344142929194,5320,50224,748263.0,23436565.0,359.1464757920003,,
S2,ATHKM6V,PH,PH_threshold=25_delta=0.005,mod,,,,10.07403900216021,16.568780501891474,1.6447008492163446,10547,33793,340432.0,9277006.0,188.87727622400416,25.0,0.005
S2,AIFDJZB,ADWIN,ADWIN_delta=0.002,mod,,,,185.81032883096708,1177.52379699299,6.337235418512129,12263,92692,17223131.0,128523232015.0,304.4031521520001,,0.002
S2,AHYIJDV,PH,PH_threshold=100_delta=0.005,mod,,,,17.69429025361395,28.78208420906873,1.626631178562823,8426,50983,902108.0,42234744.0,215.6277908789998,100.0,0.005
S2,A1ZJ41O,ADWIN,ADWIN_delta=1e-05,mod,,,,297.0808339799602,1260.121189984356,4.241677839336342,5275,59282,17611546.0,94134208720.0,81.87393365500066,,1e-05
S2,AMV7EQF,KSWIN,KSWIN_alpha=1e-05_window_size=100,mod,1e-05,100.0,1.0,309.23886702648895,1458.425891908395,4.716179133405855,5496,64291,19881276.0,136747348030.0,819.6217321229997,,
S2,A1K5DRI,PH,PH_threshold=50_delta=0.5,mod,,,,11.999684533109,20.75783994350804,1.7298654715658504,14848,66568,798795.0,28683347.0,279.3886477410015,50.0,0.5
S2,A0VFT1N,KSWIN,KSWIN_alpha=0.0001_window_size=300,mod,0.0001,300.0,1.0,861.5183972824829,2174.364340328014,2.5238745303486105,2500,64765,55796239.0,306199871325.0,534.9502570419991,,
S2,AV2GF3B,KSWIN,KSWIN_alpha=0.005_window_size=300,mod,0.005,300.0,1.0,342.9128747795414,783.5193574006431,2.2848933797086723,231,5670,1944316.0,3480827648.0,17.14437327300402,,
S2,AV2GF3B,PH,PH_threshold=50_delta=0.005,mod,,,,13.943562610229275,19.6418101372397,1.4086651085017592,1822,5670,79060.0,2187490.0,31.1937863619969,50.0,0.005
S2,AQC0L71,PH,PH_threshold=100_delta=5,mod,,,,443.4932055389067,1062.8179233425424,2.396469461242521,1690,38708,17166735.0,43723857663.0,126.02910088099452,100.0,5.0
S2,AAXAA7Z,PH,PH_threshold=100_delta=5,mod,,,,369.83876913735526,900.8224077478088,2.435716541694552,3507,46114,17054745.0,37420635309.0,150.63378760600608,100.0,5.0
S2,A7EM0B6,PH,PH_threshold=50_delta=0.5,mod,,,,13.79061874143565,20.812819062666662,1.5092012514371045,10608,47435,654158.0,20547582.0,97.78756210400024,50.0,0.5
S2,A7EM0B6,Sem detector (HT),HT,mod,,,,20.71887846526826,29.15579202674232,1.407208989406311,0,47435,982800.0,40322606.0,147.3445978350028,,
S2,A1ZJ41O,PH,PH_threshold=200_delta=0.005,mod,,,,233.9695523093013,1002.01101531466,4.282655608068306,5630,59282,13870183.0,59520673767.0,92.69729494200146,200.0,0.005
S2,AYWIEKR,KSWIN,KSWIN_alpha=1e-05_window_size=100,mod,1e-05,100.0,1.0,291.2997276900335,1148.0966034127591,3.9412896555620094,5688,64265,18720377.0,84709355229.0,1344.8017320319996,,
S2,APGIB2T,PH,PH_threshold=500_delta=5,mod,,,,152.1430335097002,337.9151775161441,2.2210361507916145,266,11340,1725302.0,1294876806.0,27.421913117002987,500.0,5.0
S2,AZIK4ZA,PH,PH_threshold=50_delta=0.005,mod,,,,13.333449260506663,20.57432933365394,1.5430612838190774,14351,54632,728433.0,23125891.0,138.16610907699942,50.0,0.005
S2,ATHKM6V,ADWIN,ADWIN_delta=0.01,mod,,,,11.011244932382446,17.924473375130226,1.6278334997723096,4631,33793,372103.0,10857243.0,80.68597002299794,,0.01
S2,AUY8KYW,PH,PH_threshold=25_delta=0.005,mod,,,,17.357281637861036,25.67070075094224,1.4789585884777796,24928,68968,1197097.0,45448869.0,395.590620774,25.0,0.005
S2,A0NVTRV,KSWIN,KSWIN_alpha=0.001_window_size=300,mod,0.001,300.0,1.0,870.279819189268,2091.316360295427,2.4030390159381696,1097,27432,23873516.0,119976708188.0,163.17254197400325,,
S2,AA2KP1S,PH,PH_threshold=25_delta=5,mod,,,,451.9258799657907,1274.37141921471,2.819868203412417,5458,59633,26949696.0,96845334584.0,201.3284346389992,25.0,5.0
S2,AAXAA7Z,KSWIN,KSWIN_alpha=0.01_window_size=100,mod,0.01,100.0,1.0,120.63763716008154,808.4193647898474,6.701220148377954,5010,46114,5563084.0,30137429764.0,585.0798905100019,,
S2,ATHKM6V,PH,PH_threshold=50_delta=5,mod,,,,293.5837895422129,791.4808392428254,2.6959282747762963,1978,33793,9921077.0,21169351765.0,118.5983708979984,50.0,5.0
S2,AURCTAK,ADWIN,ADWIN_delta=1e-05,mod,,,,83.67959737615924,229.7772937594949,2.7459177740374705,749,8842,739895.0,466836421.0,22.03443762000097,,1e-05
S2,AQC0L71,KSWIN,KSWIN_alpha=0.001_window_size=100,mod,0.001,100.0,1.0,10.734912679549447,15.209376272182196,1.4168141582704097,3948,38708,415527.0,8954133.0,522.4777971759977,,
S2,AX6281V,KSWIN,KSWIN_alpha=0.0001_window_size=1000,mod,0.0001,1000.0,1.0,610.3391207390889,1139.4670281124695,1.8669408356663,616,50224,30653672.0,65210093672.0,99.9760750839996,,
S2,A4G0044,PH,PH_threshold=25_delta=5,mod,,,,215.6399782726779,398.50210876461176,1.8479973516817167,1705,9205,1984966.0,1461790182.0,16.679250358996796,25.0,5.0
S2,AIFDJZB,KSWIN,KSWIN_alpha=0.001_window_size=1000,mod,0.001,1000.0,1.0,805.7909528330384,1555.4359647178965,1.9303219516789316,1146,92692,74690375.0,224257267391.0,280.449073302,,
S2,AOYM4KG,KSWIN,KSWIN_alpha=1e-05_window_size=300,mod,1e-05,300.0,1.0,187.46080411235545,318.1900461242348,1.6973684052562064,413,10894,2042198.0,1102962000.0,47.58970874999795,,
S2,AV2GF3B,KSWIN,KSWIN_alpha=0.01_window_size=100,mod,0.01,100.0,1.0,18.01252204585538,74.85637629694885,4.155796512358637,660,5670,102131.0,31771715.0,42.78606004799804,,
S2,AKXN5ZZ,KSWIN,KSWIN_alpha=0.0001_window_size=100,mod,0.0001,100.0,1.0,10.281378165484018,14.41913703805938,1.402451773096566,6332,61444,631729.0,12774915.0,909.253699232002,,
S2,AKXN5ZZ,PH,PH_threshold=50_delta=0.5,mod,,,,40.35977475424777,295.48987070161974,7.321395436443066,13465,61444,2479866.0,5364937618.0,285.0355560850003,50.0,0.5
S2,AKXN5ZZ,PH,PH_threshold=100_delta=0.005,mod,,,,10.890387995573205,17.392591229386934,1.5970589143799825,10560,61444,669149.0,18586947.0,238.2899888019965,100.0,0.005
S2,AJMQUVV,KSWIN,KSWIN_alpha=0.001_window_size=1000,mod,0.001,1000.0,1.0,1081.321502852389,2085.046333536314,1.9282390371746296,822,67312,72785913.0,292633414753.0,213.71009420299924,,
S2,AYEFCWQ,KSWIN,KSWIN_alpha=0.01_window_size=1000,mod,0.01,1000.0,1.0,966.1639143802116,1889.5347627367255,1.955708275390156,1055,85868,82962563.0,306578094191.0,113.0745596429988,,
S2,A0VFT1N,PH,PH_threshold=50_delta=0.5,mod,,,,49.52444993437813,312.7019977244124,6.314093304191262,14081,64765,3207451.0,6332886163.0,310.8945935749998,50.0,0.5
S2,AYWIEKR,PH,PH_threshold=500_delta=2,mod,,,,562.4727145413522,1175.952220267597,2.090683138694976,2090,64265,36147309.0,88869730819.0,188.69461140899875,500.0,2.0
S2,AURCTAK,PH,PH_threshold=100_delta=0.005,mod,,,,18.42298122596697,28.619887170325505,1.5534883751597224,2146,8842,162896.0,7242464.0,29.7207315859996,100.0,0.005
S2,ATHKM6V,PH,PH_threshold=100_delta=0.5,mod,,,,92.75577782380968,560.062656396893,6.038035252755213,4140,33793,3134496.0,10599856362.0,134.50457515899325,100.0,0.5
S2,A0NVTRV,KSWIN,KSWIN_alpha=1e-05_window_size=300,mod,1e-05,300.0,1.0,879.4665354330708,2282.023221448735,2.594781187808369,1022,27432,24125526.0,142855705700.0,291.2788812889994,,
S2,AFPB8J2,PH,PH_threshold=50_delta=2,mod,,,,168.4189011613453,795.3149589766397,4.7222428925286,8371,56314,9484342.0,35620062630.0,233.1662976209991,50.0,2.0
S2,A4E0D03,KSWIN,KSWIN_alpha=1e-05_window_size=300,mod,1e-05,300.0,1.0,1532.7772264490757,2895.9414430264064,1.8893426866311935,1972,54414,83404540.0,456341750850.0,641.0919435830001,,
S2,AKXN5ZZ,PH,PH_threshold=200_delta=2,mod,,,,505.10396458563895,1352.3113314659165,2.677293045156124,3519,61444,31035608.0,112365465366.0,194.13431120899983,200.0,2.0
S2,AKXN5ZZ,PH,PH_threshold=100_delta=5,mod,,,,529.1981804570015,1382.3300172275146,2.61212163661215,2802,61444,32516053.0,117409424175.0,200.78062427999976,100.0,5.0
S2,A1K5DRI,KSWIN,KSWIN_alpha=1e-05_window_size=1000,mod,1e-05,1000.0,1.0,796.4603262828987,1499.5791435547912,1.882804571764882,796,66568,53018771.0,149693965075.0,307.7714520720001,,
S2,AA2KP1S,PH,PH_threshold=200_delta=0.5,mod,,,,164.19427162812536,727.0130073459948,4.4277610914013295,4834,59633,9791397.0,31518897687.0,205.24298667499897,200.0,0.5
S2,AMV7EQF,KSWIN,KSWIN_alpha=0.001_window_size=100,mod,0.001,100.0,1.0,144.99883342925136,1302.4229016666957,8.982299173477013,6771,64291,9322120.0,109057171422.0,478.0544056859999,,
S2,AJMQUVV,PH,PH_threshold=500_delta=2,mod,,,,732.3702014499644,2039.321880351975,2.7845505951969045,2121,67312,49297303.0,279939416147.0,136.03994053800125,500.0,2.0
S2,AIFDJZB,PH,PH_threshold=25_delta=0.5,mod,,,,15.575443403961508,22.944222620504245,1.47310237181874,28927,92692,1443719.0,48796531.0,483.1938913910001,25.0,0.5
S2,AIFDJZB,KSWIN,KSWIN_alpha=1e-05_window_size=1000,mod,1e-05,1000.0,1.0,881.0776334527252,1638.6180383168453,1.8597884863964904,1128,92692,81668848.0,248884422746.0,355.275690896,,
S2,ATHKM6V,PH,PH_threshold=25_delta=5,mod,,,,173.20249755866598,670.6393258061067,3.8719957001714262,2712,33793,5853032.0,15198641860.0,107.6347384200053,25.0,5.0
S2,AZIK4ZA,PH,PH_threshold=100_delta=0.5,mod,,,,14.519658808024602,24.38658634969611,1.67955643256702,8597,54632,793238.0,32489956.0,100.10665806299949,100.0,0.5
S2,ATHKM6V,PH,PH_threshold=25_delta=2,mod,,,,70.11076258396709,411.8306119797696,5.873999893904262,5399,33793,2369253.0,5731443279.0,149.29682047499955,25.0,2.0
S2,AHYIJDV,KSWIN,KSWIN_alpha=0.01_window_size=1000,mod,0.01,1000.0,1.0,577.863248533825,1069.7374376879943,1.8511947946199556,634,50983,29461202.0,58341793716.0,113.54917480300357,,
S2,AOYM4KG,KSWIN,KSWIN_alpha=0.001_window_size=1000,mod,0.001,1000.0,1.0,135.6801909307876,207.7881758289432,1.5314555087480597,134,10894,1478100.0,470358538.0,16.057314657999086,,
S2,A4G0044,PH,PH_threshold=500_delta=5,mod,,,,150.9602390005432,288.590222012412,1.911696907232464,271,9205,1389589.0,766632131.0,11.305409302000044,500.0,5.0
S2,ASFODQR,PH,PH_threshold=200_delta=5,mod,,,,544.3680052045521,1238.9455576051953,2.2759338274108307,5100,106061,57736215.0,162802160191.0,161.4128065519999,200.0,5.0
S2,ASFODQR,KSWIN,KSWIN_alpha=0.0001_window_size=100,mod,0.0001,100.0,1.0,260.9437304947153,2263.233122095964,8.673261157894729,9920,106061,27675953.0,543268217159.0,1063.951908559,,
S2,A36HR6Y,KSWIN,KSWIN_alpha=0.0001_window_size=300,mod,0.0001,300.0,1.0,1413.514228945007,3180.976881038726,2.2504031554127937,1183,31204,44107298.0,315741228688.0,136.58488893100002,,
S2,AUY8KYW,PH,PH_threshold=200_delta=2,mod,,,,773.1090795731353,1685.693557704888,2.180408434260825,5939,68968,53319787.0,195976901155.0,239.25350981099928,200.0,2.0
S2,APGIB2T,KSWIN,KSWIN_alpha=0.001_window_size=1000,mod,0.001,1000.0,1.0,140.88959435626103,239.6519930603077,1.700991433436246,140,11340,1597688.0,651291102.0,38.78768004700396,,
S2,A4G0044,ADWIN,ADWIN_delta=0.0001,mod,,,,113.91385116784356,293.16336171833,2.573553248466472,774,9205,1048577.0,791121485.0,11.920973901997058,,0.0001
S2,AUY8KYW,PH,PH_threshold=25_delta=5,mod,,,,397.9584589954762,1091.241888689466,2.742099995672842,10979,68968,27446399.0,82127705431.0,273.21787629900064,25.0,5.0
S2,AJWW3IY,KSWIN,KSWIN_alpha=1e-05_window_size=100,mod,1e-05,100.0,1.0,123.79741254278586,799.0275029526543,6.454315050215617,4359,51711,6401688.0,33014626834.0,1169.5272296550029,,
S2,AYWIEKR,KSWIN,KSWIN_alpha=0.01_window_size=1000,mod,0.01,1000.0,1.0,718.7714463549366,1438.2518664526556,2.0009863688191536,797,64265,46191847.0,132936550241.0,163.6774913929985,,
S2,APGIB2T,KSWIN,KSWIN_alpha=0.01_window_size=1000,mod,0.01,1000.0,1.0,120.97380952380952,247.55731543787545,2.0463711642407385,140,11340,1371843.0,694967641.0,34.514706324000144,,
S2,AYWIEKR,PH,PH_threshold=25_delta=0.005,mod,,,,14.08959775927799,23.9648547098029,1.7008899132001167,23334,64265,905468.0,36908306.0,353.4352846669972,25.0,0.005
S2,AV2GF3B,PH,PH_threshold=200_delta=0.005,mod,,,,32.99294532627866,115.0128065869725,3.485981789427135,789,5670,187070.0,75002452.0,23.33228838499781,200.0,0.005
S2,AYEFCWQ,PH,PH_threshold=500_delta=5,mod,,,,776.8048516327386,1799.714490844568,2.316816748842147,1828,85868,66702679.0,278124069039.0,107.7631090190007,500.0,5.0
S2,A7EM0B6,PH,PH_threshold=50_delta=2,mod,,,,249.1937598819437,939.1541419883264,3.768770704504212,7244,47435,11820506.0,41838168182.0,82.64048668299802,50.0,2.0
S2,A4G0044,PH,PH_threshold=100_delta=5,mod,,,,193.2626833242803,354.8178030055878,1.8359354061654527,792,9205,1778983.0,1158869673.0,13.104749287998857,100.0,5.0
S2,AZIK4ZA,PH,PH_threshold=200_delta=5,mod,,,,504.1179345438571,1151.5219708761974,2.28423131170315,2568,54632,27540971.0,72442187669.0,77.25897167600124,200.0,5.0
S2,A3OU183,PH,PH_threshold=100_delta=5,mod,,,,101.67985546522132,263.7871544875313,2.59429120232923,342,5535,562798.0,385145574.0,18.82949024800473,100.0,5.0
S2,AUY8KYW,KSWIN,KSWIN_alpha=0.0001_window_size=100,mod,0.0001,100.0,1.0,155.3316175617678,927.7095921927032,5.972445318956384,7020,68968,10712911.0,59356970391.0,997.2146293379992,,
S2,AA2KP1S,PH,PH_threshold=50_delta=0.005,mod,,,,8.474452065131722,15.921690437410216,1.878787007707588,14796,59633,505357.0,15116979.0,266.7500769720027,50.0,0.005
S2,A36HR6Y,ADWIN,ADWIN_delta=0.002,mod,,,,14.89844250737085,65.76224423110887,4.414034836096033,3871,31204,464891.0,134947089.0,46.74505692599996,,0.002
S2,AJMQUVV,PH,PH_threshold=100_delta=2,mod,,,,302.61671024483,1319.0941250464705,4.358959966154103,6942,67312,20369736.0,117123506724.0,189.20026702699943,100.0,2.0
S2,A0NVTRV,KSWIN,KSWIN_alpha=1e-05_window_size=1000,mod,1e-05,1000.0,1.0,840.7818241469816,1676.5751363557526,1.99406681757985,337,27432,23064327.0,77108723681.0,109.97902165100096,,
S2,A4G0044,PH,PH_threshold=50_delta=5,mod,,,,201.24932102118413,362.89118801650807,1.8031921110347944,1235,9205,1852500.0,1212206582.0,15.264389042000404,50.0,5.0
S2,A0VFT1N,KSWIN,KSWIN_alpha=0.001_window_size=1000,mod,0.001,1000.0,1.0,634.2647880799815,1411.7606693611374,2.225822236852778,802,64765,41078159.0,129081061167.0,228.84867570300048,,
S2,AUY8KYW,PH,PH_threshold=100_delta=0.005,mod,,,,17.456617561767775,26.612436096998326,1.5244898390443613,14754,68968,1203948.0,48844638.0,311.0008960559999,100.0,0.005
S2,AZIK4ZA,PH,PH_threshold=50_delta=5,mod,,,,543.0768597159174,1410.7787492859964,2.5977515411427627,5024,54632,29669375.0,108733888191.0,85.69488809199902,50.0,5.0
S2,A0VFT1N,PH,PH_threshold=25_delta=5,mod,,,,296.9113873234,1055.2389940279406,3.5540536304138435,7248,64765,19229466.0,72117727350.0,250.36931296400144,25.0,5.0
S2,AX6281V,PH,PH_threshold=200_delta=0.5,mod,,,,139.6237456196241,593.3230497953416,4.2494422933741305,3830,50224,7012463.0,17680467293.0,75.75017266699797,200.0,0.5
S2,A3OU183,ADWIN,ADWIN_delta=0.01,mod,,,,13.539114724480578,20.557465669693197,1.518375912165252,710,5535,74939.0,2339143.0,17.487099200996454,,0.01
S2,APGIB2T,ADWIN,ADWIN_delta=0.01,mod,,,,18.803615520282182,77.81160885538314,4.138119542566324,1528,11340,213233.0,68659691.0,33.29415161899669,,0.01
S2,AA2KP1S,KSWIN,KSWIN_alpha=0.001_window_size=100,mod,0.001,100.0,1.0,81.4424898965338,646.9674727561041,7.943856745760411,6162,59633,4856660.0,24960400592.0,748.9552638940004,,
S2,A3OU183,PH,PH_threshold=25_delta=0.005,mod,,,,12.61427280939476,21.25644171452841,1.6851103536223828,2145,5535,69820.0,2500914.0,24.952468927003792,25.0,0.005
S2,A36HR6Y,PH,PH_threshold=100_delta=2,mod,,,,342.9807076015896,1270.1230934101598,3.703191069526715,3494,31204,10702370.0,50338688230.0,48.92219633999776,100.0,2.0
S2,AUY8KYW,ADWIN,ADWIN_delta=0.0001,mod,,,,250.58838881800256,1162.4174738746797,4.638752335483991,7449,68968,17282580.0,93190553606.0,245.17212653600015,,0.0001
S2,AV2GF3B,PH,PH_threshold=500_delta=5,mod,,,,159.3885361552028,331.5310538735997,2.0800181861936107,134,5670,903733.0,623205801.0,18.11176972099929,500.0,5.0
S2,ASFODQR,KSWIN,KSWIN_alpha=0.01_window_size=1000,mod,0.01,1000.0,1.0,783.6537841430875,1491.8923082554709,1.903764568542,1313,106061,83115104.0,236064492202.0,141.38330586700022,,
S2,ASFODQR,PH,PH_threshold=100_delta=2,mod,,,,347.52912003469703,1091.032985426108,3.1394001898810098,12506,106061,36859286.0,126250026912.0,181.236568454,100.0,2.0
S2,A1K5DRI,PH,PH_threshold=100_delta=2,mod,,,,331.79242278572286,1177.035590041666,3.547505938078084,6056,66568,22086758.0,92224157954.0,226.20054087500105,100.0,2.0
S2,A0VFT1N,KSWIN,KSWIN_alpha=0.0001_window_size=100,mod,0.0001,100.0,1.0,180.7220103450938,1208.122331256943,6.684976162837051,6069,64765,11704461.0,94528375375.0,1147.683767466,,
S2,A36HR6Y,PH,PH_threshold=500_delta=5,mod,,,,407.00092936802974,898.1959884934209,2.206864711311824,478,31204,12700057.0,25174015277.0,37.58668032800051,500.0,5.0
S2,A0NVTRV,KSWIN,KSWIN_alpha=0.01_window_size=100,mod,0.01,100.0,1.0,285.3086176727909,1864.0743073325991,6.533536640209136,3075,27432,7826586.0,95319973574.0,273.0357595960013,,
S2,ASFODQR,ADWIN,ADWIN_delta=1e-05,mod,,,,252.9331611054016,1011.957695266683,4.000889764094565,9096,106061,26826344.0,108612655524.0,155.5802619179999,,1e-05
S2,AYEFCWQ,PH,PH_threshold=200_delta=5,mod,,,,553.3054572133973,1665.0773551204643,3.009327548486987,3711,85868,47511233.0,238067535771.0,118.22333889199945,200.0,5.0
S2,AZIK4ZA,ADWIN,ADWIN_delta=0.0001,mod,,,,282.7051910967931,1387.5346143865945,4.908062030992306,5935,54632,15444750.0,105180383988.0,80.75135123399741,,0.0001
S2,A36HR6Y,PH,PH_threshold=50_delta=0.005,mod,,,,14.618798871939497,23.4344368485005,1.603034356911665,9359,31204,456165.0,17136389.0,72.8377864719987,50.0,0.005
S2,AIFDJZB,PH,PH_threshold=50_delta=0.005,mod,,,,15.98195097743063,24.04207323730289,1.504326553826538,26067,92692,1481399.0,53577949.0,460.391716418,50.0,0.005
S2,A36HR6Y,ADWIN,ADWIN_delta=1e-05,mod,,,,237.50794769901296,1268.951634842838,5.34277546135401,2726,31204,7411198.0,50245874402.0,42.791950026999984,,1e-05
S2,A3OU183,PH,PH_threshold=25_delta=5,mod,,,,75.03649503161698,245.8215218328248,3.276026175386347,708,5535,415327.0,334470201.0,14.470229660000768,25.0,5.0
S2,A0VFT1N,PH,PH_threshold=200_delta=0.5,mod,,,,154.58438971666794,585.8865352815297,3.7900756755282967,5476,64765,10011658.0,22231430282.0,225.72174511000048,200.0,0.5
S2,AZIK4ZA,PH,PH_threshold=100_delta=2,mod,,,,384.52467418362863,1144.9184358619996,2.9774901657292534,6082,54632,21007352.0,71613713896.0,91.45881691500108,100.0,2.0
S2,AAXAA7Z,PH,PH_threshold=500_delta=0.005,mod,,,,377.5514594266383,1136.985014763847,3.011470321133201,2718,46114,17410408.0,59613178276.0,133.66617814300116,500.0,0.005
S2,AFPB8J2,KSWIN,KSWIN_alpha=0.0001_window_size=300,mod,0.0001,300.0,1.0,1102.802571296658,2262.1537149087244,2.051277149498228,2139,56314,62103224.0,288177852654.0,518.763179804002,,
S2,AYWIEKR,KSWIN,KSWIN_alpha=0.01_window_size=300,mod,0.01,300.0,1.0,701.3390959309111,1873.165946969882,2.670842047502807,2607,64265,45071557.0,225489861479.0,285.6502245060001,,
S2,A7EM0B6,KSWIN,KSWIN_alpha=0.001_window_size=300,mod,0.001,300.0,1.0,703.5991356593233,1825.549495792854,2.5945874621949074,1898,47435,33375225.0,158083349663.0,136.72721099200135,,
S2,A1ZJ41O,KSWIN,KSWIN_alpha=0.005_window_size=100,mod,0.005,100.0,1.0,156.04201950001686,1248.7944716747463,8.002937129858227,6561,59282,9250483.0,92449545829.0,343.28535834600007,,
S2,AQC0L71,KSWIN,KSWIN_alpha=0.005_window_size=100,mod,0.005,100.0,1.0,11.810349281802212,17.46058094533038,1.478413595458539,4112,38708,457155.0,11800981.0,521.2954033169954,,
S2,AURCTAK,PH,PH_threshold=100_delta=5,mod,,,,172.40443338611175,335.2097814837037,1.944322282785954,770,8842,1524400.0,993536614.0,30.77524167800584,100.0,5.0
S2,AX6281V,ADWIN,ADWIN_delta=0.05,mod,,,,14.460437241159603,21.15078877303557,1.4626659222193377,8073,50224,726261.0,22468001.0,85.41628187200331,,0.05
S2,AURCTAK,PH,PH_threshold=25_delta=0.005,mod,,,,19.38611173942547,29.634847012097865,1.5286637883051906,3491,8842,171412.0,7765258.0,54.73521607400471,25.0,0.005
S2,AOYM4KG,PH,PH_threshold=100_delta=5,mod,,,,209.06912061685333,304.6259211037939,1.4570584130502038,1339,10894,2277599.0,1010929993.0,17.603588456997386,100.0,5.0
S2,A4G0044,KSWIN,KSWIN_alpha=0.01_window_size=300,mod,0.01,300.0,1.0,156.75241716458447,296.69016350951466,1.8927310269034037,374,9205,1442906.0,810270614.0,19.069712681000965,,
S2,AOYM4KG,PH,PH_threshold=500_delta=0.005,mod,,,,215.8369744813659,339.07507482927605,1.5709777050203686,853,10894,2351328.0,1252503948.0,15.01067149800292,500.0,0.005
S2,A0NVTRV,KSWIN,KSWIN_alpha=0.01_window_size=300,mod,0.01,300.0,1.0,842.8434674832313,1954.8376424391051,2.319336529090436,1118,27432,23120882.0,104828376194.0,145.5293239609964,,
S2,A1K5DRI,ADWIN,ADWIN_delta=0.01,mod,,,,38.79418038697272,261.8223739276762,6.749011612463335,9045,66568,2582451.0,4563300005.0,218.014275562,,0.01
S2,A1ZJ41O,PH,PH_threshold=500_delta=5,mod,,,,693.7140109982794,1628.5176945869953,2.347534673897533,876,59282,41124754.0,157220006720.0,75.1706155489992,500.0,5.0
S2,AHYIJDV,ADWIN,ADWIN_delta=0.01,mod,,,,17.10964439126768,24.831841333985835,1.4513359112629698,6848,50983,872301.0,31437155.0,183.8217287669977,,0.01
S2,AKXN5ZZ,Sem detector (HT),HT,mod,,,,13.437813293405377,18.254682469663084,1.358456325525939,0,61444,825673.0,20475195.0,438.5735823049981,,
S2,AIFDJZB,Sem detector (HT),HT,mod,,,,20.725262158546585,27.8734413324518,1.344901749334808,0,92692,1921066.0,72015078.0,888.3902383920001,,
S2,A3OU183,KSWIN,KSWIN_alpha=1e-05_window_size=1000,mod,1e-05,1000.0,1.0,96.66594399277326,161.2256768627611,1.6678642984629035,66,5535,535046.0,143875234.0,26.91414212399832,,
S2,A0NVTRV,PH,PH_threshold=25_delta=5,mod,,,,171.41396908719744,1001.822041416746,5.8444597412427,1744,27432,4702228.0,27532055550.0,94.67455362199688,25.0,5.0
S2,A1K5DRI,PH,PH_threshold=200_delta=0.005,mod,,,,282.69679125105154,1241.7096014918168,4.392372463786138,6537,66568,18818560.0,102637387146.0,184.73625610899944,200.0,0.005
S2,AYWIEKR,Sem detector (HT),HT,mod,,,,16.59088150626313,23.241852174969758,1.400881090386659,0,64265,1066213.0,34714905.0,464.2154050689969,,
S2,AA2KP1S,KSWIN,KSWIN_alpha=0.0001_window_size=300,mod,0.0001,300.0,1.0,709.502272231818,1843.6111836788643,2.5984570533926283,2294,59633,42309749.0,202686734689.0,488.5671233969988,,
S2,AJWW3IY,PH,PH_threshold=200_delta=5,mod,,,,566.2505656436734,1180.6150052350436,2.084969228936671,1592,51711,29281383.0,72077469943.0,169.06755552899995,200.0,5.0
S2,AYEFCWQ,ADWIN,ADWIN_delta=0.002,mod,,,,11.743000885079423,17.06926569507541,1.4535693101039873,11226,85868,1008348.0,25018486.0,134.76188963000004,,0.002
S2,A36HR6Y,PH,PH_threshold=25_delta=0.005,mod,,,,13.799256505576208,21.228300713569737,1.538365542012462,11709,31204,430592.0,14061794.0,84.75727109799845,25.0,0.005
S2,AKXN5ZZ,PH,PH_threshold=50_delta=2,mod,,,,228.6083588308053,872.170811622834,3.815130890591512,8633,61444,14046612.0,46739340178.0,234.9123655500007,50.0,2.0
S2,AKXN5ZZ,KSWIN,KSWIN_alpha=0.0001_window_size=1000,mod,0.0001,1000.0,1.0,635.1410552698392,1248.8128157504757,1.9661975956190056,757,61444,39025607.0,95823973227.0,198.2003480659987,,
S2,AQC0L71,KSWIN,KSWIN_alpha=0.005_window_size=300,mod,0.005,300.0,1.0,469.4738813681926,1338.3996275827217,2.850850027443933,1537,38708,18172395.0,69338165401.0,196.87639712500092,,
S2,AYWIEKR,PH,PH_threshold=50_delta=0.5,mod,,,,14.346191550610753,25.401054482375702,1.770578232750163,15152,64265,921958.0,41464650.0,255.72275038600128,50.0,0.5
S2,A36HR6Y,PH,PH_threshold=50_delta=2,mod,,,,185.81925394180237,981.9432169022588,5.284399738305905,5456,31204,5798304.0,30087286264.0,57.00533444699977,50.0,2.0
S2,AYEFCWQ,PH,PH_threshold=25_delta=2,mod,,,,13.607991335538268,23.546221006512283,1.7303230451815177,18581,85868,1168491.0,47607325.0,179.7049604999993,25.0,2.0
S2,AAXAA7Z,PH,PH_threshold=25_delta=5,mod,,,,259.525718870625,785.2583800547702,3.025743974323508,6093,46114,11967769.0,28435309181.0,187.458048253,25.0,5.0
S2,A1K5DRI,KSWIN,KSWIN_alpha=0.005_window_size=100,mod,0.005,100.0,1.0,11.24293955053479,17.396699250556846,1.5473443730940757,7013,66568,748420.0,20146482.0,861.8314412629989,,
S2,ASFODQR,KSWIN,KSWIN_alpha=0.001_window_size=1000,mod,0.001,1000.0,1.0,609.8722339031312,1252.8005074714524,2.0542015816224883,1306,106061,64683659.0,166463705877.0,157.72149350799964,,
S2,AJMQUVV,KSWIN,KSWIN_alpha=1e-05_window_size=100,mod,1e-05,100.0,1.0,202.48012241502255,1626.229132897579,8.031549534350361,5761,67312,13629342.0,178014741722.0,1493.3119299480004,,
S2,A4G0044,KSWIN,KSWIN_alpha=1e-05_window_size=1000,mod,1e-05,1000.0,1.0,149.18055404671375,243.4165937882015,1.6316911768002893,112,9205,1373207.0,545411329.0,15.939725762000307,,
S2,AOYM4KG,PH,PH_threshold=500_delta=2,mod,,,,213.6475123921425,328.35212787875173,1.5368872036107446,617,10894,2327476.0,1174537916.0,14.782451216000482,500.0,2.0
S2,A7EM0B6,PH,PH_threshold=500_delta=0.005,mod,,,,560.994202593022,1416.4298954258395,2.5248565651460053,2665,47435,26610760.0,95167590524.0,63.926498755001376,500.0,0.005
S2,ASFODQR,ADWIN,ADWIN_delta=0.002,mod,,,,40.88534899727515,199.21140995261712,4.87244000206269,12653,106061,4336341.0,4209050497.0,156.7290033659997,,0.002
S2,A7EM0B6,PH,PH_threshold=500_delta=0.5,mod,,,,766.0598503214926,1717.128980146127,2.241507604693679,2377,47435,36338049.0,139863612311.0,64.38097310599915,500.0,0.5
S2,AA2KP1S,PH,PH_threshold=50_delta=5,mod,,,,491.6874884711485,1241.7065323597285,2.525397862411929,4064,59633,29320800.0,91944253264.0,205.18082719299852,50.0,5.0
S2,A7EM0B6,KSWIN,KSWIN_alpha=1e-05_window_size=1000,mod,1e-05,1000.0,1.0,479.5540845367345,977.9541360788028,2.0392989396045698,576,47435,22747648.0,45366563254.0,100.87826779999888,,
S2,AAXAA7Z,KSWIN,KSWIN_alpha=0.001_window_size=300,mod,0.001,300.0,1.0,640.0767229041072,1920.9333252819283,3.001098550446291,1823,46114,29516498.0,170159960920.0,242.52418740300345,,
S2,A4G0044,KSWIN,KSWIN_alpha=0.001_window_size=100,mod,0.001,100.0,1.0,37.94068441064639,144.4218352106275,3.806516341336791,963,9205,349244.0,191994820.0,64.94451244399897,,
S2,AHYIJDV,PH,PH_threshold=200_delta=0.005,mod,,,,149.53096130082577,786.0691584511338,5.256898983413363,4985,50983,7623537.0,31502636435.0,171.9534316499994,200.0,0.005
S2,AJMQUVV,KSWIN,KSWIN_alpha=0.001_window_size=300,mod,0.001,300.0,1.0,1357.7535803422866,2894.715588502618,2.131988919353737,2640,67312,91393109.0,564032714709.0,368.0940947650015,,
S2,A36HR6Y,KSWIN,KSWIN_alpha=0.001_window_size=100,mod,0.001,100.0,1.0,194.72410588386103,1487.9245489506786,7.641193380742078,3275,31204,6076171.0,69083142935.0,235.95994584800064,,
S2,AFPB8J2,PH,PH_threshold=25_delta=5,mod,,,,344.41273928330435,1103.1620149725018,3.2030232600225377,6212,56314,19395259.0,68532247611.0,183.54571182699877,25.0,5.0
S2,AQC0L71,ADWIN,ADWIN_delta=1e-05,mod,,,,191.31657538493332,921.849370902344,4.818450095333151,3163,38708,7405482.0,32894300814.0,88.6936346980001,,1e-05
S2,AJWW3IY,PH,PH_threshold=100_delta=0.5,mod,,,,93.49194562085437,511.52858049000463,5.471365229304873,6983,51711,4834562.0,13530777240.0,155.11400779199903,100.0,0.5
S2,AKXN5ZZ,PH,PH_threshold=25_delta=2,mod,,,,46.97039580756461,349.22287619977874,7.434957065946976,11862,61444,2886049.0,7493502391.0,274.8462258360014,25.0,2.0
S2,AJMQUVV,PH,PH_threshold=500_delta=5,mod,,,,601.5970703589256,1495.1490826522402,2.485299806663291,1240,67312,40494702.0,150474009100.0,194.61775140899957,500.0,5.0
S2,AJWW3IY,PH,PH_threshold=25_delta=0.5,mod,,,,13.07013981551314,22.01517177504848,1.6843868608749193,14764,51711,675870.0,25062656.0,241.2267793380015,25.0,0.5
S2,AHYIJDV,ADWIN,ADWIN_delta=0.0001,mod,,,,68.40486044367731,438.7109590069883,6.4134471755586855,4720,50983,3487485.0,9812560639.0,104.42334610800026,,0.0001
S2,ATHKM6V,PH,PH_threshold=200_delta=0.005,mod,,,,228.103039090936,862.1680848808793,3.77973081076384,3020,33793,7708286.0,25119479326.0,92.12432080700091,200.0,0.005
S2,A36HR6Y,PH,PH_threshold=200_delta=5,mod,,,,389.7598705294193,997.2778856280086,2.5586982166054817,1019,31204,12162067.0,31034349505.0,40.66718099100035,200.0,5.0
S2,A4G0044,PH,PH_threshold=50_delta=0.5,mod,,,,36.056165127648015,125.60395712999548,3.4835639532192477,2619,9205,331897.0,145221339.0,20.28494499899898,50.0,0.5
S2,ASFODQR,ADWIN,ADWIN_delta=0.05,mod,,,,113.88213386635992,731.8593698208921,6.426463440522858,18422,106061,12078453.0,56808195249.0,180.99115426699973,,0.05
S2,AX6281V,PH,PH_threshold=100_delta=2,mod,,,,217.858593501115,773.8461379199499,3.552056981015942,4008,50224,10941730.0,30076031936.0,77.16417282900147,100.0,2.0
S2,AJMQUVV,KSWIN,KSWIN_alpha=0.001_window_size=100,mod,0.001,100.0,1.0,144.98047896363204,1334.4907416713718,9.204623623888876,6968,67312,9758926.0,119873621202.0,927.9018004170013,,
S2,ASFODQR,PH,PH_threshold=25_delta=5,mod,,,,398.01191767002007,1122.720167217681,2.8208204764071785,14132,106061,42213542.0,133689951366.0,178.43350572200006,25.0,5.0
S2,AURCTAK,PH,PH_threshold=50_delta=0.005,mod,,,,18.67971047274372,28.72844333115913,1.5379490690221298,3008,8842,165166.0,7297510.0,37.0295320649966,50.0,0.005
S2,AV2GF3B,KSWIN,KSWIN_alpha=0.01_window_size=1000,mod,0.01,1000.0,1.0,131.24779541446208,272.9239698122171,2.0794556506672097,71,5670,744175.0,422344087.0,18.456649009000103,,
S2,AJMQUVV,Sem detector (HT),HT,mod,,,,28.726556928927977,135.26526004570337,4.7087181516518495,0,67312,1933642.0,1231586836.0,481.3820130649992,,
S2,AAXAA7Z,PH,PH_threshold=100_delta=2,mod,,,,345.83551632909746,1087.2395431534655,3.1438053404522144,5509,46114,15947859.0,54510890153.0,180.4298151959956,100.0,2.0
S2,AAXAA7Z,KSWIN,KSWIN_alpha=1e-05_window_size=100,mod,1e-05,100.0,1.0,582.9163377716095,2277.208369010601,3.90657839119072,3784,46114,26880604.0,239132353258.0,1174.5983896339967,,
S2,AA2KP1S,KSWIN,KSWIN_alpha=1e-05_window_size=300,mod,1e-05,300.0,1.0,380.85695839551926,1232.759431665428,3.2368042764895724,2190,59633,22711643.0,90624020617.0,667.022256217002,,
S2,AJWW3IY,Sem detector (HT),HT,mod,,,,13.787143934559378,17.36752291596208,1.2596896789064478,0,51711,712947.0,15597633.0,338.35547575700184,,
S2,ATHKM6V,KSWIN,KSWIN_alpha=1e-05_window_size=300,mod,1e-05,300.0,1.0,1044.3212203710827,2336.0841924501287,2.23694026979557,1243,33793,35290747.0,184418179147.0,358.57111942100164,,
S2,A1K5DRI,KSWIN,KSWIN_alpha=0.0001_window_size=1000,mod,0.0001,1000.0,1.0,959.2978908785002,1821.7641675308876,1.8990599112675652,808,66568,63858542.0,220927521438.0,262.31515882999884,,
S2,AA2KP1S,PH,PH_threshold=200_delta=0.005,mod,,,,119.0800563446414,689.5847833010729,5.790934304777932,5733,59633,7101101.0,28357111929.0,220.1052928579993,200.0,0.005
S2,AYWIEKR,PH,PH_threshold=200_delta=0.5,mod,,,,183.95781529603985,955.9343468320412,5.1964867341660606,5938,64265,11822049.0,58726030205.0,197.64973076100068,200.0,0.5
S2,AFPB8J2,KSWIN,KSWIN_alpha=0.001_window_size=300,mod,0.001,300.0,1.0,998.4896473345882,2210.033550535285,2.213376529676442,2219,56314,56228946.0,275051558456.0,330.7585619659985,,
S2,AYEFCWQ,KSWIN,KSWIN_alpha=1e-05_window_size=300,mod,1e-05,300.0,1.0,1137.0416220245029,2544.3669848901227,2.237707868916775,3218,85868,97635490.0,555892546384.0,383.694626952999,,
S2,A4G0044,PH,PH_threshold=200_delta=0.005,mod,,,,101.48658337859858,250.97579732303615,2.472994842941592,1256,9205,934184.0,579812372.0,14.8592738490006,200.0,0.005
S2,ATHKM6V,KSWIN,KSWIN_alpha=0.005_window_size=300,mod,0.005,300.0,1.0,789.4869647560146,2031.7336558757677,2.573486006198545,1362,33793,26679133.0,139495532125.0,184.74393888700436,,
S2,AUY8KYW,PH,PH_threshold=500_delta=2,mod,,,,639.2264528476975,1317.315911494815,2.0607969298302486,2910,68968,44086170.0,119681633258.0,209.55245774299965,500.0,2.0
S2,A4E0D03,PH,PH_threshold=500_delta=5,mod,,,,667.0349542397178,1476.1780327493257,2.213044493945395,891,54414,36296040.0,118573633612.0,132.17685388099926,500.0,5.0
S2,A4E0D03,PH,PH_threshold=100_delta=2,mod,,,,300.1799353107656,1226.2678253343115,4.085109233116464,4889,54414,16333991.0,81824115461.0,194.601878452002,100.0,2.0
S2,AA2KP1S,KSWIN,KSWIN_alpha=1e-05_window_size=1000,mod,1e-05,1000.0,1.0,553.8105746818037,1166.2392455227737,2.105845028677623,725,59633,33025386.0,81107676838.0,263.06048251899847,,
S2,A4E0D03,PH,PH_threshold=500_delta=0.5,mod,,,,1206.1693314220604,2560.0966825926143,2.1225018875038786,2349,54414,65632498.0,356634526648.0,185.51040639599887,500.0,0.5
S2,A7EM0B6,KSWIN,KSWIN_alpha=0.0001_window_size=300,mod,0.0001,300.0,1.0,610.5887635712027,1560.119041967004,2.555106046895135,1842,47435,28963278.0,115455434550.0,180.30555871999968,,
S2,A0NVTRV,PH,PH_threshold=25_delta=0.5,mod,,,,11.790755322251384,21.88290206397049,1.8559372547298405,6510,27432,323444.0,13136126.0,121.2233028289993,25.0,0.5
S2,APGIB2T,KSWIN,KSWIN_alpha=0.005_window_size=1000,mod,0.005,1000.0,1.0,161.86499118165784,270.07241484324027,1.6685041828479352,140,11340,1835549.0,827129499.0,37.220395518997975,,
S2,A0NVTRV,PH,PH_threshold=200_delta=2,mod,,,,305.422827354914,990.331850623019,3.2424945417462605,1146,27432,8378359.0,26904130807.0,76.48782564200519,200.0,2.0
S2,A7EM0B6,KSWIN,KSWIN_alpha=1e-05_window_size=100,mod,1e-05,100.0,1.0,168.99472963002003,883.8013598665189,5.229756938582784,4190,47435,8016265.0,37051708261.0,548.1162778160033,,
S2,AIFDJZB,PH,PH_threshold=100_delta=2,mod,,,,191.58215379968067,945.931430581026,4.937471532813527,11183,92692,17758133.0,82939529065.0,331.75217654000016,100.0,2.0
S2,AOYM4KG,PH,PH_threshold=200_delta=0.005,mod,,,,111.95226730310264,249.377780486562,2.227536668028257,1712,10894,1219608.0,677489988.0,18.402661724998325,200.0,0.005
S2,AZIK4ZA,PH,PH_threshold=500_delta=5,mod,,,,445.313406062381,961.8618360291218,2.1599660439919046,1575,54632,24328362.0,50544334964.0,71.46920707199752,500.0,5.0
S2,AYWIEKR,KSWIN,KSWIN_alpha=1e-05_window_size=1000,mod,1e-05,1000.0,1.0,740.0597370263752,1491.6178190855885,2.015537049859028,775,64265,47559939.0,142984722751.0,314.2431351590021,,
S2,AYEFCWQ,PH,PH_threshold=500_delta=0.5,mod,,,,504.2986327852052,1610.6139657978354,3.1937702406657933,4371,85868,43303115.0,222748233617.0,126.25097252500018,500.0,0.5
S2,A4G0044,KSWIN,KSWIN_alpha=0.0001_window_size=100,mod,0.0001,100.0,1.0,54.50494296577947,172.86181147488003,3.1714887140311303,861,9205,501718.0,275056500.0,91.81204615699971,,
S2,A4E0D03,ADWIN,ADWIN_delta=0.0001,mod,,,,267.25949204248906,1209.9962794520154,4.527421159880261,5198,54414,14542658.0,79667047472.0,185.8255165090013,,0.0001
S2,A1K5DRI,KSWIN,KSWIN_alpha=0.005_window_size=300,mod,0.005,300.0,1.0,810.484076433121,1860.040998508871,2.2949753765610925,2644,66568,53952304.0,230308805494.0,302.0867733359992,,
S2,A1K5DRI,PH,PH_threshold=500_delta=5,mod,,,,557.6878079557746,1169.339173350252,2.0967630216563427,1161,66568,37124162.0,91022027884.0,186.21604964599828,500.0,5.0
S2,A7EM0B6,KSWIN,KSWIN_alpha=0.005_window_size=1000,mod,0.005,1000.0,1.0,661.9945398967008,1227.151631159098,1.853718659598893,590,47435,31401711.0,71432419905.0,65.43094397999812,,
S2,AURCTAK,ADWIN,ADWIN_delta=0.01,mod,,,,42.77629495589233,132.46757679032706,3.096751996097782,1249,8842,378228.0,155156400.0,33.12094192500081,,0.01
S2,AYEFCWQ,PH,PH_threshold=100_delta=5,mod,,,,771.585689663204,2072.718069734543,2.686309631583864,5673,85868,66254520.0,368902683762.0,122.42830270100058,100.0,5.0
S2,AYWIEKR,KSWIN,KSWIN_alpha=0.0001_window_size=300,mod,0.0001,300.0,1.0,942.1318447055162,2159.0792630987303,2.2916954513660426,2479,64265,60546103.0,299579219083.0,501.6001891179985,,
S2,A0VFT1N,PH,PH_threshold=500_delta=0.005,mod,,,,582.4943256388482,1741.0922333798085,2.989028659584405,3106,64765,37725245.0,196328761225.0,189.68896969800156,500.0,0.005
S2,A1K5DRI,PH,PH_threshold=25_delta=0.5,mod,,,,13.648990505948804,24.338607280418465,1.7831800285750563,19727,66568,908586.0,39432740.0,344.8075379919992,25.0,0.5
S2,AYEFCWQ,ADWIN,ADWIN_delta=0.05,mod,,,,51.81529789910095,378.4513802915878,7.303854182765479,15881,85868,4449276.0,12298482704.0,173.4285944940002,,0.05
S2,AAXAA7Z,ADWIN,ADWIN_delta=0.0001,mod,,,,124.79283948475518,631.3620199525303,5.059280825400709,4594,46114,5754697.0,18381870463.0,138.54987124000036,,0.0001
S2,AA2KP1S,KSWIN,KSWIN_alpha=0.01_window_size=300,mod,0.01,300.0,1.0,243.79704190632705,1062.8240697089132,4.359462532434159,2432,59633,14538349.0,67361138823.0,256.52841954700125,,
S2,A1K5DRI,PH,PH_threshold=500_delta=0.5,mod,,,,530.0488823458719,1626.6070820721216,3.0687869293736467,2804,66568,35284294.0,176128982704.0,198.60578024999995,500.0,0.5
S2,AYEFCWQ,PH,PH_threshold=200_delta=0.5,mod,,,,219.96710066613872,1132.2459170326754,5.147342096176344,8899,85868,18888135.0,110081128763.0,134.2899876270003,200.0,0.5
S2,A0VFT1N,KSWIN,KSWIN_alpha=1e-05_window_size=1000,mod,1e-05,1000.0,1.0,842.7080367482437,1781.0984727836303,2.1135415768150887,786,64765,54577986.0,205454771768.0,279.4002065530003,,
S2,AUY8KYW,KSWIN,KSWIN_alpha=1e-05_window_size=100,mod,1e-05,100.0,1.0,197.40299849205428,1033.8102872575018,5.237054630145924,6374,68968,13614490.0,73710495554.0,1218.130941409,,
S2,AUY8KYW,PH,PH_threshold=500_delta=0.5,mod,,,,655.0800516181417,1518.7839327839422,2.318470741144274,3855,68968,45179561.0,159088805231.0,216.1079773319998,500.0,0.5
S2,APGIB2T,PH,PH_threshold=100_delta=2,mod,,,,64.95017636684304,230.15557252896912,3.543571171062488,1348,11340,736535.0,600697803.0,42.14980842400109,100.0,2.0
S2,A1K5DRI,PH,PH_threshold=500_delta=2,mod,,,,611.7922725633938,1514.558122676151,2.4756084550237807,1953,66568,40725788.0,152699423682.0,208.06899972099927,500.0,2.0
S2,A4G0044,ADWIN,ADWIN_delta=0.01,mod,,,,52.67289516567083,171.47063226539652,3.255386508109606,1156,9205,484854.0,270647046.0,13.179930014001002,,0.01
S2,AFPB8J2,KSWIN,KSWIN_alpha=0.01_window_size=100,mod,0.01,100.0,1.0,152.3076322051355,1153.5579350921005,7.57386821914762,6188,56314,8577052.0,74936809454.0,546.2714657309989,,
S2,A0NVTRV,PH,PH_threshold=100_delta=5,mod,,,,519.7204724409448,1257.095539919642,2.4187916516267003,874,27432,14256972.0,43350493238.0,86.27595598400512,100.0,5.0
S2,AX6281V,PH,PH_threshold=100_delta=5,mod,,,,491.084581076776,1084.5403556768872,2.208459392675028,2198,50224,24664232.0,59074864178.0,68.41560496099919,100.0,5.0
S2,A1K5DRI,PH,PH_threshold=200_delta=2,mod,,,,586.4310329287346,1538.4343387817432,2.6233849376942846,3739,66568,39037541.0,157551825335.0,220.26682655699915,200.0,2.0
S2,AURCTAK,KSWIN,KSWIN_alpha=1e-05_window_size=1000,mod,1e-05,1000.0,1.0,120.94356480434293,208.93602813859465,1.7275497747780295,107,8842,1069383.0,385991001.0,41.26155567299429,,
S2,A1ZJ41O,KSWIN,KSWIN_alpha=1e-05_window_size=1000,mod,1e-05,1000.0,1.0,840.2394656050741,1757.426254540171,2.091577849505809,721,59282,49811076.0,183095245634.0,117.02326153799912,,
S2,A7EM0B6,ADWIN,ADWIN_delta=1e-05,mod,,,,110.5228417834932,762.0317154720426,6.894789377247568,4548,47435,5242651.0,27545140929.0,66.357286724,,1e-05
S2,AYWIEKR,KSWIN,KSWIN_alpha=0.005_window_size=100,mod,0.005,100.0,1.0,183.65189449933868,1037.1640273016196,5.647445293875552,7077,64265,11802389.0,69130452993.0,761.9390057660021,,
S2,A1K5DRI,PH,PH_threshold=50_delta=5,mod,,,,620.3777791130874,1670.7018574421836,2.6930394893103267,4823,66568,41297308.0,185807576954.0,218.61760547199992,50.0,5.0
S2,AJMQUVV,KSWIN,KSWIN_alpha=0.0001_window_size=300,mod,0.0001,300.0,1.0,930.8112372236748,2539.6716389630506,2.7284496978550816,2560,67312,62654766.0,434157825056.0,495.9639512609992,,
S2,AYWIEKR,KSWIN,KSWIN_alpha=0.01_window_size=100,mod,0.01,100.0,1.0,110.56727612230608,801.1548528235688,7.245858638475965,7289,64265,7105606.0,41248432296.0,578.938586106,,
S2,AMV7EQF,KSWIN,KSWIN_alpha=0.01_window_size=1000,mod,0.01,1000.0,1.0,980.5333094834424,1781.273026617619,1.816636935624366,800,64291,63039467.0,203991073779.0,87.31150609299948,,
S2,AJWW3IY,KSWIN,KSWIN_alpha=1e-05_window_size=300,mod,1e-05,300.0,1.0,484.8982614917522,1421.5842544501638,2.9317165420984788,1901,51711,25074574.0,104502852592.0,573.9798194229988,,
S2,AZIK4ZA,PH,PH_threshold=200_delta=0.5,mod,,,,208.7819226826768,900.6120998604199,4.313649804007414,5589,54632,11406174.0,44312132900.0,87.1888402700024,200.0,0.5
S2,A0NVTRV,PH,PH_threshold=25_delta=0.005,mod,,,,11.81846019247594,22.02782149468466,1.863848685525748,8376,27432,324204.0,13310690.0,134.4420178979999,25.0,0.005
S2,A0VFT1N,KSWIN,KSWIN_alpha=0.005_window_size=300,mod,0.005,300.0,1.0,1376.071211302401,2989.885959817474,2.1727697921880487,2605,64765,89121252.0,578961410184.0,365.7185968920003,,
S2,AX6281V,KSWIN,KSWIN_alpha=0.0001_window_size=100,mod,0.0001,100.0,1.0,181.26547069130297,1410.6009662815302,7.781961787326825,4558,50224,9103877.0,99935468403.0,565.2892566049995,,
S2,A1ZJ41O,PH,PH_threshold=100_delta=2,mod,,,,417.43001248270974,1307.0931605332278,3.1312869737351923,4945,59282,24746086.0,101282854182.0,92.18481435399735,100.0,2.0
S2,AFPB8J2,PH,PH_threshold=25_delta=2,mod,,,,13.566253507120788,19.93111071347574,1.4691683818980754,12146,56314,763970.0,22370690.0,265.3731111900015,25.0,2.0
S2,AYWIEKR,PH,PH_threshold=25_delta=0.5,mod,,,,16.958095386291138,29.790476088378316,1.756711199564358,20282,64265,1089812.0,57033418.0,338.1481201450006,25.0,0.5
S2,ATHKM6V,PH,PH_threshold=50_delta=0.5,mod,,,,10.064539993489776,16.778372240541348,1.6670779043447983,6293,33793,340111.0,9513195.0,104.07155986200088,50.0,0.5
S2,AHYIJDV,PH,PH_threshold=25_delta=0.5,mod,,,,76.65310005295883,482.2268991671534,6.291029310412597,14928,50983,3908005.0,11855728669.0,276.0475403409946,25.0,0.5
S2,ASFODQR,PH,PH_threshold=500_delta=0.5,mod,,,,801.6298545176833,1801.6572594505917,2.2474927166161924,5464,106061,85021664.0,344270705438.0,148.25673138000002,500.0,0.5
S2,AZIK4ZA,KSWIN,KSWIN_alpha=0.001_window_size=100,mod,0.001,100.0,1.0,13.380125201347196,18.14801263017393,1.356341017522517,5791,54632,730983.0,17993069.0,396.7521974170013,,
S2,A7EM0B6,KSWIN,KSWIN_alpha=0.005_window_size=300,mod,0.005,300.0,1.0,620.9632128175398,1612.9540703621797,2.5975034222133875,1916,47435,29455390.0,123407884218.0,119.59642875200008,,
S2,AV2GF3B,PH,PH_threshold=200_delta=0.5,mod,,,,45.340564373897706,143.4282576041593,3.16335404256084,687,5670,257081.0,116641341.0,11.19602297700476,200.0,0.5
S2,AX6281V,KSWIN,KSWIN_alpha=0.001_window_size=300,mod,0.001,300.0,1.0,839.6666334820006,1720.3904769032156,2.0488970363975936,1991,50224,42171417.0,148650152171.0,163.16319499599922,,
S2,ATHKM6V,KSWIN,KSWIN_alpha=0.005_window_size=100,mod,0.005,100.0,1.0,347.24792116710563,2366.8926210870154,6.8161462655610805,3578,33793,11734549.0,189314491711.0,477.9939041090038,,
S2,A1K5DRI,KSWIN,KSWIN_alpha=0.0001_window_size=300,mod,0.0001,300.0,1.0,774.2256189159957,1804.067662111548,2.330157538105557,2544,66568,51538651.0,216656215499.0,414.9683566200001,,
S2,AJMQUVV,PH,PH_threshold=25_delta=5,mod,,,,343.50022284288093,1350.9024356494328,3.932755631041741,7994,67312,23121687.0,122840185639.0,211.02025061399945,25.0,5.0
S2,AOYM4KG,PH,PH_threshold=50_delta=0.005,mod,,,,20.21406278685515,32.48766694860589,1.6071814603114845,3134,10894,220212.0,11498056.0,24.11196328599908,50.0,0.005
S2,AOYM4KG,ADWIN,ADWIN_delta=0.01,mod,,,,62.04525426840463,185.63648467586472,2.9919530005117023,1526,10894,675921.0,375417093.0,16.621702534001088,,0.01
S2,AYEFCWQ,PH,PH_threshold=50_delta=0.5,mod,,,,14.489239297526437,25.39269124783621,1.7525206621558926,20332,85868,1244162.0,55366722.0,208.27773854800037,50.0,0.5
S2,AUY8KYW,KSWIN,KSWIN_alpha=0.001_window_size=300,mod,0.001,300.0,1.0,705.6819829486138,1668.0503736205746,2.3637423285922807,2766,68968,48669475.0,191896014831.0,349.0667849379997,,
S2,AAXAA7Z,KSWIN,KSWIN_alpha=1e-05_window_size=300,mod,1e-05,300.0,1.0,715.6416706423212,1814.835695183389,2.535955869582736,1674,46114,33001100.0,151882389284.0,504.4945119119948,,
S2,AX6281V,PH,PH_threshold=50_delta=5,mod,,,,507.6713125199108,1126.1212637142412,2.2182093727623715,3149,50224,25497284.0,63691520428.0,72.5353444100001,50.0,5.0
S2,A7EM0B6,PH,PH_threshold=50_delta=0.005,mod,,,,14.657974069779698,23.002271188177986,1.5692667403199805,12560,47435,695301.0,25098071.0,104.72191699099858,50.0,0.005
S2,AV2GF3B,KSWIN,KSWIN_alpha=0.0001_window_size=100,mod,0.0001,100.0,1.0,56.68165784832451,214.45265507762144,3.7834577042802673,566,5670,321385.0,260762967.0,101.3041707289958,,
S2,A3OU183,PH,PH_threshold=100_delta=0.005,mod,,,,12.419692863595303,20.11139259261908,1.6193148102373562,1091,5535,68743.0,2238731.0,15.938125828994089,100.0,0.005
S2,AJWW3IY,PH,PH_threshold=200_delta=2,mod,,,,455.5347604958326,1181.180318539612,2.592953207904357,2865,51711,23556158.0,72146512108.0,160.02507727299962,200.0,2.0
S2,A0VFT1N,PH,PH_threshold=50_delta=2,mod,,,,62.24315602563113,327.1619256933907,5.256191147484048,9331,64765,4031178.0,6932116958.0,232.2136407390008,50.0,2.0
S2,A3OU183,KSWIN,KSWIN_alpha=0.0001_window_size=100,mod,0.0001,100.0,1.0,13.48021680216802,19.91455551169912,1.47731715327429,540,5535,74613.0,2195123.0,104.73796028499784,,
S2,AYEFCWQ,KSWIN,KSWIN_alpha=0.001_window_size=1000,mod,0.001,1000.0,1.0,787.3226813248242,1753.3842969335135,2.2270211928647883,1052,85868,67605824.0,263988843318.0,120.9940003440006,,
S2,APGIB2T,PH,PH_threshold=25_delta=2,mod,,,,19.24109347442681,82.06873812711986,4.265284519104738,2743,11340,218194.0,76378050.0,54.84841864799819,25.0,2.0
S2,A0NVTRV,PH,PH_threshold=50_delta=2,mod,,,,10.964822105570136,18.870524949490665,1.7210060288989482,2735,27432,300787.0,9768445.0,77.28343676700024,50.0,2.0
S2,A4E0D03,PH,PH_threshold=25_delta=0.5,mod,,,,13.792259345021504,20.096757532545872,1.457104092216774,15610,54414,750492.0,21976708.0,206.15184224500263,25.0,0.5
S2,AIFDJZB,KSWIN,KSWIN_alpha=0.001_window_size=100,mod,0.001,100.0,1.0,291.6341647607129,1484.3890334025143,5.089901022469237,10085,92692,27032154.0,204238554104.0,1110.9028416520002,,
S2,AV2GF3B,KSWIN,KSWIN_alpha=0.005_window_size=100,mod,0.005,100.0,1.0,44.161904761904765,193.26806780155388,4.3763526243612585,640,5670,250398.0,211788936.0,67.2724210880042,,
S2,A1K5DRI,PH,PH_threshold=50_delta=2,mod,,,,39.93800324480231,258.0070736570695,6.460189611273257,9589,66568,2658593.0,4431275329.0,257.3712462219992,50.0,2.0
S2,AYEFCWQ,Sem detector (HT),HT,mod,,,,28.98288070061024,167.0844210409818,5.7649349202704965,0,85868,2488702.0,2397194452.0,389.6445209929998,,
S2,AJWW3IY,PH,PH_threshold=25_delta=0.005,mod,,,,10.925431726325153,18.14769530087027,1.6610506344699276,17489,51711,564965.0,17030441.0,275.45604702200217,25.0,0.005
S2,AZIK4ZA,PH,PH_threshold=200_delta=2,mod,,,,580.2305608434617,1465.597140192109,2.525887533503268,4081,54632,31699156.0,117348168962.0,81.39882158600085,200.0,2.0
S2,A4G0044,PH,PH_threshold=200_delta=0.5,mod,,,,157.09918522542097,332.94552178697506,2.1193332181146127,1107,9205,1446098.0,1020399292.0,14.518347379998886,200.0,0.5
S2,A4G0044,PH,PH_threshold=25_delta=0.5,mod,,,,17.540467137425313,27.0184599014845,1.5403500767568736,3186,9205,161460.0,6719624.0,22.774392555002123,25.0,0.5
S2,AJMQUVV,ADWIN,ADWIN_delta=0.01,mod,,,,146.1278821012598,1348.097409303307,9.225463271746715,9503,67312,9836160.0,122330582260.0,234.99302452099985,,0.01
S2,AFPB8J2,PH,PH_threshold=50_delta=0.5,mod,,,,14.30400966012004,21.52374961342936,1.5047353941208623,13154,56314,805516.0,26088688.0,236.0926450549996,50.0,0.5
S2,AQC0L71,KSWIN,KSWIN_alpha=0.0001_window_size=1000,mod,0.0001,1000.0,1.0,373.5522889325204,899.9605278508459,2.4091955919280084,468,38708,14459462.0,31350729862.0,131.3762277679998,,
S2,AQC0L71,PH,PH_threshold=25_delta=2,mod,,,,10.437713134235818,16.38412880053897,1.5697048376237552,7620,38708,404023.0,10390763.0,158.52240419600275,25.0,2.0
S2,A3OU183,PH,PH_threshold=50_delta=0.005,mod,,,,11.64137308039747,17.915323262170737,1.5389355824647326,1672,5535,64435.0,1776507.0,29.71589012399636,50.0,0.005
S2,APGIB2T,PH,PH_threshold=200_delta=2,mod,,,,157.46931216931216,361.8894549464117,2.2981586060229025,817,11340,1785702.0,1485131506.0,37.95061074700061,200.0,2.0
S2,AZIK4ZA,PH,PH_threshold=25_delta=5,mod,,,,408.79918362864254,1090.204353025271,2.6668457195737068,6472,54632,22333517.0,64932619469.0,91.83940888200232,25.0,5.0
S2,A36HR6Y,KSWIN,KSWIN_alpha=1e-05_window_size=300,mod,1e-05,300.0,1.0,1094.2948980899885,2352.119016784513,2.149437981379575,1126,31204,34146378.0,172635002572.0,172.5141982770001,,
S2,A0VFT1N,PH,PH_threshold=200_delta=0.005,mod,,,,71.60978923801436,528.1470710999877,7.375347375266656,6466,64765,4637808.0,18065505624.0,235.0468629909992,200.0,0.005
S2,AOYM4KG,ADWIN,ADWIN_delta=0.002,mod,,,,106.19698916834956,268.4829290011657,2.5281595184921035,1303,10894,1156910.0,785273108.0,15.609602598000492,,0.002
S2,ASFODQR,PH,PH_threshold=500_delta=0.005,mod,,,,691.0143973750954,1630.9637052892638,2.36024562076374,6126,106061,73289678.0,282126779044.0,149.2580195380001,500.0,0.005
S2,AUY8KYW,KSWIN,KSWIN_alpha=0.0001_window_size=300,mod,0.0001,300.0,1.0,735.8459140470943,1673.4161665926088,2.2741393743548186,2698,68968,50749821.0,193132584703.0,448.38203672300006,,
S2,A36HR6Y,PH,PH_threshold=100_delta=5,mod,,,,363.87693885399307,907.4151823178212,2.4937419369737106,1704,31204,11354416.0,25693445778.0,41.82401294100055,100.0,5.0
S2,AA2KP1S,PH,PH_threshold=200_delta=5,mod,,,,444.9778310666912,1005.3250018016048,2.2592698593358267,1965,59633,26535363.0,60269782597.0,158.792617840998,200.0,5.0
S2,AAXAA7Z,PH,PH_threshold=25_delta=0.005,mod,,,,19.737867025198423,33.77222739203729,1.7110373349319783,15191,46114,910192.0,52595938.0,257.90167973400094,25.0,0.005
S2,AV2GF3B,PH,PH_threshold=25_delta=0.005,mod,,,,13.689594356261022,19.64049913696713,1.4347027841613451,2204,5670,77620.0,2187198.0,33.58676449400082,25.0,0.005
S2,A3OU183,KSWIN,KSWIN_alpha=0.001_window_size=300,mod,0.001,300.0,1.0,126.31562782294488,308.0231648746043,2.4385198425831893,220,5535,699157.0,525151225.0,29.49395124900184,,
S2,A4E0D03,PH,PH_threshold=50_delta=0.005,mod,,,,13.558054912338736,19.55526777656248,1.4423357851107297,13834,54414,737748.0,20808376.0,273.3290762760007,50.0,0.005
S2,AKXN5ZZ,PH,PH_threshold=25_delta=0.5,mod,,,,11.120027992969208,18.50988551011465,1.664553859200515,18130,61444,683259.0,21051689.0,287.1882774229998,25.0,0.5
S2,AAXAA7Z,PH,PH_threshold=50_delta=0.005,mod,,,,17.593485709329055,28.85687545390117,1.640202284564885,11995,46114,811306.0,38400016.0,229.17532050700535,50.0,0.005
S2,A0NVTRV,PH,PH_threshold=500_delta=5,mod,,,,534.4530475357247,1395.0349767903165,2.610210538086729,335,27432,14661116.0,53386034792.0,63.50138777800021,500.0,5.0
S2,AURCTAK,PH,PH_threshold=50_delta=5,mod,,,,195.67948427957475,386.8503577304561,1.9769592052774845,1228,8842,1730198.0,1323233588.0,34.88656728299975,50.0,5.0
S2,AKXN5ZZ,PH,PH_threshold=25_delta=5,mod,,,,478.63049280645794,1293.3375828010785,2.7021629466555126,5861,61444,29408972.0,102778736902.0,178.37893248100227,25.0,5.0
S2,AOYM4KG,KSWIN,KSWIN_alpha=0.001_window_size=100,mod,0.001,100.0,1.0,19.53120984027905,29.5293461462654,1.511905631435451,1186,10894,212773.0,9499375.0,68.06474349799828,,
S2,AIFDJZB,KSWIN,KSWIN_alpha=0.0001_window_size=1000,mod,0.0001,1000.0,1.0,824.0445669529194,1635.202012750254,1.984361135705029,1138,92692,76382339.0,247847806121.0,318.562179302,,
S2,AA2KP1S,PH,PH_threshold=25_delta=2,mod,,,,214.3265138430064,897.0628129004868,4.1854962170363255,10537,59633,12780933.0,47987968557.0,228.9664476100006,25.0,2.0
S2,A0NVTRV,PH,PH_threshold=50_delta=0.005,mod,,,,11.523585593467484,21.37109877011872,1.8545528730427112,5939,27432,316115.0,12528849.0,119.6052654160012,50.0,0.005
S2,AUY8KYW,PH,PH_threshold=100_delta=0.5,mod,,,,105.16443858021113,602.9367144286058,5.733275644967509,13014,68968,7252981.0,25072121985.0,302.2027521250002,100.0,0.5
S2,AKXN5ZZ,KSWIN,KSWIN_alpha=0.005_window_size=300,mod,0.005,300.0,1.0,725.0364722348805,1894.617570318932,2.6131341565188984,2501,61444,44549141.0,220557891631.0,267.2140855730031,,
S2,AKXN5ZZ,PH,PH_threshold=50_delta=0.005,mod,,,,11.160520148427835,17.99346124245938,1.612242171794662,16032,61444,685747.0,19893395.0,289.49227990299914,50.0,0.005
S2,ATHKM6V,PH,PH_threshold=200_delta=0.5,mod,,,,321.2329476518806,1094.555796282532,3.4073584427855748,2528,33793,10855425.0,40485784455.0,96.3506485120015,200.0,0.5
S2,AJMQUVV,KSWIN,KSWIN_alpha=1e-05_window_size=300,mod,1e-05,300.0,1.0,1253.2029355835512,2517.756480462962,2.0090572795303694,2430,67312,84355596.0,426697344040.0,714.6924681159999,,
S2,AA2KP1S,KSWIN,KSWIN_alpha=0.01_window_size=1000,mod,0.01,1000.0,1.0,501.0248184729932,1175.6274953250104,2.3464456289970803,742,59633,29877613.0,82418769763.0,192.78205441299724,,
S2,AQC0L71,PH,PH_threshold=500_delta=0.005,mod,,,,579.9474527229513,1424.1520104970502,2.4556569803185027,1763,38708,22448606.0,78507911998.0,119.84898282700306,500.0,0.005
S2,A4E0D03,KSWIN,KSWIN_alpha=0.005_window_size=300,mod,0.005,300.0,1.0,1194.196952990039,2462.704806448429,2.062226670636104,2185,54414,64981033.0,330016282835.0,206.053551418001,,
S2,AURCTAK,PH,PH_threshold=200_delta=2,mod,,,,191.92298122596696,395.8041086764362,2.062307005383701,803,8842,1696983.0,1385195611.0,19.066126949001045,200.0,2.0
S2,AZIK4ZA,PH,PH_threshold=500_delta=2,mod,,,,611.5151925611364,1289.9072364514727,2.109362534476221,2320,54632,33408298.0,90900036596.0,76.3485944899985,500.0,2.0
S2,APGIB2T,ADWIN,ADWIN_delta=0.0001,mod,,,,102.32980599647266,298.2795798577923,2.914884641412045,1072,11340,1160420.0,1008927826.0,37.93608122599835,,0.0001
S2,AOYM4KG,KSWIN,KSWIN_alpha=0.005_window_size=1000,mod,0.005,1000.0,1.0,124.58270607673948,189.4270452467161,1.5204922995494596,134,10894,1357204.0,390905104.0,14.255324567999196,,
S2,A3OU183,KSWIN,KSWIN_alpha=0.005_window_size=300,mod,0.005,300.0,1.0,119.6505871725384,295.1027901086342,2.466371432704216,222,5535,662266.0,482019110.0,18.26588010499836,,
S2,A7EM0B6,ADWIN,ADWIN_delta=0.0001,mod,,,,111.36380309897754,762.0603616603845,6.842980757249132,5079,47435,5282542.0,27547211914.0,68.63315241899909,,0.0001
S2,A4G0044,PH,PH_threshold=500_delta=0.005,mod,,,,154.3113525258012,335.51047764319526,2.1742436454057854,571,9205,1420436.0,1036181818.0,12.27648703599698,500.0,0.005
S2,A1ZJ41O,KSWIN,KSWIN_alpha=1e-05_window_size=100,mod,1e-05,100.0,1.0,43.92252285685368,284.6644098536142,6.48105781130455,5389,59282,2603815.0,4803847287.0,655.4882528129983,,
S2,A4E0D03,KSWIN,KSWIN_alpha=0.001_window_size=300,mod,0.001,300.0,1.0,1544.694894696218,2947.5588128350964,1.9081818830085329,2151,54414,84053028.0,472754434200.0,365.2887745619992,,
S2,AHYIJDV,KSWIN,KSWIN_alpha=0.005_window_size=300,mod,0.005,300.0,1.0,910.8342977070788,1992.7537678034869,2.1878334762096863,2042,50983,46437065.0,202456938385.0,304.1348710020029,,
S2,A4E0D03,PH,PH_threshold=25_delta=5,mod,,,,285.85998088727166,1175.287057751637,4.111408159000433,5356,54414,15554785.0,75162040141.0,179.20985132999704,25.0,5.0
S2,AHYIJDV,KSWIN,KSWIN_alpha=0.001_window_size=300,mod,0.001,300.0,1.0,741.4031343781261,1671.0797480642518,2.253942114050974,2021,50983,37798956.0,142370411116.0,282.39929994099657,,
S2,AYWIEKR,KSWIN,KSWIN_alpha=0.001_window_size=100,mod,0.001,100.0,1.0,91.47195207344588,693.4154652877266,7.580634823786861,6844,64265,5878445.0,30900219107.0,821.8007030439985,,
S2,A4E0D03,PH,PH_threshold=100_delta=5,mod,,,,683.9155548204507,1700.7943657819528,2.486848491446381,2650,54414,37214581.0,157403458043.0,183.940971652999,100.0,5.0
S2,A7EM0B6,PH,PH_threshold=25_delta=0.005,mod,,,,14.94031833034679,23.52211763254444,1.574405384975385,16413,47435,708694.0,26245312.0,133.2093124669991,25.0,0.005
S2,AURCTAK,KSWIN,KSWIN_alpha=0.01_window_size=1000,mod,0.01,1000.0,1.0,148.4208323908618,259.2883229225354,1.7469806545735262,110,8842,1312337.0,594451501.0,16.7534410340013,,
S2,AMV7EQF,PH,PH_threshold=500_delta=2,mod,,,,1111.9311567715542,2684.803959192438,2.414541532398152,2433,64291,71487166.0,463420605294.0,86.44929982099893,500.0,2.0
S2,AKXN5ZZ,PH,PH_threshold=100_delta=2,mod,,,,362.9479688822343,1230.3881281737013,3.3899848839570867,5719,61444,22300975.0,93017303299.0,182.38121152299937,100.0,2.0
S2,A4E0D03,PH,PH_threshold=500_delta=0.005,mod,,,,871.6345793362002,2246.7228669965093,2.577597218214447,2699,54414,47429124.0,274669010766.0,162.0718924779976,500.0,0.005
S2,AKXN5ZZ,KSWIN,KSWIN_alpha=1e-05_window_size=100,mod,1e-05,100.0,1.0,49.267365405898055,389.6657434373969,7.9092060277034415,5840,61444,3027184.0,9329619578.0,1111.160650897,,
S2,A4E0D03,PH,PH_threshold=200_delta=5,mod,,,,951.3961112948872,2098.3856458401515,2.205585687105833,1727,54414,51769268.0,239596939248.0,173.2391711900018,200.0,5.0
S2,AJMQUVV,PH,PH_threshold=200_delta=0.005,mod,,,,127.12011231281198,1042.8868269166312,8.203948281215625,7325,67312,8556709.0,73209401797.0,217.0501260229994,200.0,0.005
S2,A3OU183,KSWIN,KSWIN_alpha=0.0001_window_size=1000,mod,0.0001,1000.0,1.0,108.60054200542004,220.47533522309115,2.0301494923670607,68,5535,601104.0,269052882.0,22.01716374199896,,
S2,AX6281V,PH,PH_threshold=500_delta=0.5,mod,,,,655.4075939789742,1525.2383802989675,2.3271600669733745,1939,50224,32917191.0,116838708711.0,67.5412429609969,500.0,0.5
S2,ASFODQR,PH,PH_threshold=50_delta=5,mod,,,,478.858487097048,1284.7324686395432,2.682906335080102,10852,106061,50788210.0,175057659482.0,172.12597072000017,50.0,5.0
S2,AKXN5ZZ,ADWIN,ADWIN_delta=1e-05,mod,,,,296.14743506282144,1165.7860380034924,3.936505604906541,5870,61444,18196483.0,83505903617.0,197.8897685180018,,1e-05
S2,AIFDJZB,KSWIN,KSWIN_alpha=0.01_window_size=1000,mod,0.01,1000.0,1.0,798.1881392137401,1400.3768577682672,1.754444583889353,1149,92692,73985655.0,181774141925.0,291.11897437900006,,
S2,A36HR6Y,ADWIN,ADWIN_delta=0.0001,mod,,,,233.53871298551468,1243.1113942835595,5.322935021743757,3141,31204,7287342.0,48220350588.0,47.01511919500263,,0.0001
S2,AMV7EQF,PH,PH_threshold=100_delta=0.5,mod,,,,59.24525983419141,476.7097178490202,8.046377367289445,11516,64291,3808937.0,14610268303.0,124.06311657200058,100.0,0.5
S2,AKXN5ZZ,PH,PH_threshold=500_delta=2,mod,,,,787.4848479916673,1789.381060788237,2.2722736384728144,1672,61444,48386219.0,196736596177.0,202.23741336299645,500.0,2.0
S2,A1ZJ41O,ADWIN,ADWIN_delta=0.0001,mod,,,,267.1308154245808,1229.3054629920343,4.601885638083955,6000,59282,15836049.0,89586479481.0,84.93597977300124,,0.0001
S2,AMV7EQF,KSWIN,KSWIN_alpha=0.001_window_size=300,mod,0.001,300.0,1.0,1494.8558274097463,3305.880367696594,2.2115044856365524,2566,64291,96105776.0,702626374250.0,213.13128911500095,,
S2,AAXAA7Z,PH,PH_threshold=50_delta=2,mod,,,,329.76399791820273,1001.1679062895082,3.036013368984706,7482,46114,15206737.0,46221776561.0,197.5098039310033,50.0,2.0
S2,A1ZJ41O,ADWIN,ADWIN_delta=0.05,mod,,,,15.94033602105192,24.396778686878903,1.5305059225011828,10313,59282,944975.0,35284813.0,115.29878280400044,,0.05
S2,AYWIEKR,PH,PH_threshold=25_delta=5,mod,,,,493.5056562670194,1474.375049309574,2.9875545104428127,7254,64265,31715141.0,139698086479.0,238.152928001,25.0,5.0
S2,AQC0L71,PH,PH_threshold=100_delta=0.005,mod,,,,10.283791464296788,16.125046612094607,1.5680059896272167,6418,38708,398065.0,10064743.0,155.3640312110001,100.0,0.005
S2,A1ZJ41O,PH,PH_threshold=200_delta=5,mod,,,,477.48689315475184,1330.8097627160437,2.7871126554351995,1653,59282,28306378.0,104991660252.0,76.66381134499898,200.0,5.0
S2,A0NVTRV,KSWIN,KSWIN_alpha=0.005_window_size=100,mod,0.005,100.0,1.0,10.281131525226014,14.587341656367403,1.4188459335021224,2985,27432,282032.0,5837270.0,305.9481974139999,,
S2,AIFDJZB,PH,PH_threshold=500_delta=2,mod,,,,627.1670910110905,1560.0362993247322,2.487433288008961,4158,92692,58133372.0,225585749052.0,279.30483467700014,500.0,2.0
S2,A0NVTRV,PH,PH_threshold=200_delta=0.5,mod,,,,175.50528579760862,926.5872763620016,5.2795405685418215,1836,27432,4814461.0,23552127119.0,89.2558847850014,200.0,0.5
S2,AMV7EQF,KSWIN,KSWIN_alpha=0.01_window_size=300,mod,0.01,300.0,1.0,1121.8368511922354,2798.832489481897,2.49486588580811,2619,64291,72124013.0,503621189289.0,140.7144089630001,,
S2,A0NVTRV,ADWIN,ADWIN_delta=0.01,mod,,,,10.194517351997668,15.157059054945345,1.4867853505566146,3676,27432,279656.0,6302130.0,96.28576352500386,,0.01
S2,A3OU183,KSWIN,KSWIN_alpha=1e-05_window_size=300,mod,1e-05,300.0,1.0,125.8457091237579,246.5964611144011,1.959514256238135,202,5535,696556.0,336582324.0,68.52474169999914,,
S2,ATHKM6V,PH,PH_threshold=500_delta=5,mod,,,,400.2545497588258,794.013814912083,1.9837721154962955,433,33793,13525802.0,21305065108.0,107.4791697220062,500.0,5.0
S2,ASFODQR,PH,PH_threshold=200_delta=2,mod,,,,670.5163443678638,1651.4523023772404,2.462956072956229,8013,106061,71115634.0,289259603922.0,159.82546443200044,200.0,2.0
S2,AKXN5ZZ,KSWIN,KSWIN_alpha=1e-05_window_size=1000,mod,1e-05,1000.0,1.0,818.4582221209556,1573.7595604189846,1.9228343217577293,748,61444,50289347.0,152179531699.0,271.4998767010002,,
S2,AKXN5ZZ,PH,PH_threshold=25_delta=0.005,mod,,,,11.26489160861923,19.0633872526892,1.69228323849144,21186,61444,692160.0,22329532.0,315.07198717999927,25.0,0.005
S2,AZIK4ZA,ADWIN,ADWIN_delta=0.01,mod,,,,13.395464196807731,18.64903332192949,1.392190150929875,8227,54632,731821.0,19000269.0,90.9165930479976,,0.01
S2,A1ZJ41O,PH,PH_threshold=50_delta=2,mod,,,,302.97667082756993,1067.3337135661184,3.5228247463764606,7341,59282,17961063.0,67534128865.0,103.04087498899752,50.0,2.0
S2,APGIB2T,PH,PH_threshold=100_delta=0.005,mod,,,,20.752292768959435,98.01649835929298,4.723164782346492,2271,11340,235331.0,108946033.0,29.192885080999982,100.0,0.005
S2,A4E0D03,PH,PH_threshold=50_delta=5,mod,,,,575.2159738302643,1678.3210760415584,2.9177233463561643,3861,54414,31299802.0,153271267568.0,191.491492997,50.0,5.0
S2,AOYM4KG,KSWIN,KSWIN_alpha=0.005_window_size=300,mod,0.005,300.0,1.0,149.18533137506884,283.2101843804514,1.8983782237171083,441,10894,1625225.0,873786045.0,23.283768809997127,,
S2,A1K5DRI,ADWIN,ADWIN_delta=0.002,mod,,,,119.533259223651,774.0932027437461,6.4759649972848985,7669,66568,7957090.0,39888896034.0,232.8838588610015,,0.002
S2,A36HR6Y,KSWIN,KSWIN_alpha=0.005_window_size=1000,mod,0.005,1000.0,1.0,835.5626201769004,1780.1537089810604,2.130485095903616,382,31204,26072896.0,98883829290.0,42.55285873400135,,
S2,AQC0L71,ADWIN,ADWIN_delta=0.0001,mod,,,,310.0849953497985,1253.3316232952254,4.041897034977058,3610,38708,12002770.0,60804080834.0,130.68265145600162,,0.0001
S2,AMV7EQF,PH,PH_threshold=50_delta=0.5,mod,,,,14.441305937067396,22.45171792750924,1.5546875071651949,16890,64291,928446.0,32407784.0,156.85710149100123,50.0,0.5
S2,A1K5DRI,KSWIN,KSWIN_alpha=0.001_window_size=100,mod,0.001,100.0,1.0,12.032973801225817,18.88746051017698,1.5696419540324178,6748,66568,801011.0,23747213.0,955.82985224,,
S2,AFPB8J2,PH,PH_threshold=100_delta=5,mod,,,,401.62314877295165,1251.876709294064,3.117043211076917,2780,56314,22617006.0,88255035858.0,139.3047298040001,100.0,5.0
S2,AQC0L71,PH,PH_threshold=100_delta=2,mod,,,,251.15560090937277,893.4455529039958,3.557338756010413,3311,38708,9721731.0,30898465757.0,129.2712013420023,100.0,2.0
S2,AJMQUVV,KSWIN,KSWIN_alpha=0.01_window_size=1000,mod,0.01,1000.0,1.0,961.7424679106252,2156.422406958752,2.24220358246585,826,67312,64736809.0,313011408185.0,217.76523989499947,,
S2,AJWW3IY,ADWIN,ADWIN_delta=1e-05,mod,,,,238.051304364642,1020.922276065756,4.288664911081221,4417,51711,12309871.0,53897459693.0,151.2205823309996,,1e-05
S2,AX6281V,PH,PH_threshold=50_delta=0.5,mod,,,,66.75858155463523,442.11528892295337,6.622598602714861,9828,50224,3352883.0,9817080803.0,110.58842204100074,50.0,0.5
S2,AZIK4ZA,KSWIN,KSWIN_alpha=0.0001_window_size=1000,mod,0.0001,1000.0,1.0,551.58112461561,1106.175475866732,2.0054628893213344,675,54632,30133980.0,66849036388.0,94.61189631600064,,
S2,AOYM4KG,KSWIN,KSWIN_alpha=0.0001_window_size=300,mod,0.0001,300.0,1.0,165.1491646778043,303.9395658420105,1.840394206261822,426,10894,1799135.0,1006379655.0,35.883035856997594,,
S2,ATHKM6V,PH,PH_threshold=500_delta=0.005,mod,,,,909.0352143935136,2027.1933324621511,2.230049287820655,1415,33793,30719027.0,138872766293.0,95.03802434300452,500.0,0.005
S2,AV2GF3B,ADWIN,ADWIN_delta=0.01,mod,,,,53.53968253968254,187.9440449207264,3.5103690572208013,803,5670,303570.0,200281206.0,21.684583387999737,,0.01
S2,AYWIEKR,ADWIN,ADWIN_delta=1e-05,mod,,,,56.31239399362017,356.34615801283235,6.328023597313303,5565,64265,3618916.0,8160535782.0,209.8633009799996,,1e-05
S2,AX6281V,PH,PH_threshold=25_delta=0.5,mod,,,,15.993608633322712,24.01303264270437,1.5014142957501897,13820,50224,803263.0,28960451.0,118.88596705700184,25.0,0.5
S2,A1ZJ41O,PH,PH_threshold=500_delta=0.5,mod,,,,603.1787051718903,1667.9828309673967,2.7653211505403936,2305,59282,35757640.0,164932407756.0,80.19385924400194,500.0,0.5
S2,AV2GF3B,KSWIN,KSWIN_alpha=0.0001_window_size=1000,mod,0.0001,1000.0,1.0,205.81816578483244,596.8158007291697,2.8997236393268424,69,5670,1166989.0,2019592197.0,17.312839410005836,,
S2,AHYIJDV,PH,PH_threshold=50_delta=0.005,mod,,,,19.47509954298492,31.60309113736932,1.622743497028902,13158,50983,992899.0,50919545.0,250.87115925599937,50.0,0.005
S2,ATHKM6V,KSWIN,KSWIN_alpha=0.0001_window_size=100,mod,0.0001,100.0,1.0,172.23093540082266,1063.225526344707,6.173255250982215,3137,33793,5820200.0,38201246832.0,730.1275813629982,,
S2,A36HR6Y,PH,PH_threshold=50_delta=5,mod,,,,245.3509485963338,801.6139279411872,3.2672134855286448,2671,31204,7655931.0,20051218891.0,45.69688338299966,50.0,5.0
S2,AAXAA7Z,PH,PH_threshold=200_delta=5,mod,,,,452.9587760766796,1003.396140723496,2.215204106242187,2305,46114,20887741.0,46427751135.0,153.91326667799876,200.0,5.0
S2,A3OU183,ADWIN,ADWIN_delta=0.002,mod,,,,13.44896115627823,20.82733246908441,1.5486201667971815,613,5535,74440.0,2400960.0,19.36658141000225,,0.002
S2,AAXAA7Z,PH,PH_threshold=200_delta=0.005,mod,,,,249.0642104350089,855.3900743363263,3.434415859437712,5513,46114,11485347.0,33741253155.0,177.26316491099715,200.0,0.005
S2,AA2KP1S,PH,PH_threshold=25_delta=0.005,mod,,,,8.946003052001409,17.201898270543875,1.922858529172472,20162,59633,533477.0,17645721.0,305.7514375539977,25.0,0.005
S2,AX6281V,PH,PH_threshold=500_delta=0.005,mod,,,,512.6861858872252,1281.2622830357857,2.499116064183603,2248,50224,25749151.0,82449377697.0,73.97367114200097,500.0,0.005
S2,AFPB8J2,KSWIN,KSWIN_alpha=0.01_window_size=1000,mod,0.01,1000.0,1.0,787.9330539475086,1540.1641145108829,1.9546890523182527,699,56314,44371662.0,133582749106.0,159.24972659999912,,
S2,A0VFT1N,PH,PH_threshold=50_delta=5,mod,,,,516.9334825909056,1375.451386397827,2.660789894096184,5213,64765,33479197.0,122526734931.0,194.1017262739988,50.0,5.0
S2,A4E0D03,ADWIN,ADWIN_delta=0.05,mod,,,,13.21812401220274,19.623849565097892,1.4846168447944277,8784,54414,719251.0,20954585.0,176.52057067299756,,0.05
S2,AUY8KYW,PH,PH_threshold=50_delta=0.005,mod,,,,18.2874231527665,27.20592278639988,1.4876848727746643,20548,68968,1261247.0,51047509.0,338.64085318899924,50.0,0.005
S2,AQC0L71,KSWIN,KSWIN_alpha=1e-05_window_size=300,mod,1e-05,300.0,1.0,911.252970962075,2033.5953424015768,2.231647420863347,1401,38708,35272780.0,160077321724.0,410.8841797569985,,
S2,A36HR6Y,PH,PH_threshold=100_delta=0.5,mod,,,,12.651583130367902,17.60978528772452,1.3919036934955062,5319,31204,394780.0,9676502.0,58.008969229002105,100.0,0.5
S2,A3OU183,KSWIN,KSWIN_alpha=0.005_window_size=100,mod,0.005,100.0,1.0,11.998193315266484,16.932353854265816,1.411241960297565,608,5535,66410.0,1586910.0,64.77214423599798,,
S2,A4G0044,PH,PH_threshold=500_delta=2,mod,,,,156.09712112982075,325.8233646697135,2.087311811463436,377,9205,1436874.0,977210762.0,11.612263561000873,500.0,2.0
S2,AYEFCWQ,PH,PH_threshold=500_delta=0.005,mod,,,,661.3187566963246,1985.8893533198905,3.0029230733460115,4927,85868,56786119.0,338642485171.0,120.78781372200136,500.0,0.005
S2,AA2KP1S,PH,PH_threshold=100_delta=5,mod,,,,381.6462864521322,885.6330033721165,2.3205597298093887,2923,59633,22758713.0,46772894085.0,189.85767257599943,100.0,5.0
S2,AZIK4ZA,KSWIN,KSWIN_alpha=0.01_window_size=300,mod,0.01,300.0,1.0,643.3089581197833,1433.2573415086972,2.2279455670844657,2238,54632,35145255.0,112226507993.0,116.58793738100212,,
S2,A1ZJ41O,ADWIN,ADWIN_delta=0.002,mod,,,,89.41833946223137,500.7505301898092,5.600087556997374,7320,59282,5300898.0,14865026324.0,90.37464132100104,,0.002
S2,A3OU183,KSWIN,KSWIN_alpha=0.01_window_size=1000,mod,0.01,1000.0,1.0,98.28979223125565,174.5227908231811,1.7755942591939244,69,5535,544034.0,168586162.0,18.38313063000533,,
S2,AFPB8J2,PH,PH_threshold=500_delta=0.5,mod,,,,593.4005398302376,1659.7490573070145,2.7970130559399933,2320,56314,33416758.0,155131945078.0,181.1842072850013,500.0,0.5
S2,AIFDJZB,PH,PH_threshold=100_delta=0.005,mod,,,,59.35181029646572,452.6098025046123,7.625880326881357,18150,92692,5501438.0,18988478364.0,399.3386730760003,100.0,0.005
S2,ATHKM6V,KSWIN,KSWIN_alpha=0.01_window_size=300,mod,0.01,300.0,1.0,818.9270854910781,1917.1987058688885,2.34111038679252,1377,33793,27674003.0,124211270113.0,181.19201552300365,,
S2,ASFODQR,ADWIN,ADWIN_delta=0.01,mod,,,,120.21498948718192,669.1478608039641,5.566259778904801,15135,106061,12750122.0,47489752410.0,167.58362857800012,,0.01
S2,AJWW3IY,KSWIN,KSWIN_alpha=0.005_window_size=1000,mod,0.005,1000.0,1.0,535.0031908104659,1022.9874643830263,1.912114697546612,642,51711,27665550.0,54115734850.0,182.2396801979994,,
S2,AQC0L71,PH,PH_threshold=50_delta=2,mod,,,,10.266043195205125,15.165251762191216,1.4772246204140582,5274,38708,397378.0,8902254.0,157.53820462399744,50.0,2.0
S2,AIFDJZB,PH,PH_threshold=50_delta=0.5,mod,,,,15.716555905579767,23.39079794802662,1.4882903155469516,22448,92692,1456799.0,50714521.0,288.7395875,50.0,0.5
S2,A0VFT1N,KSWIN,KSWIN_alpha=0.005_window_size=1000,mod,0.005,1000.0,1.0,689.4656064232224,1290.0036980156303,1.871019650578151,803,64765,44653240.0,107776054416.0,195.32234574699945,,
S2,AIFDJZB,PH,PH_threshold=50_delta=5,mod,,,,511.3609480861347,1532.2203634137372,2.996357796089753,9396,92692,47399069.0,217612938145.0,353.0540946020001,50.0,5.0
S2,AOYM4KG,PH,PH_threshold=25_delta=2,mod,,,,34.729208738755275,123.97460387108956,3.5697503160428448,2600,10894,378340.0,167437538.0,22.059778327999084,25.0,2.0
S2,AMV7EQF,PH,PH_threshold=50_delta=2,mod,,,,110.9687359039368,655.2787636985724,5.905075500416919,11914,64291,7134291.0,27605929087.0,125.74872962900008,50.0,2.0
S2,AV2GF3B,Sem detector (HT),HT,mod,,,,19.154497354497355,24.81816766419537,1.2956835778500984,0,5670,108606.0,3492388.0,18.561094062999477,,
S2,APGIB2T,ADWIN,ADWIN_delta=1e-05,mod,,,,107.15582010582013,301.28012871943497,2.81160769822778,924,11340,1215147.0,1029328579.0,30.801441930998408,,1e-05
S2,AHYIJDV,PH,PH_threshold=500_delta=0.005,mod,,,,474.3412706196183,1459.4149836701458,3.0767193876336214,2381,50983,24183341.0,108588288657.0,106.93827409200458,500.0,0.005
S2,A7EM0B6,PH,PH_threshold=50_delta=5,mod,,,,500.5811953199114,1163.3233366710704,2.3239453410302677,4248,47435,23745069.0,64194790441.0,71.23564614100178,50.0,5.0
S2,AKXN5ZZ,KSWIN,KSWIN_alpha=0.001_window_size=1000,mod,0.001,1000.0,1.0,664.9980795521125,1438.0414004346237,2.162474516322166,761,61444,40860142.0,127063922834.0,165.64117322699894,,
S2,A1K5DRI,PH,PH_threshold=25_delta=5,mod,,,,281.93746244441775,1013.7875289737864,3.595788655342844,7212,66568,18768013.0,68416270765.0,224.83958927899948,25.0,5.0
S2,AUY8KYW,PH,PH_threshold=200_delta=5,mod,,,,694.9604889223988,1387.9332505754771,1.997139798159745,3715,68968,47930035.0,132857107377.0,159.8877563850001,200.0,5.0
S2,A0NVTRV,PH,PH_threshold=50_delta=0.5,mod,,,,10.303186060075824,16.86881238966564,1.6372423337118205,4660,27432,282637.0,7805963.0,109.2472498809948,50.0,0.5
S2,AA2KP1S,PH,PH_threshold=500_delta=0.005,mod,,,,614.7290426441735,1492.9492803014318,2.4286298136813467,2843,59633,36658137.0,132915847811.0,170.16199841300113,500.0,0.005
S2,AMV7EQF,KSWIN,KSWIN_alpha=1e-05_window_size=1000,mod,1e-05,1000.0,1.0,917.9323544508562,1775.2576369047813,1.9339743591092955,777,64291,59014789.0,202615637399.0,152.66379587900155,,
S2,AA2KP1S,KSWIN,KSWIN_alpha=0.0001_window_size=100,mod,0.0001,100.0,1.0,89.8457062364798,716.890342592365,7.979127468879398,5593,59633,5357769.0,30647292841.0,1178.016163993001,,
S2,A4G0044,Sem detector (HT),HT,mod,,,,18.77338403041825,26.727414737183352,1.423686571045332,0,9205,172809.0,6575635.0,12.567423265001707,,
S2,AJWW3IY,KSWIN,KSWIN_alpha=0.001_window_size=300,mod,0.001,300.0,1.0,396.3206474444509,1273.1249050215151,3.2123607821870013,2061,51711,20494137.0,83815620447.0,295.8029001750001,,
S2,AA2KP1S,ADWIN,ADWIN_delta=0.0001,mod,,,,56.22083410192343,409.2480346126129,7.279294965113506,5643,59633,3352617.0,9987570619.0,173.7817381269997,,0.0001
S2,AOYM4KG,PH,PH_threshold=25_delta=5,mod,,,,158.23866348448686,290.67289733936195,1.8369271512954763,2028,10894,1723852.0,920442048.0,20.42107446400041,25.0,5.0
S2,A3OU183,PH,PH_threshold=200_delta=0.005,mod,,,,38.96404697380307,153.10559026551263,3.929406777700761,636,5535,215666.0,129747716.0,11.402250881001237,200.0,0.005
S2,AJMQUVV,PH,PH_threshold=100_delta=5,mod,,,,481.9743433563109,1488.126685172913,3.08756411142155,3794,67312,32442657.0,149063839647.0,197.3440621970003,100.0,5.0
S2,AFPB8J2,PH,PH_threshold=500_delta=5,mod,,,,666.7737507546968,1752.8433233712722,2.628842724218362,835,56314,37548697.0,173022496463.0,142.47291552399838,500.0,5.0
S2,A4E0D03,KSWIN,KSWIN_alpha=0.005_window_size=1000,mod,0.005,1000.0,1.0,1147.479802991877,2198.720983173639,1.9161304429418389,675,54414,62438966.0,263057624760.0,154.01622834299997,,
S2,AFPB8J2,KSWIN,KSWIN_alpha=0.005_window_size=1000,mod,0.005,1000.0,1.0,965.8701743793728,1919.6594524957104,1.987492215223648,698,56314,54392013.0,207522294177.0,170.34438895499989,,
S2,AA2KP1S,ADWIN,ADWIN_delta=0.05,mod,,,,79.90902688108933,615.2741688078086,7.699682912211946,9602,59633,4765215.0,22574805803.0,201.9531396330021,,0.05
S2,AX6281V,PH,PH_threshold=100_delta=0.5,mod,,,,54.265271583306784,330.39694542455214,6.088552324249118,6368,50224,2725419.0,5482559397.0,86.51486395000029,100.0,0.5
S2,AIFDJZB,KSWIN,KSWIN_alpha=1e-05_window_size=300,mod,1e-05,300.0,1.0,1195.091723126052,2508.0733964795245,2.098645106435053,3510,92692,110775442.0,583072737972.0,811.096169641,,
S2,AFPB8J2,KSWIN,KSWIN_alpha=0.005_window_size=100,mod,0.005,100.0,1.0,157.60579962353944,1192.3337795106963,7.565291266937702,5967,56314,8875413.0,80059352329.0,707.3433272199982,,
S2,AJMQUVV,KSWIN,KSWIN_alpha=0.005_window_size=1000,mod,0.005,1000.0,1.0,876.949221535536,1775.860591467035,2.025043808531476,824,67312,59029206.0,212280564724.0,224.9200998340002,,
S2,A3OU183,ADWIN,ADWIN_delta=1e-05,mod,,,,24.474074074074075,106.29413095944086,4.343131864262868,434,5535,135464.0,62536878.0,13.159378477001155,,1e-05
S2,AV2GF3B,ADWIN,ADWIN_delta=0.05,mod,,,,14.408994708994708,20.180154219891985,1.400524785208969,969,5670,81699.0,2309043.0,17.028023614999256,,0.05
S2,AAXAA7Z,KSWIN,KSWIN_alpha=0.0001_window_size=100,mod,0.0001,100.0,1.0,142.21609489525957,731.2081603695623,5.14152888889326,4215,46114,6558153.0,24655559047.0,922.6777328660028,,
S2,AZIK4ZA,KSWIN,KSWIN_alpha=0.0001_window_size=100,mod,0.0001,100.0,1.0,14.41466539756919,19.78558646678996,1.372601161462027,5359,54632,787502.0,21386758.0,501.63192830700063,,
S2,AX6281V,Sem detector (HT),HT,mod,,,,19.052763618986937,28.086302622991592,1.4741327392002244,0,50224,956906.0,39618720.0,155.53567561700038,,
S2,AYEFCWQ,KSWIN,KSWIN_alpha=0.01_window_size=300,mod,0.01,300.0,1.0,1193.2565332836446,2707.36098844508,2.268884278383015,3472,85868,102462552.0,629395568806.0,171.7392949570003,,
S2,AIFDJZB,KSWIN,KSWIN_alpha=0.01_window_size=300,mod,0.01,300.0,1.0,1069.5527229965908,2368.919424968902,2.2148692383596065,3776,92692,99138981.0,520167041499.0,420.5866721370001,,
S2,AZIK4ZA,PH,PH_threshold=25_delta=2,mod,,,,105.58414482354664,542.5395725846412,5.138456853454079,11033,54632,5768273.0,16080884829.0,112.4255296400006,25.0,2.0
S2,APGIB2T,KSWIN,KSWIN_alpha=0.001_window_size=100,mod,0.001,100.0,1.0,21.1484126984127,106.876688492907,5.053650598606327,1183,11340,239823.0,129532585.0,143.27278712599946,,
S2,AQC0L71,PH,PH_threshold=50_delta=0.5,mod,,,,11.558618373462853,18.29173172837435,1.5825188735679596,8439,38708,447411.0,12951211.0,175.25584819199867,50.0,0.5
S2,AA2KP1S,KSWIN,KSWIN_alpha=0.005_window_size=100,mod,0.005,100.0,1.0,8.552630255060118,12.9531047323606,1.5145170954510707,6411,59633,510019.0,10005399.0,737.2327281479993,,
S2,A1ZJ41O,KSWIN,KSWIN_alpha=0.005_window_size=300,mod,0.005,300.0,1.0,638.8120846125299,1522.156886502157,2.38279287941996,2402,59282,37870058.0,137354116808.0,135.3712546630013,,
S2,A4G0044,PH,PH_threshold=50_delta=0.005,mod,,,,19.32015209125475,30.705695904822885,1.5893092228151655,2929,9205,177842.0,8678840.0,21.34145156500017,50.0,0.005
S2,AYEFCWQ,KSWIN,KSWIN_alpha=1e-05_window_size=1000,mod,1e-05,1000.0,1.0,1062.1883938137607,2206.320862293457,2.077146460216645,1034,85868,91207993.0,417992693845.0,186.21873686800063,,
S2,AUY8KYW,PH,PH_threshold=500_delta=5,mod,,,,559.9392906855353,1113.3120626035386,1.988272802289883,1835,68968,38617893.0,85483335823.0,196.28379724000024,500.0,5.0
S2,AV2GF3B,PH,PH_threshold=100_delta=0.5,mod,,,,15.07583774250441,20.743150842586736,1.37592027699423,1144,5670,85480.0,2439678.0,25.032651763001923,100.0,0.5
S2,AA2KP1S,PH,PH_threshold=100_delta=0.5,mod,,,,54.28395351567085,409.01312932400896,7.534696771964736,7877,59633,3237115.0,9976108329.0,237.50160127199703,100.0,0.5
S2,AAXAA7Z,PH,PH_threshold=50_delta=5,mod,,,,313.0990371687557,828.404323050474,2.6458220074435315,4850,46114,14438249.0,31645904157.0,176.35223143099574,50.0,5.0
S2,AX6281V,PH,PH_threshold=200_delta=0.005,mod,,,,168.99277237973877,754.1837828679639,4.462816795343527,4594,50224,8487493.0,28567068589.0,77.21422827399874,200.0,0.005
S2,AZIK4ZA,KSWIN,KSWIN_alpha=1e-05_window_size=300,mod,1e-05,300.0,1.0,658.9112241909504,1503.5580451632018,2.2818825813892576,2092,54632,35997638.0,123505840994.0,236.0987430410023,,
S2,ATHKM6V,ADWIN,ADWIN_delta=0.05,mod,,,,11.163791317728524,18.214491575954582,1.631568618362588,5576,33793,377258.0,11211426.0,135.89547888599918,,0.05
S2,A1K5DRI,Sem detector (HT),HT,mod,,,,13.304771061170532,17.980084524007275,1.3514012711185588,0,66568,885672.0,21520332.0,485.7605849240008,,
S2,APGIB2T,KSWIN,KSWIN_alpha=0.005_window_size=300,mod,0.005,300.0,1.0,219.0348324514991,440.14725900770185,2.0094852224253588,456,11340,2483855.0,2196893773.0,60.36126351700659,,
S2,AYEFCWQ,PH,PH_threshold=200_delta=2,mod,,,,457.97536917128616,1679.4694365027674,3.667161051787118,6338,85868,39325429.0,242200791059.0,125.7576233689997,200.0,2.0
S2,A0VFT1N,PH,PH_threshold=50_delta=0.005,mod,,,,13.193870145912143,19.362022965003053,1.4675014041275818,16725,64765,854501.0,24279617.0,321.14069323700096,50.0,0.005
S2,A0NVTRV,PH,PH_threshold=500_delta=0.005,mod,,,,448.27770487022457,1391.8308850307633,3.104840749181794,1052,27432,12297154.0,53141084206.0,82.55506587800483,500.0,0.005
S2,APGIB2T,KSWIN,KSWIN_alpha=0.001_window_size=300,mod,0.001,300.0,1.0,211.84541446208112,405.7327876491435,1.9152304461221503,452,11340,2402327.0,1866780537.0,69.23687350800174,,
S2,AJWW3IY,PH,PH_threshold=500_delta=0.005,mod,,,,509.9073117905281,1377.5430972569022,2.701555881635999,2423,51711,26367817.0,98128085589.0,175.08388628000102,500.0,0.005
S2,AJWW3IY,PH,PH_threshold=50_delta=0.5,mod,,,,11.6961188141788,20.147963624263305,1.722619609492905,10795,51711,604818.0,20991586.0,243.56862830500177,50.0,0.5
S2,AUY8KYW,PH,PH_threshold=50_delta=5,mod,,,,482.94988980396704,1124.1338327666049,2.327640727328666,8520,68968,33308088.0,87153266644.0,255.3233360819995,50.0,5.0
S2,AZIK4ZA,PH,PH_threshold=50_delta=2,mod,,,,337.6775699223898,1002.7155388450964,2.96944667978852,8507,54632,18448001.0,54929113501.0,101.83085694100008,50.0,2.0
S2,AJMQUVV,KSWIN,KSWIN_alpha=0.005_window_size=100,mod,0.005,100.0,1.0,239.89220347040649,1885.284463682564,7.858881766097647,7241,67312,16147624.0,239246873926.0,815.9697050700015,,
S2,AZIK4ZA,KSWIN,KSWIN_alpha=0.001_window_size=1000,mod,0.001,1000.0,1.0,634.0973239127252,1220.519957279994,1.9248148687156137,679,54632,34642005.0,81383594957.0,77.38749240100151,,
S2,A1K5DRI,KSWIN,KSWIN_alpha=0.01_window_size=300,mod,0.01,300.0,1.0,986.447362095902,2232.827272859015,2.263503719159361,2674,66568,65665828.0,331875937622.0,311.6053072850009,,
S2,AAXAA7Z,PH,PH_threshold=200_delta=0.5,mod,,,,172.58637290193866,701.2187402275803,4.063001779555352,4882,46114,7958648.0,22674609876.0,123.21703200299817,200.0,0.5
S2,ATHKM6V,PH,PH_threshold=500_delta=0.5,mod,,,,513.2166720918533,1517.7994434587615,2.9574242732066045,1201,33793,17343131.0,77849446083.0,102.30840102799992,500.0,0.5
S2,A36HR6Y,KSWIN,KSWIN_alpha=0.001_window_size=1000,mod,0.001,1000.0,1.0,409.3232277913088,989.126154417447,2.4164916312097184,380,31204,12772522.0,30529074622.0,47.20632868200119,,
S2,ATHKM6V,PH,PH_threshold=200_delta=2,mod,,,,330.10478501464803,866.5486222321238,2.625071376028892,1616,33793,11155231.0,25375383851.0,118.56284153700108,200.0,2.0
S2,AHYIJDV,PH,PH_threshold=100_delta=5,mod,,,,435.457525057372,1043.0552597704411,2.395308841276809,2327,50983,22200931.0,55467682629.0,168.51174332100345,100.0,5.0
S2,AX6281V,PH,PH_threshold=200_delta=5,mod,,,,603.3465474673463,1210.4425705540882,2.006214464365686,1451,50224,30302477.0,73586759183.0,66.14482547299849,200.0,5.0
S2,ASFODQR,KSWIN,KSWIN_alpha=0.0001_window_size=300,mod,0.0001,300.0,1.0,1174.2180443329785,2391.217750013802,2.036434171280469,4035,106061,124538740.0,606448560028.0,505.0181694630001,,
S2,AHYIJDV,ADWIN,ADWIN_delta=0.05,mod,,,,17.051193535099934,25.161182929558127,1.4756259072283564,8417,50983,869321.0,32276579.0,163.2921295359993,,0.05
S2,AIFDJZB,PH,PH_threshold=100_delta=5,mod,,,,582.5989729426487,1507.101578963218,2.5868593131069213,6851,92692,54002264.0,210536453354.0,300.7477641710002,100.0,5.0
S2,ASFODQR,PH,PH_threshold=100_delta=0.5,mod,,,,133.40855733964418,677.0642975455942,5.075118950742114,17523,106061,14149445.0,48620066059.0,203.92858035900008,100.0,0.5
S2,ASFODQR,PH,PH_threshold=200_delta=0.005,mod,,,,278.1724385023713,1111.414741943352,3.99541646874508,12715,106061,29503247.0,131011079039.0,192.56270921800024,200.0,0.005
S2,AQC0L71,KSWIN,KSWIN_alpha=0.001_window_size=300,mod,0.001,300.0,1.0,643.1975560607626,1467.9505098309014,2.2822700366296558,1521,38708,24896891.0,83411044693.0,238.2997897450041,,
S2,AYWIEKR,KSWIN,KSWIN_alpha=0.001_window_size=1000,mod,0.001,1000.0,1.0,733.4674861899946,1524.0824219241474,2.077914087018378,794,64265,47136288.0,149276491860.0,144.08016721700187,,
S2,AX6281V,KSWIN,KSWIN_alpha=0.005_window_size=1000,mod,0.005,1000.0,1.0,453.2462965912711,847.1703961030804,1.8691170837454023,623,50224,22763842.0,36045648282.0,73.72495070199875,,
S2,AQC0L71,PH,PH_threshold=200_delta=2,mod,,,,470.7336984602666,1341.6887693491603,2.8502076093929967,2068,38708,18221160.0,69679383802.0,127.33184475499728,200.0,2.0
S2,AUY8KYW,KSWIN,KSWIN_alpha=0.01_window_size=300,mod,0.01,300.0,1.0,997.3151606542164,1921.5057860187449,1.926678608553669,2817,68968,68782832.0,254642579610.0,297.18151908100026,,
S2,AJWW3IY,KSWIN,KSWIN_alpha=0.01_window_size=300,mod,0.01,300.0,1.0,501.7673415714258,1414.95682756304,2.8199460393968727,2102,51711,25946891.0,103530739125.0,216.3130352240005,,
S2,AX6281V,PH,PH_threshold=500_delta=2,mod,,,,664.3015092386111,1335.0951624823904,2.0097728876344254,1388,50224,33363879.0,89523229961.0,64.15552013999695,500.0,2.0
S2,A0NVTRV,PH,PH_threshold=200_delta=5,mod,,,,542.292104111986,1180.4950387093218,2.176861934293522,584,27432,14876157.0,38228372091.0,74.03884124099568,200.0,5.0
S2,AYEFCWQ,PH,PH_threshold=100_delta=2,mod,,,,334.9784902408348,1415.311641063861,4.225082153920733,9895,85868,28763933.0,172002795425.0,140.57507323299978,100.0,2.0
S2,A4E0D03,KSWIN,KSWIN_alpha=0.005_window_size=100,mod,0.005,100.0,1.0,111.59359723600544,825.0762980921176,7.393580980700821,5735,54414,6072254.0,37042379346.0,730.4977443820026,,
S2,AHYIJDV,KSWIN,KSWIN_alpha=0.0001_window_size=300,mod,0.0001,300.0,1.0,1018.1393601788832,2109.9395260484566,2.0723484510781987,1950,50983,51907799.0,226968403621.0,414.207835727997,,
S2,AQC0L71,PH,PH_threshold=25_delta=5,mod,,,,658.9127570528057,1629.462071442699,2.4729557198603653,3761,38708,25505195.0,102775416229.0,133.62015132099623,25.0,5.0
S2,AKXN5ZZ,KSWIN,KSWIN_alpha=0.001_window_size=300,mod,0.001,300.0,1.0,872.9455601848838,2025.4387125362125,2.320234851881529,2476,61444,53637267.0,252067987151.0,293.89443868500166,,
S2,A3OU183,PH,PH_threshold=500_delta=5,mod,,,,131.09087624209576,230.5632120712545,1.7588044163001504,139,5535,725588.0,294237250.0,9.054015886002162,500.0,5.0
S2,A4G0044,PH,PH_threshold=100_delta=2,mod,,,,163.8586637696904,326.0196178153004,1.989639182420854,1365,9205,1508319.0,978388323.0,15.301712156000576,100.0,2.0
S2,A36HR6Y,KSWIN,KSWIN_alpha=0.0001_window_size=100,mod,0.0001,100.0,1.0,174.4568004102038,911.3800295847258,5.22410148209631,2995,31204,5443750.0,25918465474.0,279.422769372999,,
S2,A1ZJ41O,PH,PH_threshold=100_delta=0.005,mod,,,,70.97911676394183,521.2269463204366,7.343384506373931,9329,59282,4207784.0,16105587308.0,107.71199576100116,100.0,0.005
S2,ASFODQR,KSWIN,KSWIN_alpha=1e-05_window_size=1000,mod,1e-05,1000.0,1.0,760.85816652681,1703.2557570207996,2.23859824597254,1275,106061,80697378.0,307691464316.0,243.37510596099992,,
S2,AJWW3IY,KSWIN,KSWIN_alpha=1e-05_window_size=1000,mod,1e-05,1000.0,1.0,440.1274196979366,998.9553460452148,2.269695777488271,628,51711,22759429.0,51603016231.0,237.1660703919988,,
S2,AYEFCWQ,KSWIN,KSWIN_alpha=0.005_window_size=1000,mod,0.005,1000.0,1.0,957.6769809475009,1961.9537424594544,2.048659184141973,1054,85868,82233807.0,330528471281.0,115.78639728599956,,
S2,A4G0044,PH,PH_threshold=100_delta=0.5,mod,,,,80.74361759913091,225.42223162213995,2.7918272468456538,1881,9205,743245.0,467753755.0,17.355823406000127,100.0,0.5
S2,A4E0D03,ADWIN,ADWIN_delta=1e-05,mod,,,,290.2580034549932,1340.7872288892438,4.619294603179283,4608,54414,15794099.0,97820613333.0,133.13192695199905,,1e-05
S2,ASFODQR,KSWIN,KSWIN_alpha=0.0001_window_size=1000,mod,0.0001,1000.0,1.0,761.4085007684257,1469.135014114577,1.9294964695454573,1295,106061,80755747.0,228917574927.0,188.97796557499987,,
S2,AOYM4KG,PH,PH_threshold=50_delta=5,mod,,,,234.12181017073615,351.750090048448,1.5024234170747692,1728,10894,2550523.0,1347894203.0,18.881089990001783,50.0,5.0
S2,AQC0L71,PH,PH_threshold=500_delta=2,mod,,,,790.1330474320554,1473.5186352890046,1.8648993863476069,1034,38708,30584470.0,84045022480.0,110.486302643003,500.0,2.0
S2,AX6281V,PH,PH_threshold=25_delta=2,mod,,,,116.61502468939152,593.9292136102642,5.09307625833135,8739,50224,5856873.0,17716611967.0,96.04321355200229,25.0,2.0
S2,A1K5DRI,PH,PH_threshold=200_delta=0.5,mod,,,,710.4318591515442,2026.1317939929304,2.85197203347933,5603,66568,47292028.0,273275622384.0,230.87331752700084,200.0,0.5
S2,AIFDJZB,KSWIN,KSWIN_alpha=0.005_window_size=300,mod,0.005,300.0,1.0,1112.353126483407,2603.756944613206,2.340764710973324,3754,92692,103106236.0,628410069606.0,451.03668541799993,,
S2,AV2GF3B,PH,PH_threshold=100_delta=2,mod,,,,41.46402116402116,133.70819592623454,3.224679907366408,826,5670,235101.0,101367589.0,24.281271293999453,100.0,2.0
S2,A1ZJ41O,KSWIN,KSWIN_alpha=0.005_window_size=1000,mod,0.005,1000.0,1.0,792.7380149117776,1565.9405009746356,1.9753568915815225,735,59282,46995095.0,145369521345.0,80.03945084099905,,
S2,AZIK4ZA,KSWIN,KSWIN_alpha=0.005_window_size=1000,mod,0.005,1000.0,1.0,448.74291623956657,833.4945725021491,1.8573988409371984,680,54632,24515723.0,37953571673.0,74.08939063700018,,
S2,ATHKM6V,PH,PH_threshold=200_delta=5,mod,,,,545.0855798538158,1195.3623734371076,2.1929810980464515,813,33793,18420077.0,48286520451.0,102.28570812399994,200.0,5.0
S2,A0VFT1N,PH,PH_threshold=25_delta=0.5,mod,,,,14.522072106847835,22.416229190481697,1.5435971551133807,18476,64765,940522.0,32543592.0,311.1668696559991,25.0,0.5
S2,A4G0044,PH,PH_threshold=25_delta=2,mod,,,,52.76838674633351,163.96023186041757,3.1071677943955707,2494,9205,485733.0,247457625.0,19.863230094000755,25.0,2.0
S2,A1ZJ41O,PH,PH_threshold=200_delta=0.5,mod,,,,143.22905772409837,815.3039635626156,5.692308366177572,4730,59282,8490905.0,39405963823.0,90.07303485900049,200.0,0.5
S2,A1ZJ41O,PH,PH_threshold=50_delta=5,mod,,,,492.4124860834655,1356.554467873497,2.7549148452006493,3746,59282,29191197.0,109093109121.0,85.07020136900246,50.0,5.0
S2,AV2GF3B,KSWIN,KSWIN_alpha=0.001_window_size=100,mod,0.001,100.0,1.0,39.55079365079365,172.50061830525897,4.361495747173141,615,5670,224253.0,168719147.0,66.43358156199974,,
S2,AYWIEKR,PH,PH_threshold=50_delta=5,mod,,,,649.1576130086361,1454.1300887393288,2.240026242625277,5130,64265,41718114.0,135887977152.0,188.1938443429972,50.0,5.0
S2,A7EM0B6,KSWIN,KSWIN_alpha=0.0001_window_size=100,mod,0.0001,100.0,1.0,212.33833667123432,1085.614001766102,5.112661325246084,4651,47435,10072269.0,55904887385.0,428.701391568,,
S2,AHYIJDV,PH,PH_threshold=50_delta=5,mod,,,,304.9991761959869,969.094699515923,3.1773682526053797,3517,50983,15549773.0,47880405911.0,146.38197134100483,50.0,5.0
S2,A7EM0B6,KSWIN,KSWIN_alpha=0.01_window_size=1000,mod,0.01,1000.0,1.0,699.1429113523769,1589.409595489007,2.2733686771057373,592,47435,33163844.0,119831381470.0,59.15440812099769,,
S2,AA2KP1S,ADWIN,ADWIN_delta=0.01,mod,,,,8.051448023745241,12.27529402466929,1.5246070009353756,7896,59633,480132.0,8985670.0,174.11339199199938,,0.01
S2,A3OU183,KSWIN,KSWIN_alpha=0.01_window_size=300,mod,0.01,300.0,1.0,109.42655826558266,286.6004045180654,2.619111932794913,225,5535,605676.0,454643748.0,29.9924160139999,,
S2,A3OU183,PH,PH_threshold=25_delta=2,mod,,,,12.280578139114724,20.357371725229388,1.6576883836103256,1324,5535,67973.0,2293829.0,26.69570497600216,25.0,2.0
S2,AMV7EQF,KSWIN,KSWIN_alpha=0.0001_window_size=100,mod,0.0001,100.0,1.0,197.91642687156835,1849.1764560348208,9.343218677016566,6167,64291,12724245.0,219840089183.0,626.4664061680014,,
S2,AYWIEKR,KSWIN,KSWIN_alpha=1e-05_window_size=300,mod,1e-05,300.0,1.0,589.7194118104723,1569.823560443504,2.661983867249776,2378,64265,37898318.0,158371196392.0,621.4698609879997,,
S2,A0NVTRV,PH,PH_threshold=200_delta=0.005,mod,,,,9.949037620297462,14.45743493518889,1.4531490870728694,2283,27432,272922.0,5733766.0,85.59261003399297,200.0,0.005
S2,AKXN5ZZ,PH,PH_threshold=200_delta=5,mod,,,,666.09310917258,1379.1000806807638,2.0704313881791694,1716,61444,40927425.0,116861390147.0,132.4678958709992,200.0,5.0
S2,ATHKM6V,PH,PH_threshold=25_delta=0.5,mod,,,,69.54221288432515,445.5448588957486,6.406826018563102,8572,33793,2350040.0,6708255908.0,155.61852032799652,25.0,0.5
S2,ATHKM6V,KSWIN,KSWIN_alpha=0.001_window_size=1000,mod,0.001,1000.0,1.0,593.4728789986092,1180.3393275456006,1.988868184738677,421,33793,20055229.0,47080438965.0,119.73853195500124,,
S2,APGIB2T,PH,PH_threshold=200_delta=0.005,mod,,,,40.12151675485009,161.38316056823024,4.02235941263914,1347,11340,454978.0,295344908.0,43.04065734000324,200.0,0.005
S2,AHYIJDV,PH,PH_threshold=25_delta=0.005,mod,,,,16.983680834788068,26.17666589385137,1.5412834325191216,17587,50983,865879.0,34934461.0,297.30404824900324,25.0,0.005
S2,A0VFT1N,PH,PH_threshold=100_delta=0.005,mod,,,,14.443279549139197,22.677567001027256,1.5701120319573691,11002,64765,935419.0,33306829.0,257.343966208,100.0,0.005
S2,A1ZJ41O,PH,PH_threshold=500_delta=2,mod,,,,543.9873992105529,1445.6476167671867,2.657502028291729,1580,59282,32248661.0,123893275843.0,78.5989563300027,500.0,2.0
S2,A3OU183,PH,PH_threshold=200_delta=0.5,mod,,,,39.24028906955736,154.117752585969,3.927538666006761,546,5535,217195.0,131468879.0,17.776568356995995,200.0,0.5
S2,AKXN5ZZ,ADWIN,ADWIN_delta=0.05,mod,,,,12.731007095892194,23.377072118076487,1.836231174957036,11304,61444,782244.0,33578378.0,209.85831590900125,,0.05
S2,A0VFT1N,KSWIN,KSWIN_alpha=0.01_window_size=300,mod,0.01,300.0,1.0,1203.3018296919631,2655.9439305455617,2.207213406486272,2632,64765,77931843.0,456854781575.0,274.69366679500126,,
S2,AKXN5ZZ,PH,PH_threshold=50_delta=5,mod,,,,674.605152659332,1513.2539872806651,2.2431699214204515,4193,61444,41450439.0,140702927739.0,186.8038323789988,50.0,5.0
S2,APGIB2T,PH,PH_threshold=25_delta=0.005,mod,,,,11.66410934744268,18.49460810886592,1.5855996851504832,4238,11340,132271.0,3878853.0,67.81443171900173,25.0,0.005
S2,A4G0044,KSWIN,KSWIN_alpha=0.01_window_size=1000,mod,0.01,1000.0,1.0,138.46713742531233,225.37735102061384,1.6276594953237908,114,9205,1274590.0,467567518.0,11.45009897500131,,
S2,ATHKM6V,PH,PH_threshold=100_delta=2,mod,,,,287.56233539490427,867.199070318875,3.0156907340732437,2600,33793,9717594.0,25413492652.0,111.1554187169968,100.0,2.0
S2,APGIB2T,KSWIN,KSWIN_alpha=0.01_window_size=300,mod,0.01,300.0,1.0,189.23500881834212,379.82204375290667,2.007144693387682,461,11340,2145925.0,1635962661.0,33.90616194700124,,
S2,AOYM4KG,PH,PH_threshold=100_delta=0.005,mod,,,,61.59445566366807,177.85698322143986,2.8875485837981043,2448,10894,671010.0,344611062.0,21.62628949200007,100.0,0.005
S2,AZIK4ZA,KSWIN,KSWIN_alpha=0.01_window_size=100,mod,0.01,100.0,1.0,14.99881022111583,22.851925906700643,1.523582575538487,6141,54632,819415.0,28529405.0,299.4022554359981,,
S2,AIFDJZB,PH,PH_threshold=100_delta=0.5,mod,,,,128.41715574159582,803.0091181427483,6.25312960332639,15694,92692,11903243.0,59769993193.0,346.42423159200007,100.0,0.5
S2,APGIB2T,PH,PH_threshold=500_delta=0.5,mod,,,,239.01119929453264,475.08884020218375,1.9877262722602949,578,11340,2710387.0,2559544665.0,36.74587542099471,500.0,0.5
S2,A36HR6Y,KSWIN,KSWIN_alpha=1e-05_window_size=1000,mod,1e-05,1000.0,1.0,837.5411165235226,1799.7427569836796,2.148841079532999,372,31204,26134633.0,101072064825.0,71.53840394399958,,
S2,A4G0044,KSWIN,KSWIN_alpha=1e-05_window_size=300,mod,1e-05,300.0,1.0,121.55817490494296,248.9409177978717,2.047915888771286,337,9205,1118943.0,570448399.0,55.81785279700125,,
S2,AYEFCWQ,PH,PH_threshold=25_delta=5,mod,,,,503.09501793450414,1640.7526134875804,3.2613175543336093,10582,85868,43199763.0,231162592799.0,148.05295083999954,25.0,5.0
S2,AJMQUVV,PH,PH_threshold=25_delta=2,mod,,,,47.684558473971954,330.6974079531488,6.935104749552332,14504,67312,3209743.0,7361292529.0,281.7127380189995,25.0,2.0
S2,AFPB8J2,PH,PH_threshold=100_delta=2,mod,,,,392.0341300564691,1157.138833718164,2.9516277920789404,5329,56314,22077010.0,75402772376.0,207.39008005199867,100.0,2.0
S2,AFPB8J2,PH,PH_threshold=200_delta=0.005,mod,,,,77.05309514507938,388.6186639351376,5.043517891181751,5817,56314,4339168.0,8504791776.0,195.78101272800268,200.0,0.005
S2,APGIB2T,KSWIN,KSWIN_alpha=0.0001_window_size=100,mod,0.0001,100.0,1.0,35.71825396825397,198.9078613368192,5.56880136172408,1097,11340,405045.0,448659585.0,208.7115064009995,,
S2,A4G0044,ADWIN,ADWIN_delta=0.002,mod,,,,91.64541010320478,251.1424667799436,2.740371465380799,971,9205,843596.0,580582718.0,12.334118125003442,,0.002
S2,AIFDJZB,ADWIN,ADWIN_delta=0.0001,mod,,,,495.30083502351874,1971.9522147979644,3.981322209368633,10100,92692,45910425.0,360441697557.0,293.906185051,,0.0001
S2,A1ZJ41O,KSWIN,KSWIN_alpha=0.0001_window_size=100,mod,0.0001,100.0,1.0,40.871782328531424,253.15026624988016,6.193766256999348,5922,59282,2422961.0,3799090367.0,546.4027635500006,,
S2,AQC0L71,KSWIN,KSWIN_alpha=0.001_window_size=1000,mod,0.001,1000.0,1.0,594.5652061589335,1110.311937140896,1.8674351032308776,473,38708,23014430.0,47718935874.0,118.94024766700022,,
S2,AMV7EQF,PH,PH_threshold=500_delta=5,mod,,,,1244.56645564698,2520.1435003186707,2.0249167803647654,1390,64291,80014422.0,408320065650.0,82.02277349099859,500.0,5.0
S2,AV2GF3B,PH,PH_threshold=200_delta=5,mod,,,,126.4347442680776,279.74164668295083,2.212537766437199,262,5670,716885.0,443708055.0,15.96473502900335,200.0,5.0
S2,AOYM4KG,PH,PH_threshold=200_delta=5,mod,,,,204.0524141729392,296.2755186388849,1.4519579189481404,892,10894,2222947.0,956266419.0,15.624073295999551,200.0,5.0
S2,AAXAA7Z,ADWIN,ADWIN_delta=0.002,mod,,,,72.2100013011233,467.1261284969348,6.46899487716348,5620,46114,3329892.0,10062389294.0,174.12962520600558,,0.002
S2,AJWW3IY,PH,PH_threshold=25_delta=2,mod,,,,231.14934926804744,795.8665072001563,3.443083485721808,9514,51711,11952964.0,32753928248.0,222.81344196200007,25.0,2.0
S2,AV2GF3B,PH,PH_threshold=500_delta=0.5,mod,,,,132.45308641975308,314.46236557826654,2.374141472111215,323,5670,751009.0,560686905.0,9.909620944003107,500.0,0.5
S2,AOYM4KG,PH,PH_threshold=100_delta=2,mod,,,,172.8086102441711,298.6379472777196,1.7281427520061476,1806,10894,1882577.0,971577289.0,18.85992716300097,100.0,2.0
S2,AQC0L71,KSWIN,KSWIN_alpha=0.0001_window_size=100,mod,0.0001,100.0,1.0,229.75576108298023,1083.416107205195,4.715512255703136,3592,38708,8893386.0,45435081178.0,643.5502963350009,,
S2,AOYM4KG,PH,PH_threshold=100_delta=0.5,mod,,,,65.79272994308793,186.91828138007568,2.841017260444488,2226,10894,716746.0,380619408.0,20.652634202000627,100.0,0.5
S2,AOYM4KG,ADWIN,ADWIN_delta=1e-05,mod,,,,123.7955755461722,262.26564315305114,2.118538097956769,884,10894,1348629.0,749324917.0,13.970921120999265,,1e-05
S2,A3OU183,PH,PH_threshold=50_delta=0.5,mod,,,,13.980849141824752,23.2669594098728,1.6642021649649277,1422,5535,77384.0,2996380.0,27.75447169900144,50.0,0.5
S2,AQC0L71,ADWIN,ADWIN_delta=0.01,mod,,,,170.1344166580552,1134.8162610492684,6.670115802201737,5186,38708,6585563.0,49848469987.0,96.45532807500422,,0.01
S2,A4E0D03,KSWIN,KSWIN_alpha=0.01_window_size=1000,mod,0.01,1000.0,1.0,849.9529349064579,1685.1036868348122,1.9825847027874164,678,54414,46249339.0,154512603327.0,177.60378955099804,,
S2,AUY8KYW,PH,PH_threshold=50_delta=0.5,mod,,,,17.42216680199513,25.715953410881852,1.47604793956725,18186,68968,1201572.0,45609246.0,319.00457688000006,50.0,0.5
S2,AIFDJZB,PH,PH_threshold=500_delta=0.005,mod,,,,496.47393518318734,1641.4262693817302,3.306168064545185,5894,92692,46019162.0,249738220096.0,311.3766490920002,500.0,0.005
S2,A0NVTRV,KSWIN,KSWIN_alpha=0.001_window_size=1000,mod,0.001,1000.0,1.0,768.9328885972586,1667.791036693431,2.1689682694362733,341,27432,21093367.0,76302847075.0,74.62815311500162,,
S2,A4G0044,KSWIN,KSWIN_alpha=0.0001_window_size=300,mod,0.0001,300.0,1.0,146.423030961434,294.0522469806558,2.0082376730618665,349,9205,1347824.0,795926194.0,38.94645985399984,,
S2,AURCTAK,PH,PH_threshold=500_delta=2,mod,,,,151.94254693508256,285.15085750502595,1.8767018406428095,378,8842,1343476.0,718951964.0,28.17258964299981,500.0,2.0
S2,AJWW3IY,PH,PH_threshold=50_delta=2,mod,,,,446.0902322523255,1220.793707331451,2.736651957536977,6761,51711,23067772.0,77066830872.0,166.68173356400075,50.0,2.0
S2,A0VFT1N,PH,PH_threshold=25_delta=2,mod,,,,62.45232764610515,321.56500986602725,5.148967572325252,12853,64765,4044725.0,6696963659.0,247.1793079279996,25.0,2.0
S2,A1ZJ41O,KSWIN,KSWIN_alpha=1e-05_window_size=300,mod,1e-05,300.0,1.0,1071.0171721601837,2294.6756492024483,2.1425199416496863,2223,59282,63492040.0,312151525014.0,293.8878596519989,,
S2,AIFDJZB,PH,PH_threshold=200_delta=5,mod,,,,760.4313532990981,1782.59258689976,2.344186071715823,4836,92692,70485903.0,294541466781.0,211.952309968,200.0,5.0
S2,AUY8KYW,KSWIN,KSWIN_alpha=0.01_window_size=1000,mod,0.01,1000.0,1.0,650.0966680199513,1199.0097055110268,1.8443560234863865,856,68968,44835867.0,99150070923.0,204.2143640000004,,
S2,ASFODQR,PH,PH_threshold=25_delta=0.5,mod,,,,23.786434221815743,36.14978949753117,1.5197649702525131,32453,106061,2522813.0,138601287.0,257.9842205710001,25.0,0.5
S2,AURCTAK,PH,PH_threshold=25_delta=2,mod,,,,18.279574756842344,28.152535529313283,1.540108886765833,2628,8842,161628.0,7007862.0,47.03315491900139,25.0,2.0
S2,AAXAA7Z,KSWIN,KSWIN_alpha=0.005_window_size=300,mod,0.005,300.0,1.0,648.4401916988334,1718.3728602719998,2.6500097962312834,1843,46114,29902171.0,136165663001.0,274.83460399200703,,
S2,AJMQUVV,PH,PH_threshold=25_delta=0.005,mod,,,,13.356028642738291,23.09680430850792,1.7293167697020255,23804,67312,899021.0,35908419.0,337.95982165199894,25.0,0.005
S2,AHYIJDV,PH,PH_threshold=200_delta=2,mod,,,,503.8217641174509,1248.3573787217829,2.4777758080946377,2746,50983,25686345.0,79451710661.0,159.44157927900233,200.0,2.0
S2,AMV7EQF,PH,PH_threshold=100_delta=2,mod,,,,372.49554369974027,1495.7079231468508,4.015371320394923,8035,64291,23948111.0,143828108625.0,108.53182279999965,100.0,2.0
S2,A3OU183,PH,PH_threshold=50_delta=5,mod,,,,134.25564588979222,326.7069940817508,2.4334693108544427,502,5535,743105.0,590791841.0,10.986930543003837,50.0,5.0
S2,A1ZJ41O,KSWIN,KSWIN_alpha=0.001_window_size=1000,mod,0.001,1000.0,1.0,630.688826287912,1227.9345281851392,1.9469736532554045,733,59282,37388495.0,89386775269.0,83.72796901100082,,
S2,A3OU183,KSWIN,KSWIN_alpha=0.01_window_size=100,mod,0.01,100.0,1.0,13.283649503161698,18.69042719292472,1.4070250188757338,631,5535,73525.0,1933553.0,57.35878555600357,,
S2,AA2KP1S,PH,PH_threshold=500_delta=0.5,mod,,,,386.77311220297486,1100.8463241066909,2.8462328155039307,2518,59633,23064441.0,72267004173.0,113.03237514399734,500.0,0.5
S2,A36HR6Y,KSWIN,KSWIN_alpha=0.005_window_size=300,mod,0.005,300.0,1.0,587.3422958595052,1546.5624352954992,2.633153522567773,1240,31204,18327429.0,74635454849.0,78.83271153399983,,
S2,A1K5DRI,PH,PH_threshold=100_delta=5,mod,,,,888.3384659295758,1980.2863481768863,2.229202521478875,3102,66568,59134915.0,261048676695.0,206.5714802120001,100.0,5.0
S2,A1ZJ41O,PH,PH_threshold=25_delta=0.5,mod,,,,15.746381701022234,24.40375899989153,1.5498010567283065,16168,59282,933477.0,35305007.0,136.14642580299915,25.0,0.5
S2,A0VFT1N,PH,PH_threshold=25_delta=0.005,mod,,,,14.840330425384082,23.77222389447526,1.601866212750449,21676,64765,961134.0,36599908.0,358.6599844619996,25.0,0.005
S2,A7EM0B6,PH,PH_threshold=25_delta=2,mod,,,,125.83718773057868,644.3009404343824,5.120115540199854,9437,47435,5969087.0,19691392797.0,91.99780637799996,25.0,2.0
S2,AZIK4ZA,PH,PH_threshold=25_delta=0.5,mod,,,,13.693659393761898,22.33527587136792,1.6310669945203018,15809,54632,748112.0,27253968.0,135.95792644800167,25.0,0.5
S2,AFPB8J2,PH,PH_threshold=200_delta=5,mod,,,,606.4022267997301,1500.309298467466,2.4741157472084234,1738,56314,34148935.0,126758758889.0,165.2547832220007,200.0,5.0
S2,AIFDJZB,PH,PH_threshold=200_delta=0.005,mod,,,,311.7136861865102,1399.4890128690076,4.489661746939273,11464,92692,28893365.0,181543723829.0,335.6183808730002,200.0,0.005
S2,ATHKM6V,KSWIN,KSWIN_alpha=1e-05_window_size=1000,mod,1e-05,1000.0,1.0,895.4861065901222,1775.5963807142757,1.982829624767136,410,33793,30261162.0,106540627546.0,175.26259600599587,,
S2,AURCTAK,PH,PH_threshold=25_delta=5,mod,,,,116.8408731056322,302.5721968239719,2.5896091734133635,1677,8842,1033107.0,809484519.0,31.85392745900026,25.0,5.0
S2,AOYM4KG,KSWIN,KSWIN_alpha=1e-05_window_size=1000,mod,1e-05,1000.0,1.0,150.52744630071598,241.8667312730583,1.6067948883545755,131,10894,1639846.0,637293724.0,24.765942545000144,,
S2,AMV7EQF,KSWIN,KSWIN_alpha=0.001_window_size=1000,mod,0.001,1000.0,1.0,992.4303246177536,1993.9833804435589,2.009192314041357,795,64291,63804338.0,255619069364.0,97.44197645900022,,
S2,A7EM0B6,PH,PH_threshold=100_delta=2,mod,,,,461.76595340992935,1260.7246491782578,2.7302243482188016,5193,47435,21903868.0,75394452718.0,79.23115027399763,100.0,2.0
S2,AURCTAK,PH,PH_threshold=50_delta=0.5,mod,,,,18.177561637638544,27.248041750472037,1.4989932254748686,2737,8842,160726.0,6564794.0,47.83618784999999,50.0,0.5
S2,A4E0D03,PH,PH_threshold=25_delta=2,mod,,,,109.05623552762157,748.1494818705291,6.860217375475418,10170,54414,5934186.0,30457020196.0,140.65798195499883,25.0,2.0
S2,AJMQUVV,PH,PH_threshold=50_delta=2,mod,,,,140.27152662229616,695.2072912761165,4.956154025100724,10547,67312,9441957.0,32532776627.0,268.0260901679994,50.0,2.0
S2,ATHKM6V,PH,PH_threshold=100_delta=0.005,mod,,,,9.721865475098394,15.33441715297578,1.5773122136130548,5052,33793,328531.0,7946233.0,91.93640079599572,100.0,0.005
S2,AMV7EQF,KSWIN,KSWIN_alpha=1e-05_window_size=300,mod,1e-05,300.0,1.0,1372.8134108973263,2940.9181060216424,2.1422562474089903,2371,64291,88259547.0,556052814403.0,352.62945893600045,,
S2,AYEFCWQ,PH,PH_threshold=50_delta=2,mod,,,,181.9698490706666,1010.9675404558312,5.555687085629387,14153,85868,15625387.0,87761850327.0,160.48357959000168,50.0,2.0
S2,AZIK4ZA,PH,PH_threshold=500_delta=0.005,mod,,,,470.6251830429052,1300.9834038610306,2.7643726913407107,3288,54632,25711195.0,92467818665.0,77.12045869600115,500.0,0.005
S2,AIFDJZB,PH,PH_threshold=500_delta=0.5,mod,,,,703.1181979027316,1964.908454438636,2.7945635034046705,5317,92692,65173432.0,357871320300.0,315.2767292569997,500.0,0.5
S2,AV2GF3B,ADWIN,ADWIN_delta=0.002,mod,,,,51.43774250440917,164.48230259198465,3.1976967608538702,688,5670,291652.0,153398606.0,20.88796011699742,,0.002
S2,AOYM4KG,KSWIN,KSWIN_alpha=0.01_window_size=1000,mod,0.01,1000.0,1.0,128.37415090875712,207.5054302420837,1.6164113162436395,135,10894,1398508.0,469079338.0,13.620807487001002,,
S2,A4G0044,KSWIN,KSWIN_alpha=1e-05_window_size=100,mod,1e-05,100.0,1.0,64.80586637696904,188.7224057767148,2.9121191695661635,756,9205,596538.0,327846628.0,119.92975438999927,,
S2,AMV7EQF,PH,PH_threshold=500_delta=0.5,mod,,,,552.8732481995925,1705.5263099779957,3.0848414451810924,3341,64291,35544774.0,187010946236.0,90.4007777199986,500.0,0.5
S2,A1K5DRI,PH,PH_threshold=50_delta=0.005,mod,,,,11.709214637663742,20.464800534825077,1.7477517637261686,17567,66568,779459.0,27879215.0,270.3597377589995,50.0,0.005
S2,AYWIEKR,PH,PH_threshold=100_delta=2,mod,,,,364.5575974480666,1314.8728705396445,3.606763045795406,6445,64265,23428294.0,111107158630.0,173.0579126679986,100.0,2.0
S2,AKXN5ZZ,PH,PH_threshold=500_delta=0.005,mod,,,,560.4315474252978,1567.7960654160977,2.7974800359094267,2938,61444,34435156.0,151028399786.0,202.65792984200016,500.0,0.005
S2,A7EM0B6,KSWIN,KSWIN_alpha=0.0001_window_size=1000,mod,0.0001,1000.0,1.0,636.6858859491937,1137.3609328334544,1.7863768585632094,584,47435,30201195.0,61361436505.0,86.2086687359988,,
S2,AJMQUVV,ADWIN,ADWIN_delta=0.0001,mod,,,,12.170682790587117,16.91078737425625,1.3894690762407478,6610,67312,819233.0,19249531.0,207.77669205299932,,0.0001
S2,AX6281V,PH,PH_threshold=25_delta=0.005,mod,,,,16.895468302007007,25.294941458639236,1.4971435539099236,16712,50224,848558.0,32135026.0,132.4880715950021,25.0,0.005
S2,AMV7EQF,KSWIN,KSWIN_alpha=0.0001_window_size=1000,mod,0.0001,1000.0,1.0,1072.0547666080788,2510.057722245335,2.3413521402334854,790,64291,68923473.0,405058358639.0,123.25461904500116,,
S2,AJWW3IY,PH,PH_threshold=100_delta=0.005,mod,,,,43.24284968381969,263.7060094327717,6.098256968745595,8403,51711,2236131.0,3596027381.0,213.7272940900002,100.0,0.005
S2,AX6281V,KSWIN,KSWIN_alpha=0.001_window_size=1000,mod,0.001,1000.0,1.0,712.8084780184772,1620.0595936662655,2.2727838453462823,622,50224,35800093.0,131817563203.0,75.71044066000104,,
S2,AA2KP1S,KSWIN,KSWIN_alpha=0.005_window_size=300,mod,0.005,300.0,1.0,527.6765716968793,1582.4360156782732,2.998874880098513,2410,59633,31466937.0,149327218549.0,269.7616381299995,,
S2,ASFODQR,PH,PH_threshold=25_delta=2,mod,,,,140.13650635011928,638.5201793535127,4.5564157119646165,23091,106061,14863018.0,43241920250.0,215.4571624770001,25.0,2.0
S2,AOYM4KG,Sem detector (HT),HT,mod,,,,26.04764090324949,36.62762843872066,1.4061783397110368,0,10894,283763.0,14615207.0,15.264833924000412,,
S2,AA2KP1S,PH,PH_threshold=500_delta=2,mod,,,,389.20146563144567,968.7361013255208,2.4890350804661803,1824,59633,23209251.0,55962567025.0,167.0453605829971,500.0,2.0
S2,AQC0L71,PH,PH_threshold=50_delta=5,mod,,,,590.9760772966829,1390.4192957415562,2.352750558198205,2570,38708,22875502.0,74832853282.0,122.58320574800018,50.0,5.0
S2,AV2GF3B,KSWIN,KSWIN_alpha=0.005_window_size=1000,mod,0.005,1000.0,1.0,137.53174603174602,275.5945047357882,2.003861018911034,71,5670,779805.0,430649717.0,19.749034070999187,,
S2,ASFODQR,PH,PH_threshold=25_delta=0.005,mod,,,,24.00630769085715,36.27392396605001,1.5110163725788206,37290,106061,2546133.0,139554805.0,315.714327398,25.0,0.005
S2,AAXAA7Z,KSWIN,KSWIN_alpha=0.01_window_size=1000,mod,0.01,1000.0,1.0,571.442989113935,1100.612975542539,1.9260241117825625,575,46114,26351522.0,55860144186.0,120.66671216100076,,
S2,A4E0D03,PH,PH_threshold=200_delta=0.005,mod,,,,200.4350167236373,1096.2946265841504,5.469576347009951,5412,54414,10906471.0,65398113877.0,205.52198132800183,200.0,0.005
S2,ASFODQR,PH,PH_threshold=100_delta=5,mod,,,,549.5985423482713,1490.0701693535466,2.711197455122278,7735,106061,58290971.0,235488204473.0,155.77802859200028,100.0,5.0
S2,AIFDJZB,PH,PH_threshold=500_delta=5,mod,,,,693.0204872049368,1304.0526370209377,1.881694208320438,2942,92692,64237455.0,157627684641.0,257.21384574199965,500.0,5.0
S2,AJMQUVV,PH,PH_threshold=50_delta=0.005,mod,,,,12.748499524601854,21.35405527875467,1.675024989219002,18601,67312,858127.0,30693981.0,321.0169430320002,50.0,0.005
S2,AA2KP1S,PH,PH_threshold=200_delta=2,mod,,,,319.0500729461875,876.8605566349767,2.7483477704230834,3372,59633,19025913.0,45850885559.0,189.5730893180007,200.0,2.0
S2,AURCTAK,KSWIN,KSWIN_alpha=0.005_window_size=1000,mod,0.005,1000.0,1.0,141.21363944808866,264.67669159640326,1.874299767578051,109,8842,1248611.0,619415267.0,23.982388681994053,,
S2,AZIK4ZA,KSWIN,KSWIN_alpha=0.01_window_size=1000,mod,0.01,1000.0,1.0,682.0767498901743,1272.3227176597302,1.865365910602576,681,54632,37263217.0,88438560107.0,71.0206776849991,,
S2,AMV7EQF,KSWIN,KSWIN_alpha=0.0001_window_size=300,mod,0.0001,300.0,1.0,1290.94059821748,2685.0091562830576,2.079885906439457,2474,64291,82995862.0,463491445620.0,265.0278319270001,,
S2,AJWW3IY,KSWIN,KSWIN_alpha=0.001_window_size=1000,mod,0.001,1000.0,1.0,531.7460888398987,1227.070771578802,2.3076253823622497,641,51711,27497122.0,77861391206.0,152.8893879339994,,
S2,AV2GF3B,PH,PH_threshold=25_delta=5,mod,,,,17.363492063492064,25.62022528321346,1.475522618925357,969,5670,98451.0,3721765.0,25.10763365100138,25.0,5.0
S2,A1ZJ41O,KSWIN,KSWIN_alpha=0.01_window_size=1000,mod,0.01,1000.0,1.0,848.029351236463,1695.772390636027,1.9996623798026785,736,59282,50272876.0,170473927658.0,78.52865385699988,,
S2,AUY8KYW,PH,PH_threshold=25_delta=0.5,mod,,,,17.412481150678577,26.59476602384621,1.5273392570368869,22420,68968,1200904.0,48779796.0,307.0374653930003,25.0,0.5
S2,AUY8KYW,KSWIN,KSWIN_alpha=1e-05_window_size=1000,mod,1e-05,1000.0,1.0,655.4129886324092,1275.9269838860075,1.9467526674263331,837,68968,45202523.0,112279191437.0,279.8414017139994,,
S2,A4E0D03,PH,PH_threshold=50_delta=2,mod,,,,12.704653214246331,17.96743346772121,1.414240370415894,7208,54414,691311.0,17566399.0,200.90343425399988,50.0,2.0
S2,A3OU183,PH,PH_threshold=500_delta=0.005,mod,,,,79.09701897018971,232.8661874266259,2.944057695959302,312,5535,437802.0,300144570.0,17.97108316000231,500.0,0.005
S2,AURCTAK,KSWIN,KSWIN_alpha=0.001_window_size=1000,mod,0.001,1000.0,1.0,132.6488351051798,217.2823823510845,1.6380270673225068,109,8842,1172881.0,417445265.0,28.99378835799871,,
S2,A36HR6Y,PH,PH_threshold=25_delta=0.5,mod,,,,16.131169080887066,25.80187583422072,1.599504394556991,10549,31204,503357.0,20773651.0,83.80888727699858,25.0,0.5
S2,A1ZJ41O,PH,PH_threshold=50_delta=0.005,mod,,,,14.26254174960359,21.812168375656764,1.5293324821477214,14338,59282,845512.0,28204638.0,127.57159144499748,50.0,0.005
S2,AZIK4ZA,KSWIN,KSWIN_alpha=0.0001_window_size=300,mod,0.0001,300.0,1.0,804.9292173085371,1653.396100005146,2.0540888123475627,2157,54632,43974893.0,149348518025.0,183.2411663290004,,
S2,AMV7EQF,PH,PH_threshold=25_delta=0.5,mod,,,,14.92191753122521,24.089822155947672,1.6143918571817562,21530,64291,959345.0,37309323.0,188.53421335700116,25.0,0.5
S2,ATHKM6V,PH,PH_threshold=500_delta=2,mod,,,,452.857929156926,1125.1142625829898,2.4844751303738595,805,33793,15303428.0,42777953936.0,98.47814769199611,500.0,2.0
S2,A36HR6Y,KSWIN,KSWIN_alpha=0.0001_window_size=1000,mod,0.0001,1000.0,1.0,714.3745353159851,1503.6288126730194,2.104818604722421,376,31204,22291343.0,70549111315.0,58.32985693299997,,
S2,AMV7EQF,PH,PH_threshold=200_delta=2,mod,,,,369.4547137235383,1309.9144513625597,3.545534547822184,4963,64291,23752613.0,110315375551.0,96.08543841900064,200.0,2.0
S2,A36HR6Y,PH,PH_threshold=200_delta=2,mod,,,,359.0906614536598,947.8719256544724,2.639645157624892,1997,31204,11205065.0,28035582893.0,43.595088495996606,200.0,2.0
S2,AAXAA7Z,PH,PH_threshold=25_delta=0.5,mod,,,,18.234353992280003,29.52887466530011,1.6194088739201806,12903,46114,840859.0,40209307.0,234.38409642499755,25.0,0.5
S2,AJWW3IY,KSWIN,KSWIN_alpha=0.005_window_size=300,mod,0.005,300.0,1.0,748.821005201988,1768.15404330951,2.3612505939688027,2085,51711,38722283.0,161667652925.0,220.8353680919972,,
S2,ATHKM6V,ADWIN,ADWIN_delta=1e-05,mod,,,,260.6530938360015,1302.9396907674025,4.998750145613809,2902,33793,8808250.0,57368748554.0,109.01297949199945,,1e-05
S2,AV2GF3B,ADWIN,ADWIN_delta=0.0001,mod,,,,89.21922398589065,246.5980410043042,2.763956353658734,556,5670,505873.0,344796067.0,9.917491823995078,,0.0001
S2,ASFODQR,KSWIN,KSWIN_alpha=0.001_window_size=300,mod,0.001,300.0,1.0,1044.2196000414856,2359.3371702585405,2.2594262453652534,4179,106061,110750975.0,590385574379.0,339.1538799659997,,
S2,AX6281V,KSWIN,KSWIN_alpha=0.01_window_size=300,mod,0.01,300.0,1.0,865.1194847085059,1832.90426707612,2.11867181293888,2041,50224,43449761.0,168729439137.0,116.88250392000192,,
S2,AOYM4KG,KSWIN,KSWIN_alpha=0.0001_window_size=1000,mod,0.0001,1000.0,1.0,130.13291720212962,202.9870512564433,1.5598440088847976,133,10894,1417668.0,448873576.0,18.8594657820031,,
S2,ATHKM6V,KSWIN,KSWIN_alpha=0.0001_window_size=300,mod,0.0001,300.0,1.0,1153.3471133074895,2381.400683449409,2.064773610626372,1295,33793,38975059.0,191642441987.0,275.80223453600047,,
S2,AOYM4KG,KSWIN,KSWIN_alpha=0.005_window_size=100,mod,0.005,100.0,1.0,19.884707178263263,30.022043795193827,1.509805677601935,1222,10894,216624.0,9819014.0,55.13913910799965,,
S2,A4E0D03,KSWIN,KSWIN_alpha=1e-05_window_size=100,mod,1e-05,100.0,1.0,358.7038078435697,1682.0478990910524,4.689239038757546,4380,54414,19518509.0,153952721327.0,1349.5311334489998,,
S2,AA2KP1S,ADWIN,ADWIN_delta=1e-05,mod,,,,77.16727315412606,422.7829035045237,5.478785062938536,4999,59633,4601716.0,10659123454.0,172.72649734800143,,1e-05
S2,AURCTAK,PH,PH_threshold=500_delta=0.5,mod,,,,173.71680615245418,365.373564540159,2.1032712529811683,527,8842,1536004.0,1180387916.0,28.29820869700052,500.0,0.5
S2,A4G0044,KSWIN,KSWIN_alpha=0.005_window_size=1000,mod,0.005,1000.0,1.0,144.8437805540467,238.3723439532361,1.6457202583461317,114,9205,1333287.0,523040751.0,11.471802137002667,,
S2,AURCTAK,KSWIN,KSWIN_alpha=0.005_window_size=300,mod,0.005,300.0,1.0,195.92128477719973,367.8978749800524,1.877784108033097,358,8842,1732336.0,1196754500.0,35.46444908400008,,
S2,A7EM0B6,KSWIN,KSWIN_alpha=0.01_window_size=300,mod,0.01,300.0,1.0,1059.2435543375143,2256.1289323195824,2.129943508346991,1939,47435,50245218.0,241449735910.0,100.8626614349996,,
S2,AHYIJDV,PH,PH_threshold=25_delta=5,mod,,,,385.5926681442834,1356.0404759064709,3.5167693473856705,4997,50983,19658671.0,93749874009.0,150.8977413649991,25.0,5.0
S2,ATHKM6V,KSWIN,KSWIN_alpha=0.01_window_size=100,mod,0.01,100.0,1.0,313.91122421803334,2143.0209501881413,6.8268376052066975,3701,33793,10608002.0,155195663430.0,416.3488484440022,,
S2,AX6281V,KSWIN,KSWIN_alpha=0.001_window_size=100,mod,0.001,100.0,1.0,14.807303281299776,21.44831426411457,1.4484956414178238,5094,50224,743682.0,23104556.0,428.2747693800011,,
S2,AYWIEKR,KSWIN,KSWIN_alpha=0.0001_window_size=1000,mod,0.0001,1000.0,1.0,720.4076713607718,1390.695755657974,1.9304288543056476,787,64265,46296999.0,124290739019.0,254.9422049729983,,
S2,AYWIEKR,PH,PH_threshold=100_delta=0.005,mod,,,,15.463767213880027,26.775816033918908,1.7315196008567284,11761,64265,993779.0,46074427.0,251.48672388200063,100.0,0.005
S2,AFPB8J2,PH,PH_threshold=200_delta=0.5,mod,,,,258.3170437191462,976.9017503660432,3.781793629645956,4909,56314,14546866.0,53742535500.0,211.8855368290024,200.0,0.5
S2,AJMQUVV,KSWIN,KSWIN_alpha=1e-05_window_size=1000,mod,1e-05,1000.0,1.0,828.0616086284764,1706.7837644154545,2.061179683529117,804,67312,55738483.0,196087315413.0,309.98086959800094,,
S2,A3OU183,KSWIN,KSWIN_alpha=1e-05_window_size=100,mod,1e-05,100.0,1.0,34.79873532068654,146.64136330140383,4.213985420735421,479,5535,192611.0,119022921.0,115.88255459599895,,
S2,AJMQUVV,ADWIN,ADWIN_delta=0.002,mod,,,,146.26644580461135,1348.102195381499,9.21675636517721,8078,67312,9845487.0,122331450869.0,181.02595071799988,,0.002
S2,AKXN5ZZ,KSWIN,KSWIN_alpha=0.005_window_size=100,mod,0.005,100.0,1.0,71.57569494173556,576.0271115466428,8.047803266395716,6943,61444,4397897.0,20387563639.0,608.2736883069992,,
S2,AQC0L71,ADWIN,ADWIN_delta=0.002,mod,,,,226.667019737522,1096.0167808454405,4.835360618914108,4437,38708,8773827.0,46498092759.0,138.5527771989946,,0.002
S2,AYWIEKR,PH,PH_threshold=500_delta=0.5,mod,,,,405.1915350501829,1264.0578107978822,3.1196550309011983,2908,64265,26039634.0,102685325708.0,215.055571203,500.0,0.5
S2,ASFODQR,ADWIN,ADWIN_delta=0.0001,mod,,,,168.1607565457614,758.5808314441209,4.5110455437186925,10374,106061,17835298.0,61032259188.0,147.21952961500028,,0.0001
S2,AJWW3IY,PH,PH_threshold=25_delta=5,mod,,,,436.4542167043762,1050.6429359728784,2.407223703567769,4837,51711,22569484.0,57081217286.0,170.98761990800267,25.0,5.0
S2,AYEFCWQ,ADWIN,ADWIN_delta=0.01,mod,,,,51.86861228862906,378.44452842976887,7.296214641792791,13110,85868,4453854.0,12298037380.0,141.71849813399967,,0.01
S2,AYWIEKR,KSWIN,KSWIN_alpha=0.001_window_size=300,mod,0.001,300.0,1.0,626.9881272854586,1676.2042275615277,2.6734225970412613,2563,64265,40293392.0,180562839262.0,367.6938898289991,,
S2,AZIK4ZA,Sem detector (HT),HT,mod,,,,18.63720896178064,28.11490735917348,1.508536359539069,0,54632,1018188.0,43183756.0,206.22383423800056,,
S2,AZIK4ZA,PH,PH_threshold=100_delta=0.005,mod,,,,42.66180992824718,237.38386375226028,5.564317691900924,9964,54632,2330700.0,3078573228.0,107.61496964399704,100.0,0.005
S2,AFPB8J2,PH,PH_threshold=100_delta=0.5,mod,,,,40.82309905174557,237.12419479868177,5.808578973833258,8336,56314,2298912.0,3166417046.0,211.78146160400135,100.0,0.5
S2,AFPB8J2,KSWIN,KSWIN_alpha=0.0001_window_size=100,mod,0.0001,100.0,1.0,269.1484888304862,1512.0119634836876,5.6177612962039545,5158,56314,15156828.0,128743950528.0,1119.188620745001,,
S2,AHYIJDV,KSWIN,KSWIN_alpha=1e-05_window_size=100,mod,1e-05,100.0,1.0,253.49622423160665,919.5492176421664,3.627467116835717,4313,50983,12923998.0,43109734244.0,1264.556815160999,,
S2,AMV7EQF,PH,PH_threshold=200_delta=5,mod,,,,930.7040643324882,2391.210285262698,2.5692487836911964,2833,64291,59835895.0,367608649223.0,89.4512617599994,200.0,5.0
S2,AUY8KYW,ADWIN,ADWIN_delta=0.002,mod,,,,139.96583922978772,872.1836846337642,6.231403958517793,9145,68968,9653164.0,52464259662.0,244.46393034299945,,0.002
S2,A1K5DRI,KSWIN,KSWIN_alpha=0.001_window_size=300,mod,0.001,300.0,1.0,937.6991196971518,2072.4497256811574,2.210143618723344,2620,66568,62420755.0,285912746309.0,368.2888385349997,,
S2,AURCTAK,KSWIN,KSWIN_alpha=0.0001_window_size=1000,mod,0.0001,1000.0,1.0,148.26419362135263,262.2840465193871,1.7690316192541151,108,8842,1310952.0,608267008.0,38.23500829200202,,
S2,AKXN5ZZ,KSWIN,KSWIN_alpha=1e-05_window_size=300,mod,1e-05,300.0,1.0,1029.3309680359353,2276.624995848151,2.2117521638275157,2340,61444,63246212.0,318465565164.0,521.9019233430008,,
S2,AFPB8J2,KSWIN,KSWIN_alpha=0.001_window_size=100,mod,0.001,100.0,1.0,242.923908797102,1394.6366088263617,5.74104301109039,5730,56314,13680017.0,109531364697.0,878.4664044169986,,
S2,AQC0L71,KSWIN,KSWIN_alpha=1e-05_window_size=100,mod,1e-05,100.0,1.0,438.456727291516,1401.811208114787,3.197148363475256,3184,38708,16971783.0,76064110063.0,885.0222652849989,,
S2,AHYIJDV,KSWIN,KSWIN_alpha=0.01_window_size=100,mod,0.01,100.0,1.0,17.94060765353157,25.8660910320942,1.441762259763956,5692,50983,914666.0,34110414.0,496.9687979299997,,
S2,A1ZJ41O,ADWIN,ADWIN_delta=0.01,mod,,,,15.97742991127155,24.345196795201,1.5237242116159286,8459,59282,947174.0,35135766.0,95.80780986899843,,0.01
S2,AAXAA7Z,ADWIN,ADWIN_delta=0.05,mod,,,,61.895563169536366,376.8485742293393,6.088458605621281,8043,46114,2854252.0,6548872696.0,175.874928928999,,0.05
S2,AX6281V,PH,PH_threshold=100_delta=0.005,mod,,,,53.33316741000319,322.1973948028514,6.041219947165935,7742,50224,2678605.0,5213811761.0,90.43137039299836,100.0,0.005
S2,A1ZJ41O,PH,PH_threshold=200_delta=2,mod,,,,423.1035221483756,1192.6230961690592,2.8187501018978174,3122,59282,25082423.0,84319743779.0,82.33284905999972,200.0,2.0
S2,APGIB2T,PH,PH_threshold=25_delta=5,mod,,,,79.0526455026455,267.234293856629,3.380459846188019,1559,11340,896457.0,809836663.0,43.51660779999656,25.0,5.0
S2,AKXN5ZZ,PH,PH_threshold=200_delta=0.5,mod,,,,212.603134561552,926.1863103724786,4.356409477605012,5308,61444,13063187.0,52707958533.0,208.5482823300008,200.0,0.5
S2,AYWIEKR,ADWIN,ADWIN_delta=0.01,mod,,,,74.93581265074302,566.0614326262527,7.553950675954136,9260,64265,4815750.0,20592147682.0,239.32907027699912,,0.01
S2,AJMQUVV,PH,PH_threshold=50_delta=0.5,mod,,,,12.31772937960542,20.154511825439908,1.6362197288414149,15837,67312,829131.0,27342427.0,321.67098823200104,50.0,0.5
S2,A1ZJ41O,KSWIN,KSWIN_alpha=0.001_window_size=100,mod,0.001,100.0,1.0,186.6178266590196,1298.5889534664586,6.9585471908811085,6369,59282,11063078.0,99969208916.0,390.154289004,,
S2,AUY8KYW,ADWIN,ADWIN_delta=1e-05,mod,,,,143.13272822178402,853.6525441337478,5.964062550467243,6569,68968,9871578.0,50258544836.0,202.8966998550004,,1e-05
S2,AAXAA7Z,KSWIN,KSWIN_alpha=0.005_window_size=100,mod,0.005,100.0,1.0,208.5417877434185,1050.0447189241368,5.035176548002312,4810,46114,9616696.0,50845015646.0,642.3544185840001,,
S2,AA2KP1S,KSWIN,KSWIN_alpha=1e-05_window_size=100,mod,1e-05,100.0,1.0,86.57164657152919,699.007983887219,8.074329316465857,4953,59633,5162527.0,29137409029.0,1481.7650666459997,,
S2,AX6281V,KSWIN,KSWIN_alpha=0.005_window_size=300,mod,0.005,300.0,1.0,753.9448869066582,1776.124933855339,2.355775554288269,2022,50224,37866128.0,158437623864.0,133.85653672300032,,
S2,AJWW3IY,ADWIN,ADWIN_delta=0.01,mod,,,,11.186091934017908,16.807751558834365,1.5025579673380376,7158,51711,578444.0,14608384.0,192.57635942999696,,0.01
S2,APGIB2T,PH,PH_threshold=50_delta=0.005,mod,,,,13.044356261022928,21.73769188937153,1.6664442042513543,3376,11340,147923.0,5358459.0,60.43219062499702,50.0,0.005
S2,AQC0L71,PH,PH_threshold=25_delta=0.005,mod,,,,11.033998139919396,17.91914746353703,1.6239940623796345,13432,38708,427104.0,12428978.0,209.66874929799812,25.0,0.005
S2,A7EM0B6,PH,PH_threshold=100_delta=0.5,mod,,,,135.0795825866976,744.2065357768004,5.509393214915727,7412,47435,6407500.0,26271560156.0,84.64421822800068,100.0,0.5
S2,A36HR6Y,PH,PH_threshold=500_delta=0.005,mod,,,,291.6173247019613,821.9934022129561,2.818739946445396,1587,31204,9099627.0,21083705075.0,42.542811387000256,500.0,0.005
S2,AQC0L71,ADWIN,ADWIN_delta=0.05,mod,,,,130.47103957838172,854.81498229003,6.551760337407995,6389,38708,5050273.0,28284270577.0,154.6951537079949,,0.05
S2,AIFDJZB,PH,PH_threshold=200_delta=2,mod,,,,390.6754628231131,1130.851845692389,2.8946067856951814,7419,92692,36212490.0,118536930036.0,316.2362511360002,200.0,2.0
S2,A36HR6Y,PH,PH_threshold=50_delta=0.5,mod,,,,15.109120625560823,23.80592209253965,1.5755994463546756,8119,31204,471465.0,17683991.0,69.14101169900096,50.0,0.5
S2,A4E0D03,ADWIN,ADWIN_delta=0.01,mod,,,,225.8276730253244,1275.5683155230986,5.648414556262359,7304,54414,12288187.0,88535633343.0,205.13983009000003,,0.01
S2,AYWIEKR,PH,PH_threshold=50_delta=2,mod,,,,295.28338909204075,1251.220435836737,4.237354629679922,9797,64265,18976387.0,100610236493.0,233.8800663900001,50.0,2.0
S2,A7EM0B6,PH,PH_threshold=100_delta=5,mod,,,,736.0936228523242,1596.6411505845183,2.169073472471637,3102,47435,34916601.0,120924288685.0,66.68735784799719,100.0,5.0
S2,AA2KP1S,KSWIN,KSWIN_alpha=0.001_window_size=300,mod,0.001,300.0,1.0,632.4600137507756,1906.0307121465892,3.0136778147332355,2378,59633,37715488.0,216643890760.0,350.8831766429976,,
S2,A36HR6Y,PH,PH_threshold=25_delta=2,mod,,,,15.74637866940136,24.37790013775317,1.5481591450054946,7530,31204,491350.0,18543976.0,67.443463540003,25.0,2.0
S2,AX6281V,ADWIN,ADWIN_delta=0.002,mod,,,,14.935469098438992,22.27423681111613,1.4913650628786852,5565,50224,750119.0,24918217.0,75.96465051999985,,0.002
S2,A1K5DRI,ADWIN,ADWIN_delta=0.05,mod,,,,10.97582922725634,17.278962282370497,1.5742739728003012,11009,66568,730639.0,19874711.0,228.22876615699897,,0.05
S2,AYEFCWQ,KSWIN,KSWIN_alpha=0.001_window_size=100,mod,0.001,100.0,1.0,206.7886174127731,1561.6020515494515,7.55168282997086,9196,85868,17756525.0,209397787869.0,620.0704464099999,,
S2,ASFODQR,PH,PH_threshold=200_delta=0.5,mod,,,,290.0759562893052,1096.5851144911028,3.780337841573575,11131,106061,30765746.0,127538237246.0,171.4107351600005,200.0,0.5
S2,AURCTAK,PH,PH_threshold=200_delta=0.5,mod,,,,85.24406242931464,245.13881927342808,2.8757289632541854,1101,8842,753728.0,531342666.0,24.43841046900343,200.0,0.5
S2,A1K5DRI,PH,PH_threshold=25_delta=2,mod,,,,104.2733595721668,683.9363214033654,6.5590705450515205,13607,66568,6941269.0,31138439585.0,256.98771255799875,25.0,2.0
S2,A0VFT1N,ADWIN,ADWIN_delta=1e-05,mod,,,,13.533976684937851,20.158967553543715,1.4895080745911808,5344,64765,876528.0,26319458.0,169.15459641599955,,1e-05
S2,A4G0044,PH,PH_threshold=100_delta=0.005,mod,,,,27.780445410103205,88.58801924482115,3.1888624511615435,2119,9205,255719.0,72239341.0,18.113638811999408,100.0,0.005
S2,AX6281V,KSWIN,KSWIN_alpha=1e-05_window_size=1000,mod,1e-05,1000.0,1.0,451.7071121376234,943.5732308939106,2.088904968594845,606,50224,22686538.0,44715956122.0,122.73396389499976,,
S2,A1K5DRI,KSWIN,KSWIN_alpha=1e-05_window_size=100,mod,1e-05,100.0,1.0,155.62223590914553,794.1549045516161,5.10309403994976,5502,66568,10359461.0,41983240203.0,1591.9805092059996,,
S2,A1K5DRI,ADWIN,ADWIN_delta=0.0001,mod,,,,175.89368765773344,923.7498634013422,5.251751075904673,6228,66568,11708891.0,56803393713.0,219.53857295700072,,0.0001
S2,AJWW3IY,KSWIN,KSWIN_alpha=0.0001_window_size=300,mod,0.0001,300.0,1.0,627.8854015586626,1721.9570083767371,2.7424702088982347,1988,51711,32468582.0,153330144526.0,388.36909469700186,,
S2,AJWW3IY,PH,PH_threshold=100_delta=5,mod,,,,534.07068128638,1221.3148401597575,2.286803756420515,2436,51711,27617329.0,77132641545.0,151.82621344200015,100.0,5.0
S2,AURCTAK,KSWIN,KSWIN_alpha=0.001_window_size=300,mod,0.001,300.0,1.0,179.5039583804569,354.6737585523559,1.975854804274724,354,8842,1587174.0,1112265906.0,30.83769281199784,,
S2,AKXN5ZZ,ADWIN,ADWIN_delta=0.002,mod,,,,62.000488249462926,554.7585647220585,8.947648323186618,8022,61444,3809558.0,18909825110.0,202.98567446800007,,0.002
S2,AYEFCWQ,KSWIN,KSWIN_alpha=0.01_window_size=100,mod,0.01,100.0,1.0,128.27147482181954,1276.13198813131,9.94868102907502,9704,85868,11014415.0,139837141501.0,416.5370827389997,,
S2,AIFDJZB,ADWIN,ADWIN_delta=1e-05,mod,,,,490.0099684978208,1783.6047475980845,3.6399356385869455,8966,92692,45420004.0,294876044560.0,296.11285889500004,,1e-05
S2,A36HR6Y,KSWIN,KSWIN_alpha=1e-05_window_size=100,mod,1e-05,100.0,1.0,94.73439302653506,626.2548470938365,6.610638724612114,2671,31204,2956092.0,12238056946.0,367.4442016059984,,
S2,AJMQUVV,PH,PH_threshold=100_delta=0.005,mod,,,,12.88823686712622,21.08300410658565,1.6358330719667074,12327,67312,867533.0,29919717.0,271.6091592169996,100.0,0.005
S2,AV2GF3B,KSWIN,KSWIN_alpha=1e-05_window_size=300,mod,1e-05,300.0,1.0,176.06754850088183,351.22406034378383,1.9948256412624767,217,5670,998303.0,699441791.0,51.357629434001865,,
S2,ASFODQR,PH,PH_threshold=50_delta=0.005,mod,,,,24.815408114198437,38.40848705781272,1.547767696628646,29301,106061,2631947.0,156462447.0,243.040366405,50.0,0.005
S2,AURCTAK,PH,PH_threshold=100_delta=2,mod,,,,108.76996154716127,280.2015540283305,2.576093160673213,1394,8842,961744.0,694211158.0,36.15629702500155,100.0,2.0
S2,AHYIJDV,KSWIN,KSWIN_alpha=0.005_window_size=100,mod,0.005,100.0,1.0,18.444285350018635,29.4103454730842,1.5945505567150904,5512,50983,940345.0,44098685.0,622.4962175370019,,
S2,A36HR6Y,PH,PH_threshold=500_delta=2,mod,,,,448.3418151519036,995.3776085381006,2.220131102874834,909,31204,13990058.0,30916192514.0,39.30821729799936,500.0,2.0
S2,AIFDJZB,ADWIN,ADWIN_delta=0.05,mod,,,,76.94881974711949,693.6622192339814,9.014592056299188,17454,92692,7132540.0,44600356998.0,371.27430231900007,,0.05
S2,AJMQUVV,KSWIN,KSWIN_alpha=0.005_window_size=300,mod,0.005,300.0,1.0,760.9066882576658,2145.1301014004434,2.8191762991496248,2680,67312,51218151.0,309741765123.0,357.2536222460003,,
S2,AMV7EQF,KSWIN,KSWIN_alpha=0.005_window_size=300,mod,0.005,300.0,1.0,781.6932696644942,2052.8025888616294,2.626097305075558,2592,64291,50255842.0,270922175560.0,165.02583554300145,,
S2,AMV7EQF,Sem detector (HT),HT,mod,,,,15.136877634505607,22.978734912302805,1.518063068695298,0,64291,973165.0,33947079.0,241.86197132500087,,
S2,AUY8KYW,KSWIN,KSWIN_alpha=0.001_window_size=100,mod,0.001,100.0,1.0,73.57880466303213,551.9201636598233,7.501075427732819,7537,68968,5074583.0,21008747119.0,790.125213585,,
S2,AYEFCWQ,PH,PH_threshold=25_delta=0.005,mod,,,,13.3668071924349,24.272946521325547,1.8159120702409104,30170,85868,1147781.0,50591359.0,229.0501699610013,25.0,0.005
S2,AFPB8J2,PH,PH_threshold=100_delta=0.005,mod,,,,13.680026281208937,19.737082366887016,1.442766407108306,9976,56314,770377.0,21937255.0,210.76231723399903,100.0,0.005
S2,A1K5DRI,PH,PH_threshold=100_delta=0.005,mod,,,,10.753500180266794,17.129317470499743,1.5929062336310635,11399,66568,715839.0,19531951.0,285.0981100379995,100.0,0.005
S2,A0NVTRV,KSWIN,KSWIN_alpha=1e-05_window_size=100,mod,1e-05,100.0,1.0,93.05304024496938,649.8724098309549,6.983892284659535,2394,27432,2552631.0,11585470377.0,658.872748294998,,
S2,A0VFT1N,ADWIN,ADWIN_delta=0.01,mod,,,,85.22070562803984,654.5622708828913,7.680789146945566,8803,64765,5519319.0,27748678655.0,214.5039884910002,,0.01
S2,AHYIJDV,KSWIN,KSWIN_alpha=0.01_window_size=300,mod,0.01,300.0,1.0,549.1417139046349,1461.562851046035,2.661540389371791,2071,50983,27996892.0,108908149524.0,245.47118560399397,,
S2,AKXN5ZZ,KSWIN,KSWIN_alpha=0.01_window_size=1000,mod,0.01,1000.0,1.0,649.9465529587917,1151.5412560720129,1.7717476165228982,763,61444,39935316.0,81477648116.0,131.09843972899762,,
S2,AURCTAK,Sem detector (HT),HT,mod,,,,20.581995023750284,27.914416657300023,1.3562541738586855,0,8842,181986.0,6889816.0,25.926560062005592,,
S2,AHYIJDV,KSWIN,KSWIN_alpha=0.0001_window_size=100,mod,0.0001,100.0,1.0,219.27238491261792,866.0801046444751,3.9497910554929936,4807,50983,11179164.0,38242080520.0,956.6695770250008,,
S2,A4E0D03,KSWIN,KSWIN_alpha=0.0001_window_size=100,mod,0.0001,100.0,1.0,306.3914433785423,1374.8491622942754,4.48723093286802,4970,54414,16671984.0,102853898860.0,1107.2702071780004,,
S2,AJMQUVV,PH,PH_threshold=100_delta=0.5,mod,,,,45.82251307344902,323.1108422790309,7.051355777041643,10462,67312,3084405.0,7027414291.0,242.6372369960009,100.0,0.5
S2,AZIK4ZA,PH,PH_threshold=50_delta=0.5,mod,,,,15.188094889442086,24.017259316121844,1.581321389611366,12207,54632,829756.0,31513308.0,117.32645492400115,50.0,0.5
S2,AJMQUVV,ADWIN,ADWIN_delta=1e-05,mod,,,,269.05169954837174,1682.9567476668767,6.255142600815664,5819,67312,18110408.0,190650699918.0,215.2962686280007,,1e-05
S2,AUY8KYW,PH,PH_threshold=200_delta=0.005,mod,,,,143.38645458763486,719.8244898250118,5.020170781787968,9206,68968,9889077.0,35735582721.0,258.02216355200017,200.0,0.005
S2,APGIB2T,ADWIN,ADWIN_delta=0.002,mod,,,,73.73156966490299,249.48256611164396,3.383660042034888,1325,11340,836116.0,705819186.0,28.78171201299847,,0.002
S2,AYWIEKR,PH,PH_threshold=25_delta=2,mod,,,,92.23876137866644,701.7411959379343,7.607877485009651,13622,64265,5927724.0,31646701976.0,298.42487585100025,25.0,2.0
S2,AAXAA7Z,PH,PH_threshold=500_delta=2,mod,,,,597.2522227523095,1249.9576832408663,2.0928472689154725,1817,46114,27541689.0,72048246595.0,150.13003545699758,500.0,2.0
S2,AJMQUVV,KSWIN,KSWIN_alpha=0.01_window_size=300,mod,0.01,300.0,1.0,871.7767560019016,2385.645858569936,2.736532996716801,2704,67312,58681037.0,383093200411.0,249.8693944099996,,
S2,AAXAA7Z,KSWIN,KSWIN_alpha=0.0001_window_size=300,mod,0.0001,300.0,1.0,677.9853840482283,1769.4033428542452,2.6097957042808155,1762,46114,31264618.0,144373166580.0,410.5469246739958,,
S2,AHYIJDV,ADWIN,ADWIN_delta=0.002,mod,,,,17.64650962085401,25.723696653536685,1.4577215101584362,5815,50983,899672.0,33735888.0,186.0027961839951,,0.002
S2,AFPB8J2,PH,PH_threshold=25_delta=0.5,mod,,,,15.155680647796284,24.56112522654604,1.6205887282348717,17967,56314,853477.0,33971357.0,276.8405001680003,25.0,0.5
S2,ATHKM6V,PH,PH_threshold=100_delta=5,mod,,,,492.3453673837777,981.5931238158888,1.9937084592303027,1297,33793,16637827.0,32560402377.0,91.8618854219967,100.0,5.0
S2,A36HR6Y,PH,PH_threshold=200_delta=0.5,mod,,,,200.5455390334573,1055.9363651270824,5.265319638702705,3052,31204,6257823.0,34792510151.0,47.39692821499921,200.0,0.5
S2,A1ZJ41O,PH,PH_threshold=50_delta=0.5,mod,,,,36.43323437131001,211.10856736684323,5.794395447171289,11708,59282,2159835.0,2642010651.0,121.1276374980007,50.0,0.5
S2,AHYIJDV,PH,PH_threshold=25_delta=2,mod,,,,221.8343761646039,916.8017888486532,4.132821092472948,9643,50983,11309782.0,42852512588.0,175.63821000100145,25.0,2.0
S2,AX6281V,PH,PH_threshold=50_delta=2,mod,,,,303.9790936604014,1015.5417606857528,3.3408276485628745,6067,50224,15267046.0,51797270200.0,86.35223053200025,50.0,2.0
S2,APGIB2T,PH,PH_threshold=200_delta=0.5,mod,,,,100.86507936507935,296.5914139738936,2.9404766827217395,1156,11340,1143810.0,997539734.0,42.82197639399965,200.0,0.5
S2,AA2KP1S,KSWIN,KSWIN_alpha=0.01_window_size=100,mod,0.01,100.0,1.0,9.653547532406554,16.26909690676228,1.6852972290391282,6625,59633,575670.0,15783872.0,663.1193334259988,,
S2,AMV7EQF,ADWIN,ADWIN_delta=0.002,mod,,,,217.70938389510195,1369.222456534273,6.289221126058582,7858,64291,13996754.0,120530846780.0,100.1726345979987,,0.002
S2,AYEFCWQ,KSWIN,KSWIN_alpha=0.0001_window_size=1000,mod,0.0001,1000.0,1.0,909.7870102948712,1704.3224108854597,1.8733202294601583,1045,85868,78121591.0,249422057337.0,141.35476241200013,,
S2,APGIB2T,KSWIN,KSWIN_alpha=0.01_window_size=100,mod,0.01,100.0,1.0,40.9847442680776,234.4710665318098,5.72093520940756,1275,11340,464767.0,623435563.0,112.03266263799742,,
S2,A4E0D03,KSWIN,KSWIN_alpha=0.0001_window_size=300,mod,0.0001,300.0,1.0,1235.6464512809202,2573.772686220601,2.0829361696078403,2076,54414,67236466.0,360454977996.0,497.6595639570005,,
S2,AKXN5ZZ,ADWIN,ADWIN_delta=0.01,mod,,,,13.000439424516632,23.419327378548164,1.8014258298364336,9314,61444,798799.0,33699877.0,201.2793646220016,,0.01
S2,AA2KP1S,Sem detector (HT),HT,mod,,,,12.641792296211827,18.33691585814906,1.4504996940697878,0,59633,753868.0,20051148.0,426.0283506650012,,
S2,ASFODQR,KSWIN,KSWIN_alpha=0.01_window_size=100,mod,0.01,100.0,1.0,176.1507622971686,1271.597205780319,7.218800470673628,11758,106061,18682726.0,171496336624.0,588.0883705410001,,
S2,AJMQUVV,PH,PH_threshold=200_delta=5,mod,,,,559.4383170905634,1452.1488517420928,2.5957264766814587,2409,67312,37656912.0,141943256992.0,207.56138634499985,200.0,5.0
S2,A36HR6Y,KSWIN,KSWIN_alpha=0.01_window_size=100,mod,0.01,100.0,1.0,91.17885527496476,998.2854551294868,10.948650891909027,3499,31204,2845145.0,31097090413.0,152.53571079500034,,
S2,AAXAA7Z,KSWIN,KSWIN_alpha=0.005_window_size=1000,mod,0.005,1000.0,1.0,663.1692978271241,1255.7965913938845,1.8936289654972045,573,46114,30581389.0,72722934491.0,160.20349438099947,,
S2,AMV7EQF,PH,PH_threshold=50_delta=5,mod,,,,385.37233827440855,1352.7328133856515,3.5101969680616345,6836,64291,24775973.0,117645204967.0,104.29410438500054,50.0,5.0
S2,AV2GF3B,ADWIN,ADWIN_delta=1e-05,mod,,,,171.47460317460315,566.8171146377005,3.3055455685209645,486,5670,972261.0,1821666907.0,17.911709739993967,,1e-05
S2,A7EM0B6,PH,PH_threshold=25_delta=5,mod,,,,517.2549804996311,1427.674864022127,2.7600988252314087,5441,47435,24535990.0,96684650466.0,76.37539654899956,25.0,5.0
S2,A0VFT1N,PH,PH_threshold=100_delta=2,mod,,,,248.02018065313052,823.7235915738792,3.3211958373899444,5931,64765,16063027.0,43944383765.0,184.21377535400097,100.0,2.0
S2,AURCTAK,KSWIN,KSWIN_alpha=0.01_window_size=300,mod,0.01,300.0,1.0,209.7344492196336,384.0702671940405,1.8312216644574335,361,8842,1854472.0,1304283156.0,30.61780351199559,,
S2,AAXAA7Z,KSWIN,KSWIN_alpha=0.01_window_size=300,mod,0.01,300.0,1.0,607.904605976493,1810.7270814735052,2.9786368842606272,1862,46114,28032913.0,151195473437.0,218.72603009900195,,
S2,AX6281V,PH,PH_threshold=200_delta=2,mod,,,,395.0215036635871,1020.8872316012108,2.584383943995694,2580,50224,19839560.0,52343992188.0,69.34474697100086,200.0,2.0
S2,AMV7EQF,PH,PH_threshold=200_delta=0.5,mod,,,,262.5028231012117,1219.9337821237016,4.647316808678049,6923,64291,16876569.0,95680337081.0,107.13557013399986,200.0,0.5
S2,A36HR6Y,KSWIN,KSWIN_alpha=0.001_window_size=300,mod,0.001,300.0,1.0,765.039610306371,1921.140328329294,2.5111645233113435,1225,31204,23872296.0,115167104148.0,92.3516277460003,,
S2,A0VFT1N,ADWIN,ADWIN_delta=0.0001,mod,,,,180.13524280089555,1177.5687876931406,6.537137149750944,6102,64765,11666459.0,89807569195.0,224.4090683129998,,0.0001
S2,AMV7EQF,ADWIN,ADWIN_delta=0.05,mod,,,,15.880340949744133,23.749586354969768,1.4955337816819625,11407,64291,1020963.0,36262879.0,114.67041319899909,,0.05
S2,AUY8KYW,PH,PH_threshold=100_delta=5,mod,,,,729.6641920890848,1445.5696867235802,1.9811437951817297,5904,68968,50323480.0,144120479128.0,238.02580602499984,100.0,5.0
S2,AMV7EQF,ADWIN,ADWIN_delta=0.01,mod,,,,215.45698464792892,1369.1540467174657,6.354651481615944,9305,64291,13851945.0,120518803029.0,113.67603622500064,,0.01
S2,A4E0D03,PH,PH_threshold=500_delta=2,mod,,,,890.6451832249054,2129.618307699905,2.3910961938724538,1653,54414,48463567.0,246782406863.0,168.0519979210003,500.0,2.0
S2,AHYIJDV,PH,PH_threshold=50_delta=2,mod,,,,308.9396073200871,1114.324879889208,3.606934344079343,6800,50983,15750668.0,63306607596.0,193.0213806480024,50.0,2.0
S2,APGIB2T,KSWIN,KSWIN_alpha=1e-05_window_size=1000,mod,1e-05,1000.0,1.0,123.91613756613756,236.9077397648583,1.9118392843580516,136,11340,1405209.0,636460643.0,50.11961831799999,,
S2,A1ZJ41O,KSWIN,KSWIN_alpha=0.01_window_size=300,mod,0.01,300.0,1.0,1095.1804932357209,2466.947445131586,2.252548744584527,2419,59282,64924490.0,360780156100.0,121.93225884300044,,
S2,AJWW3IY,ADWIN,ADWIN_delta=0.002,mod,,,,11.005240664462107,16.204521868242843,1.4724368473440246,6162,51711,569092.0,13578612.0,168.27626660399983,,0.002
S2,A1K5DRI,KSWIN,KSWIN_alpha=0.0001_window_size=100,mod,0.0001,100.0,1.0,11.913727316428314,18.3556362048041,1.5407131384896462,6126,66568,793073.0,22428715.0,1253.2936070490014,,
S2,AOYM4KG,ADWIN,ADWIN_delta=0.0001,mod,,,,120.71929502478427,272.68648320015075,2.2588475449940857,1036,10894,1315116.0,810055160.0,14.418940587001998,,0.0001
S2,AOYM4KG,KSWIN,KSWIN_alpha=1e-05_window_size=100,mod,1e-05,100.0,1.0,34.55516798237562,111.76307177011807,3.234337388465924,1013,10894,376444.0,136076782.0,109.927223409999,,
S2,AKXN5ZZ,KSWIN,KSWIN_alpha=0.01_window_size=100,mod,0.01,100.0,1.0,10.09795911724497,14.192864057119367,1.405518074724748,7107,61444,620459.0,12377119.0,539.3998949779998,,
S2,AZIK4ZA,ADWIN,ADWIN_delta=0.05,mod,,,,13.316462878898816,18.753196144831087,1.40827157446947,9927,54632,727505.0,19213111.0,98.09216053899944,,0.05
S2,AMV7EQF,ADWIN,ADWIN_delta=1e-05,mod,,,,325.866590969187,1463.8640606630722,4.492218905624146,5482,64291,20950289.0,137769054553.0,94.98835962500016,,1e-05
S2,ASFODQR,KSWIN,KSWIN_alpha=0.001_window_size=100,mod,0.001,100.0,1.0,250.15437342661295,2066.1316235400245,8.259426350369841,10913,106061,26531623.0,452763790787.0,921.9686286240004,,
S2,AJWW3IY,PH,PH_threshold=500_delta=0.5,mod,,,,452.9512869602213,1184.9606713211967,2.6160885407204097,2080,51711,23422564.0,72609059126.0,159.52394849800112,500.0,0.5
S2,AYWIEKR,PH,PH_threshold=200_delta=2,mod,,,,486.0594102544153,1280.006378407433,2.633436060290339,4013,64265,31236608.0,105292825368.0,199.25777769200067,200.0,2.0
S2,AUY8KYW,KSWIN,KSWIN_alpha=0.005_window_size=100,mod,0.005,100.0,1.0,72.25043498434056,536.9510656502243,7.43180391601244,7754,68968,4982968.0,19884608710.0,668.7273294400002,,
S2,AV2GF3B,PH,PH_threshold=25_delta=0.5,mod,,,,16.868077601410935,25.17166459360005,1.492266349989673,2004,5670,95642.0,3592584.0,25.28187264400185,25.0,0.5
S2,AJWW3IY,PH,PH_threshold=50_delta=5,mod,,,,703.1851443600008,1436.553296192902,2.0429232723628874,3461,51711,36362407.0,106715234313.0,181.306835157,50.0,5.0
S2,AURCTAK,KSWIN,KSWIN_alpha=0.0001_window_size=300,mod,0.0001,300.0,1.0,201.1375254467315,385.8641350782056,1.9184094774020493,346,8842,1778458.0,1316495378.0,66.18631503499637,,
S2,AQC0L71,KSWIN,KSWIN_alpha=0.01_window_size=1000,mod,0.01,1000.0,1.0,552.0692621680273,1244.6089231261626,2.2544434338518826,475,38708,21369497.0,59960680489.0,119.5261053840004,,
S2,A7EM0B6,KSWIN,KSWIN_alpha=0.001_window_size=100,mod,0.001,100.0,1.0,128.6845788974386,857.4320849301913,6.663052342997239,5020,47435,6104153.0,34873727227.0,330.5909738249975,,
S2,A4E0D03,ADWIN,ADWIN_delta=0.002,mod,,,,357.3422648583085,1752.1216322217224,4.903202908048016,6239,54414,19444422.0,167047182670.0,195.20193480200032,,0.002
S2,A1K5DRI,PH,PH_threshold=500_delta=0.005,mod,,,,528.274891839923,1622.250875768856,3.0708460705348606,3198,66568,35166203.0,175186866069.0,175.98686704399915,500.0,0.005
S2,APGIB2T,PH,PH_threshold=50_delta=0.5,mod,,,,11.58774250440917,18.627938377164057,1.607555429375141,2962,11340,131405.0,3934981.0,56.53362696100521,50.0,0.5
S2,AIFDJZB,KSWIN,KSWIN_alpha=0.005_window_size=100,mod,0.005,100.0,1.0,178.968562551245,1138.6999115311828,6.36256946638398,10379,92692,16588954.0,120187922086.0,961.774848366,,
S2,AYEFCWQ,KSWIN,KSWIN_alpha=0.0001_window_size=100,mod,0.0001,100.0,1.0,195.1168537755625,1462.469267024028,7.495350805042531,8554,85868,16754294.0,183655882942.0,717.906473519999,,
S2,A0NVTRV,PH,PH_threshold=100_delta=0.5,mod,,,,10.556466899970838,17.013320780773554,1.6116491381051508,3051,27432,289585.0,7940277.0,105.13126958500652,100.0,0.5
S2,A1ZJ41O,KSWIN,KSWIN_alpha=0.0001_window_size=1000,mod,0.0001,1000.0,1.0,861.0020748287844,1625.263767601284,1.8876421034461248,728,59282,51041925.0,156592354555.0,106.4417043150006,,
S2,A0VFT1N,PH,PH_threshold=100_delta=0.5,mod,,,,13.953894850613755,22.007139342558133,1.5771323761688054,9142,64765,903724.0,31366608.0,232.60992987399916,100.0,0.5
S2,ASFODQR,KSWIN,KSWIN_alpha=0.005_window_size=300,mod,0.005,300.0,1.0,1112.1545431402683,2370.539919370593,2.131484274368165,4235,106061,117956223.0,596005495019.0,279.91172988100016,,
S2,A1K5DRI,PH,PH_threshold=100_delta=0.5,mod,,,,10.926706525657972,17.148512787014315,1.5694127728923957,9394,66568,727369.0,19575751.0,257.211353355,100.0,0.5
S2,AZIK4ZA,KSWIN,KSWIN_alpha=1e-05_window_size=100,mod,1e-05,100.0,1.0,222.22865719724703,915.6377424500552,4.120250529333613,4866,54632,12140796.0,45803057716.0,638.6122581399977,,
S2,AOYM4KG,PH,PH_threshold=200_delta=0.5,mod,,,,170.08793831466863,322.4733873541812,1.8959215482851828,1570,10894,1852938.0,1132857098.0,18.195109072999912,200.0,0.5
S2,ASFODQR,Sem detector (HT),HT,mod,,,,29.078209709506798,39.59818070782365,1.3617819358004517,0,106061,3084064.0,166305336.0,632.870689025,,
S2,A0NVTRV,KSWIN,KSWIN_alpha=0.005_window_size=1000,mod,0.005,1000.0,1.0,594.4405074365704,1397.9289261320723,2.351671712549364,342,27432,16306692.0,53607759310.0,99.00547018399811,,
S2,A0VFT1N,KSWIN,KSWIN_alpha=1e-05_window_size=100,mod,1e-05,100.0,1.0,188.11390411487687,1275.940291171478,6.782806923151679,5409,64765,12183197.0,105438950179.0,1502.7986686269996,,
S2,AURCTAK,PH,PH_threshold=500_delta=0.005,mod,,,,197.5005654829224,410.6497383967621,2.0792332284854664,579,8842,1746300.0,1491054822.0,30.26483447299688,500.0,0.005
S2,AIFDJZB,KSWIN,KSWIN_alpha=0.0001_window_size=100,mod,0.0001,100.0,1.0,137.8711862943943,1002.5834837074468,7.271885523394605,9412,92692,12779556.0,93171555206.0,1202.16419618,,
S2,AJMQUVV,PH,PH_threshold=50_delta=5,mod,,,,484.4400404088424,1576.5035836977013,3.25428010113948,5636,67312,32608628.0,167294791238.0,198.8739141140013,50.0,5.0
S2,AKXN5ZZ,KSWIN,KSWIN_alpha=0.005_window_size=1000,mod,0.005,1000.0,1.0,741.9218475359677,1385.9477941113378,1.868050925733317,763,61444,45586646.0,118024786540.0,178.7586367820004,,
S2,AYEFCWQ,KSWIN,KSWIN_alpha=0.0001_window_size=300,mod,0.0001,300.0,1.0,921.7972003540318,2491.822885622223,2.7032224492168084,3333,85868,79152882.0,533169979294.0,287.1149251300003,,
S2,AURCTAK,PH,PH_threshold=500_delta=5,mod,,,,158.84109929880117,279.9180368048095,1.7622519489004955,253,8842,1404473.0,692807017.0,27.08104060900223,500.0,5.0
S2,AOYM4KG,PH,PH_threshold=200_delta=2,mod,,,,199.85900495685695,328.8186349559999,1.645253037394943,1277,10894,2177264.0,1177877742.0,17.10273112300274,200.0,2.0
S2,AV2GF3B,PH,PH_threshold=100_delta=5,mod,,,,132.75343915343916,306.3169353839226,2.30741242816222,464,5670,752712.0,532016468.0,20.40138660699449,100.0,5.0
S2,A0VFT1N,KSWIN,KSWIN_alpha=0.001_window_size=100,mod,0.001,100.0,1.0,281.69951362618696,1714.3783453534263,6.085840629559599,6682,64765,18244269.0,190350365335.0,829.874758771999,,
S2,AHYIJDV,KSWIN,KSWIN_alpha=0.005_window_size=1000,mod,0.005,1000.0,1.0,570.7067257713355,1181.1057884583429,2.0695494465428386,632,50983,29096341.0,71121839875.0,171.51906094700098,,
S2,AMV7EQF,ADWIN,ADWIN_delta=0.0001,mod,,,,332.1517319687048,1626.5177717625338,4.896911908668848,6259,64291,21354367.0,170085701937.0,93.76769563400012,,0.0001
S2,AIFDJZB,KSWIN,KSWIN_alpha=0.0001_window_size=300,mod,0.0001,300.0,1.0,1223.9038212574978,2611.300362652261,2.133582980376093,3622,92692,113446093.0,632056513319.0,514.756192608,,
S2,AJWW3IY,ADWIN,ADWIN_delta=0.05,mod,,,,10.967917851134189,16.249420474520594,1.481541044988794,8801,51711,567162.0,13653962.0,201.54215078799825,,0.05
S2,AQC0L71,PH,PH_threshold=500_delta=5,mod,,,,470.0200733698461,906.377111499103,1.928379579622548,567,38708,18193537.0,31799375577.0,118.34842852099972,500.0,5.0
S2,A36HR6Y,KSWIN,KSWIN_alpha=0.005_window_size=100,mod,0.005,100.0,1.0,13.674977566978592,19.346147587666756,1.4147114679282924,3384,31204,426714.0,11678828.0,180.62737179800024,,
S2,A4G0044,ADWIN,ADWIN_delta=1e-05,mod,,,,128.52265073329713,308.74060577008083,2.4022271872587013,663,9205,1183051.0,877427611.0,11.470157425999789,,1e-05
S2,AURCTAK,PH,PH_threshold=200_delta=5,mod,,,,210.2618185930785,393.4058579627327,1.8710285138553588,448,8842,1859135.0,1368460151.0,28.71171076199971,200.0,5.0
S2,AQC0L71,Sem detector (HT),HT,mod,,,,20.080086803761496,65.99093109255807,3.286386744114888,0,38708,777260.0,168565714.0,214.8419971310068,,
S2,AMV7EQF,KSWIN,KSWIN_alpha=0.005_window_size=100,mod,0.005,100.0,1.0,145.29585789612855,1283.7904853948155,8.835699131303471,7025,64291,9341216.0,105959155006.0,399.3788493399989,,
S2,AFPB8J2,KSWIN,KSWIN_alpha=1e-05_window_size=300,mod,1e-05,300.0,1.0,1098.8187839613597,2829.889553897319,2.575392407923046,2036,56314,61878881.0,450977992001.0,660.5867609080015,,
S2,APGIB2T,PH,PH_threshold=50_delta=5,mod,,,,137.77169312169312,348.8307912146961,2.531948205837722,1098,11340,1562331.0,1379884323.0,42.30830042900197,50.0,5.0
S2,A1K5DRI,KSWIN,KSWIN_alpha=0.001_window_size=1000,mod,0.001,1000.0,1.0,830.8820604494653,1636.825293042638,1.9699851169697875,815,66568,55310157.0,178348788555.0,197.32342397199864,,
S2,AAXAA7Z,PH,PH_threshold=500_delta=0.5,mod,,,,481.49329921498895,1223.1514826318,2.540329189681324,2420,46114,22203582.0,68991134624.0,153.211415759004,500.0,0.5
S2,A3OU183,KSWIN,KSWIN_alpha=0.001_window_size=1000,mod,0.001,1000.0,1.0,105.61499548328815,224.9342134076916,2.12975640796466,68,5535,584579.0,280045541.0,20.804079729998197,,
S2,A0NVTRV,KSWIN,KSWIN_alpha=0.005_window_size=300,mod,0.005,300.0,1.0,819.2460994459026,1889.676996847144,2.306604814017702,1111,27432,22473559.0,97956356909.0,149.4278185430012,,
S2,AA2KP1S,PH,PH_threshold=100_delta=2,mod,,,,230.50317777069745,866.5913103959496,3.759563398549009,5109,59633,13745596.0,44783220112.0,162.86560124599782,100.0,2.0
S2,AJMQUVV,PH,PH_threshold=200_delta=0.5,mod,,,,127.48860530068931,1031.1695252650718,8.08832697505003,6266,67312,8581513.0,71573562423.0,224.3091385709995,200.0,0.5
S2,AURCTAK,KSWIN,KSWIN_alpha=1e-05_window_size=300,mod,1e-05,300.0,1.0,217.01119656186384,396.56428819979845,1.8273909110802449,332,8842,1918813.0,1390521521.0,86.39184748299886,,
S2,ASFODQR,KSWIN,KSWIN_alpha=0.01_window_size=300,mod,0.01,300.0,1.0,1179.046180971328,2354.347207381331,1.9968235726286483,4279,106061,125050817.0,587890901925.0,243.33636974699996,,
S2,AUY8KYW,KSWIN,KSWIN_alpha=0.0001_window_size=1000,mod,0.0001,1000.0,1.0,704.1681069481499,1496.4168678283056,2.125084696484971,846,68968,48565066.0,154437521090.0,251.2939943170004,,
S2,AJMQUVV,PH,PH_threshold=500_delta=0.5,mod,,,,630.6449370097457,1675.786386929579,2.6572581314542165,2961,67312,42449972.0,189029598104.0,181.82602595000023,500.0,0.5
S2,AJWW3IY,PH,PH_threshold=500_delta=5,mod,,,,619.3829165941482,1261.24848769513,2.0362984736977583,845,51711,32028910.0,82259156782.0,130.71697262199814,500.0,5.0
S2,A4G0044,KSWIN,KSWIN_alpha=0.01_window_size=100,mod,0.01,100.0,1.0,16.19565453557849,24.035866283671123,1.4840935407006437,1033,9205,149081.0,5317939.0,48.8074342530017,,
S2,A7EM0B6,KSWIN,KSWIN_alpha=1e-05_window_size=300,mod,1e-05,300.0,1.0,997.1421313376198,2130.608170677552,2.136714620431733,1763,47435,47299437.0,215330763979.0,241.46306508499765,,
S2,A0NVTRV,PH,PH_threshold=100_delta=2,mod,,,,90.98939195100613,648.3513452315165,7.12557069928136,1819,27432,2496021.0,11531300895.0,83.72814300299797,100.0,2.0
S2,ATHKM6V,KSWIN,KSWIN_alpha=1e-05_window_size=100,mod,1e-05,100.0,1.0,9.96863255703844,15.255906993421704,1.5303911450372536,2807,33793,336870.0,7865074.0,745.6339891250027,,
S2,AMV7EQF,PH,PH_threshold=500_delta=0.005,mod,,,,345.82571433015505,1163.9033402616842,3.365577781039503,3753,64291,22233481.0,87093152327.0,90.90160408200065,500.0,0.005
S2,AV2GF3B,KSWIN,KSWIN_alpha=0.01_window_size=300,mod,0.01,300.0,1.0,191.37354497354497,424.0903550859132,2.216034380010772,234,5670,1085088.0,1019764408.0,26.370167487999424,,
S2,AJWW3IY,KSWIN,KSWIN_alpha=0.005_window_size=100,mod,0.005,100.0,1.0,11.383109976600725,16.49353404558858,1.4489479658452666,5595,51711,588632.0,14067288.0,683.7832890789978,,
S2,AX6281V,KSWIN,KSWIN_alpha=0.01_window_size=100,mod,0.01,100.0,1.0,176.6018437400446,1335.7344216965562,7.563536107033731,5509,50224,8869651.0,89608980029.0,362.347871998998,,
S2,ASFODQR,KSWIN,KSWIN_alpha=1e-05_window_size=300,mod,1e-05,300.0,1.0,1002.4700973967812,2085.3224007707718,2.080184143333498,3826,106061,106322981.0,461213631347.0,607.4543596959998,,
S2,A3OU183,PH,PH_threshold=100_delta=0.5,mod,,,,12.29286359530262,20.0625444811198,1.632048084287387,920,5535,68041.0,2227869.0,22.920829899994715,100.0,0.5
S2,AYEFCWQ,PH,PH_threshold=500_delta=2,mod,,,,608.5993268738063,1697.6920692200551,2.7895069781634403,3163,85868,52259207.0,247485174219.0,113.67590960999952,500.0,2.0
S2,AAXAA7Z,KSWIN,KSWIN_alpha=0.0001_window_size=1000,mod,0.0001,1000.0,1.0,590.6863208570065,1130.3358873258394,1.913597534620192,566,46114,27238909.0,58917977187.0,170.0148217390015,,
S2,AZIK4ZA,PH,PH_threshold=25_delta=0.005,mod,,,,13.4096866305462,20.99059297424576,1.5653306115618582,18472,54632,732598.0,24071132.0,152.23812206300136,25.0,0.005
S2,AQC0L71,KSWIN,KSWIN_alpha=1e-05_window_size=1000,mod,1e-05,1000.0,1.0,344.3381213185905,771.6274787088147,2.24090053042627,461,38708,13328640.0,23047090252.0,174.13558993199695,,
S2,AUY8KYW,PH,PH_threshold=500_delta=0.005,mod,,,,689.1417033986777,1573.5293274527498,2.283317523366369,4344,68968,47528725.0,170764391735.0,210.2501279210001,500.0,0.005
S2,AJWW3IY,PH,PH_threshold=500_delta=2,mod,,,,573.1596952292549,1418.2323077784383,2.474410394839728,1461,51711,29638661.0,104010620047.0,114.75617343900012,500.0,2.0
S2,A0VFT1N,KSWIN,KSWIN_alpha=0.01_window_size=1000,mod,0.01,1000.0,1.0,933.874824365012,1799.634985108464,1.9270623194410723,805,64765,60482403.0,209753503947.0,202.9996404759986,,
S2,A4E0D03,PH,PH_threshold=200_delta=0.5,mod,,,,301.16306465247914,1167.5130757238885,3.876680817653107,4650,54414,16387487.0,74171004155.0,161.56037703900074,200.0,0.5
S2,AURCTAK,PH,PH_threshold=100_delta=0.5,mod,,,,18.71454422076453,27.912293565681964,1.4914760005061818,1925,8842,165474.0,6888768.0,38.670575681004266,100.0,0.5
S2,AFPB8J2,ADWIN,ADWIN_delta=0.01,mod,,,,149.14388961892246,1103.0828820351571,7.396098390980979,7575,56314,8398889.0,68522415939.0,186.1432927570022,,0.01
S2,AYEFCWQ,PH,PH_threshold=200_delta=0.005,mod,,,,79.05439744724461,740.6368206263753,9.368698573923414,10171,85868,6788243.0,47102281743.0,140.16231711,200.0,0.005
S2,AURCTAK,KSWIN,KSWIN_alpha=0.0001_window_size=100,mod,0.0001,100.0,1.0,41.97941642162407,164.89391145745353,3.927970551122641,895,8842,371182.0,240413998.0,118.181170089003,,
S2,AYWIEKR,PH,PH_threshold=500_delta=5,mod,,,,586.6020539951762,1159.3281724033511,1.9763452318441503,1329,64265,37697981.0,86374847005.0,159.81134436700086,500.0,5.0
S2,A0VFT1N,PH,PH_threshold=500_delta=0.5,mod,,,,603.7758511541728,1849.6239682479356,3.0634281989122454,2694,64765,39103543.0,221568112981.0,167.07227319799858,500.0,0.5
S2,A0VFT1N,PH,PH_threshold=100_delta=5,mod,,,,601.7628966262641,1441.7217146447474,2.3958301894776923,3288,64765,38973174.0,134618035708.0,206.26677166899933,100.0,5.0
S2,AHYIJDV,PH,PH_threshold=200_delta=0.5,mod,,,,332.89931938097016,1134.2129615514475,3.40707503896532,4165,50983,16972206.0,65586521686.0,146.71809329600364,200.0,0.5
S2,ASFODQR,PH,PH_threshold=50_delta=2,mod,,,,161.77234798842176,674.0724382314505,4.166796406266506,17600,106061,17157737.0,48191323903.0,200.51283912500003,50.0,2.0
S2,AFPB8J2,PH,PH_threshold=50_delta=5,mod,,,,369.0798913236495,1265.030442115943,3.4275246954774525,4243,56314,20784365.0,90119407925.0,204.1046387099996,50.0,5.0
S2,AV2GF3B,PH,PH_threshold=500_delta=2,mod,,,,260.4232804232804,496.0236539276448,1.904682458194329,225,5670,1476600.0,1395043768.0,18.101814774003287,500.0,2.0
S2,A4G0044,PH,PH_threshold=200_delta=2,mod,,,,236.64910374796307,417.299476282956,1.7633680824221072,783,9205,2178355.0,1602948141.0,13.40544719999889,200.0,2.0
S2,AFPB8J2,PH,PH_threshold=50_delta=0.005,mod,,,,14.763575665021133,22.255523067160937,1.5074615778811793,15737,56314,831396.0,27892792.0,276.27612319299806,50.0,0.005
S2,AFPB8J2,KSWIN,KSWIN_alpha=0.01_window_size=300,mod,0.01,300.0,1.0,1473.6094399261283,2993.8195502602603,2.0316234879781576,2282,56314,82984842.0,504739876000.0,269.72239008700126,,
S2,AX6281V,ADWIN,ADWIN_delta=0.0001,mod,,,,15.380535202293723,23.27801966290451,1.513472668976631,4501,50224,772472.0,27214688.0,71.63081645500279,,0.0001
S2,AOYM4KG,PH,PH_threshold=25_delta=0.5,mod,,,,19.71791812006609,31.33302849230704,1.5890637288132736,3338,10894,214807.0,10695279.0,25.018038556998363,25.0,0.5
S2,AA2KP1S,ADWIN,ADWIN_delta=0.002,mod,,,,8.216423792195597,12.478729072096046,1.5187543130320291,6784,59633,489970.0,9285972.0,181.572775167002,,0.002
S2,A4G0044,ADWIN,ADWIN_delta=0.05,mod,,,,49.23139598044541,175.40676246767578,3.562904503811895,1413,9205,453175.0,283215135.0,14.135766203002277,,0.05
S2,AJMQUVV,KSWIN,KSWIN_alpha=0.01_window_size=100,mod,0.01,100.0,1.0,231.10432018065129,1818.54881854827,7.86895206946687,7459,67312,15556094.0,222608848344.0,715.7191514459992,,
S2,A1ZJ41O,PH,PH_threshold=25_delta=5,mod,,,,462.3343004621976,1326.9695695534874,2.870151680779276,5092,59282,27408102.0,104386605276.0,91.02618319699832,25.0,5.0
S2,A1ZJ41O,PH,PH_threshold=25_delta=0.005,mod,,,,14.25538949428157,21.477273340268,1.5066072623889677,19578,59282,845088.0,27345202.0,153.31303375900097,25.0,0.005
S2,AQC0L71,KSWIN,KSWIN_alpha=0.01_window_size=300,mod,0.01,300.0,1.0,1063.7362302366437,2606.011082520505,2.449865867538196,1555,38708,41175102.0,262877398948.0,152.8575531960014,,
S2,AJWW3IY,PH,PH_threshold=200_delta=0.5,mod,,,,418.3574287869119,1295.7577035688532,3.097250375895298,4219,51711,21633681.0,86822149831.0,154.56898059599916,200.0,0.5
S2,AOYM4KG,KSWIN,KSWIN_alpha=0.001_window_size=300,mod,0.001,300.0,1.0,144.60758215531484,273.6877087222518,1.8926235031597396,435,10894,1575355.0,816014655.0,27.82046480400095,,
S2,A1ZJ41O,KSWIN,KSWIN_alpha=0.0001_window_size=300,mod,0.0001,300.0,1.0,812.7752606187375,2148.994598426434,2.644020681424874,2319,59282,48182943.0,273774815395.0,205.01687706200028,,
S2,AAXAA7Z,PH,PH_threshold=50_delta=0.5,mod,,,,63.94867068569198,399.0971467300694,6.240898246214277,10329,46114,2948929.0,7344970249.0,198.3184240679984,50.0,0.5
S2,AJWW3IY,PH,PH_threshold=50_delta=0.005,mod,,,,11.536810349828857,20.239438116045477,1.7543356874498433,13134,51711,596580.0,21182628.0,186.23961253899688,50.0,0.005
S2,AQC0L71,KSWIN,KSWIN_alpha=0.0001_window_size=300,mod,0.0001,300.0,1.0,657.4065309496744,1705.463506767342,2.594229637943615,1467,38708,25446892.0,112586312258.0,314.7659060549995,,
S2,A0NVTRV,PH,PH_threshold=500_delta=2,mod,,,,502.9225721784777,1200.9246192374844,2.387891666972742,597,27432,13796172.0,39562977424.0,89.86044866700104,500.0,2.0
S2,AMV7EQF,PH,PH_threshold=25_delta=0.005,mod,,,,15.962374204787606,25.37097451836223,1.5894236153637282,23895,64291,1026237.0,41383239.0,178.673047459999,25.0,0.005
S2,APGIB2T,PH,PH_threshold=100_delta=5,mod,,,,180.4579365079365,393.4033310283449,2.180027870434189,707,11340,2046393.0,1755048491.0,31.37311954699544,100.0,5.0
S2,AV2GF3B,PH,PH_threshold=100_delta=0.005,mod,,,,13.81005291005291,18.523130113626834,1.3412787216870892,1303,5670,78303.0,1945413.0,26.230392114004644,100.0,0.005
S2,AUY8KYW,KSWIN,KSWIN_alpha=0.005_window_size=300,mod,0.005,300.0,1.0,818.7457081545065,1795.1796582336287,2.19259733560015,2791,68968,56467254.0,222261104928.0,343.2379104170004,,
S2,AYWIEKR,ADWIN,ADWIN_delta=0.05,mod,,,,13.1503929043803,19.581075880510102,1.4890107103938917,11360,64265,845110.0,24640392.0,251.48259754399987,,0.05
S2,AQC0L71,PH,PH_threshold=200_delta=0.5,mod,,,,177.1252970962075,869.1072249446361,4.906736864766252,3124,38708,6856166.0,29237985938.0,138.68189492500096,200.0,0.5
S2,A0VFT1N,KSWIN,KSWIN_alpha=0.01_window_size=100,mod,0.01,100.0,1.0,14.53729637921717,21.431696742455028,1.4742560228113837,7214,64765,941508.0,29747706.0,712.5984733870009,,
S2,A0VFT1N,KSWIN,KSWIN_alpha=1e-05_window_size=300,mod,1e-05,300.0,1.0,1181.2744692349263,2461.7264626510687,2.083958069664749,2388,64765,76505241.0,392482193663.0,687.4063286069995,,
S2,AHYIJDV,ADWIN,ADWIN_delta=1e-05,mod,,,,112.28733107114137,604.6057517085967,5.384452065438615,4158,50983,5724745.0,18636739547.0,171.25527953299752,,1e-05
S2,A3OU183,KSWIN,KSWIN_alpha=0.0001_window_size=300,mod,0.0001,300.0,1.0,111.58482384823849,261.658932445724,2.344932970469125,212,5535,617622.0,378955972.0,40.632204182998976,,
S2,AIFDJZB,PH,PH_threshold=25_delta=2,mod,,,,45.22780822508955,325.3227939987776,7.192981635981842,20480,92692,4192256.0,9810050432.0,417.21211883800015,25.0,2.0
S2,AFPB8J2,PH,PH_threshold=500_delta=2,mod,,,,830.1831516141634,2012.2347458329136,2.423844355212983,1576,56314,46750934.0,228020379494.0,174.29873422699893,500.0,2.0
S2,A0VFT1N,ADWIN,ADWIN_delta=0.05,mod,,,,85.03747394426001,654.5520602896529,7.69721900157448,10739,64765,5507452.0,27747812952.0,176.72317220500008,,0.05
S2,A4G0044,PH,PH_threshold=25_delta=0.005,mod,,,,18.43324280282455,29.12116328385404,1.579817701928809,3490,9205,169678.0,7806228.0,25.019076625998423,25.0,0.005
S2,A3OU183,ADWIN,ADWIN_delta=0.05,mod,,,,14.70713640469738,24.00614194218866,1.6322784586754242,825,5535,81404.0,3189792.0,18.449940211001376,,0.05
S2,AZIK4ZA,KSWIN,KSWIN_alpha=0.005_window_size=100,mod,0.005,100.0,1.0,13.820343388490262,20.46660049883501,1.4809039054615551,5972,54632,755033.0,22884347.0,345.2503256359996,,
S2,AYWIEKR,KSWIN,KSWIN_alpha=0.005_window_size=300,mod,0.005,300.0,1.0,604.8990430249747,1687.4124860318022,2.789577046763708,2581,64265,38873837.0,182985648111.0,337.3173373879981,,
S2,AYWIEKR,PH,PH_threshold=100_delta=5,mod,,,,416.21335096864544,879.2289199135719,2.112447661439401,3512,64265,26747951.0,49679640117.0,206.99662496200108,100.0,5.0
S2,A1ZJ41O,Sem detector (HT),HT,mod,,,,16.82250936203232,21.78044552870531,1.2947203689993383,0,59282,997272.0,28122658.0,206.9257977939997,,
S2,AFPB8J2,PH,PH_threshold=500_delta=0.005,mod,,,,481.2645878467166,1536.813623565799,3.193282161984617,2693,56314,27101934.0,133002186340.0,182.6304803920029,500.0,0.005
S2,APGIB2T,KSWIN,KSWIN_alpha=0.0001_window_size=300,mod,0.0001,300.0,1.0,208.7404761904762,424.97081661397056,2.03588122615081,438,11340,2367117.0,2048006211.0,80.87177206600609,,
S2,AX6281V,KSWIN,KSWIN_alpha=0.0001_window_size=300,mod,0.0001,300.0,1.0,426.1317497610704,1384.9235658875148,3.249989156320864,1932,50224,21402041.0,96330299143.0,209.3854595910016,,
S2,AOYM4KG,KSWIN,KSWIN_alpha=0.01_window_size=100,mod,0.01,100.0,1.0,20.806957958509276,35.343312174153844,1.69862947984185,1251,10894,226671.0,13608237.0,48.16295969099883,,
S2,AQC0L71,PH,PH_threshold=500_delta=0.5,mod,,,,445.7027487857807,1211.312871041623,2.717759480599075,1539,38708,17252262.0,56795430560.0,124.25840365399928,500.0,0.5
S2,A36HR6Y,KSWIN,KSWIN_alpha=0.01_window_size=1000,mod,0.01,1000.0,1.0,632.2719843609793,1123.427402120927,1.7768103441374925,383,31204,19729415.0,39382229145.0,43.391943708000326,,
S2,A1K5DRI,ADWIN,ADWIN_delta=1e-05,mod,,,,243.74342026198772,1098.0308109609189,4.50486339192541,5465,66568,16225512.0,80259151184.0,201.73755429099947,,1e-05
S2,AKXN5ZZ,PH,PH_threshold=500_delta=0.5,mod,,,,821.7028351018814,1996.6888293166176,2.429940294740558,2527,61444,50488709.0,244962867377.0,187.6392375039977,500.0,0.5
S2,A3OU183,PH,PH_threshold=500_delta=2,mod,,,,85.42348690153568,189.9617909567261,2.223765358298797,223,5535,472819.0,199733143.0,11.483774446998725,500.0,2.0
S2,A0NVTRV,Sem detector (HT),HT,mod,,,,11.746354622338874,14.665878746830671,1.2485472487727836,0,27432,322226.0,5900294.0,129.71585007900285,,
S2,ATHKM6V,KSWIN,KSWIN_alpha=0.0001_window_size=1000,mod,0.0001,1000.0,1.0,760.9653478531056,1639.5044157138125,2.154506010476441,416,33793,25715302.0,90834730022.0,133.32774850299757,,
S2,AHYIJDV,KSWIN,KSWIN_alpha=1e-05_window_size=1000,mod,1e-05,1000.0,1.0,515.6856599258576,992.4089637151538,1.924445531135841,613,50983,26291202.0,50211910230.0,275.0172378060015,,
S2,AQC0L71,PH,PH_threshold=200_delta=5,mod,,,,390.542394337088,919.1325780635036,2.3534770908127705,1062,38708,15117115.0,32700700175.0,111.85083863399632,200.0,5.0
S2,A36HR6Y,Sem detector (HT),HT,mod,,,,20.60562748365594,30.82291739749348,1.495849491695496,0,31204,642978.0,29645430.0,77.90487871499863,,
S2,AQC0L71,PH,PH_threshold=50_delta=0.005,mod,,,,10.899271468430298,17.809626013865255,1.6340198576988174,10169,38708,421889.0,12277511.0,174.49969169399992,50.0,0.005
S2,AV2GF3B,KSWIN,KSWIN_alpha=1e-05_window_size=1000,mod,1e-05,1000.0,1.0,133.12910052910053,258.13091301502084,1.9389518293830603,69,5670,754842.0,377800992.0,31.88993771400419,,
S2,AOYM4KG,PH,PH_threshold=25_delta=0.005,mod,,,,20.59821920323113,32.7277308925877,1.588862152095841,3769,10894,224397.0,11668611.0,27.391671845998644,25.0,0.005
S2,AFPB8J2,KSWIN,KSWIN_alpha=1e-05_window_size=1000,mod,1e-05,1000.0,1.0,913.1426643463436,1811.233322840372,1.9835162604486452,677,56314,51422716.0,184741802158.0,308.97508278100213,,
S2,AYWIEKR,ADWIN,ADWIN_delta=0.0001,mod,,,,75.41437796623356,566.0958993497142,7.5064717712474,6395,64265,4846505.0,20594655415.0,167.2539798209982,,0.0001
S2,AYEFCWQ,KSWIN,KSWIN_alpha=0.005_window_size=100,mod,0.005,100.0,1.0,202.1045441840965,1527.5802150382628,7.55836649396064,9463,85868,17354313.0,200373090777.0,472.0001131459994,,
S2,AAXAA7Z,PH,PH_threshold=500_delta=5,mod,,,,627.0290801058247,1276.115465908452,2.035177484420786,1148,46114,28914819.0,75095297045.0,151.411178620001,500.0,5.0
S2,ASFODQR,PH,PH_threshold=100_delta=0.005,mod,,,,23.35444696919697,36.23671505809804,1.551598079196307,20286,106061,2476996.0,139268648.0,207.93909496000012,100.0,0.005
S2,A3OU183,PH,PH_threshold=100_delta=2,mod,,,,29.816260162601623,140.5463960082019,4.713749988822826,618,5535,165033.0,109334457.0,21.293073915003333,100.0,2.0
S2,AYEFCWQ,PH,PH_threshold=25_delta=0.5,mod,,,,13.297875809381845,23.047919057461637,1.7332030609882063,26272,85868,1141862.0,45613646.0,222.0121612790008,25.0,0.5
S2,A3OU183,PH,PH_threshold=200_delta=5,mod,,,,100.4014453477868,238.72335022024848,2.3776883828048474,241,5535,555722.0,315433218.0,17.444364190996566,200.0,5.0
S2,APGIB2T,PH,PH_threshold=500_delta=0.005,mod,,,,197.557671957672,428.1610216890687,2.1672710426594066,643,11340,2240304.0,2078869898.0,21.87962481099385,500.0,0.005
S2,AOYM4KG,PH,PH_threshold=500_delta=0.5,mod,,,,213.5850927115844,330.1321380389725,1.5456703173791628,790,10894,2326796.0,1187306868.0,15.003124353999738,500.0,0.5
S2,AURCTAK,PH,PH_threshold=200_delta=0.005,mod,,,,96.42365980547387,284.8740782228854,2.954400183498463,1261,8842,852578.0,717556952.0,33.894497538,200.0,0.005
S2,AURCTAK,PH,PH_threshold=25_delta=0.5,mod,,,,20.13209681067632,29.788688802083712,1.4796615117748877,3278,8842,178008.0,7846090.0,52.68723622799735,25.0,0.5
S2,AYWIEKR,KSWIN,KSWIN_alpha=0.005_window_size=1000,mod,0.005,1000.0,1.0,762.3349568194196,1557.5220651196664,2.043094116551983,796,64265,48991456.0,155898855804.0,204.11656457599747,,
S2,APGIB2T,PH,PH_threshold=25_delta=0.5,mod,,,,12.792504409171077,20.924132291909075,1.6356556638673778,3796,11340,145067.0,4964871.0,53.100096665999445,25.0,0.5
S2,AMV7EQF,KSWIN,KSWIN_alpha=0.005_window_size=1000,mod,0.005,1000.0,1.0,1145.263816086233,2126.712682797404,1.856963131922848,798,64291,73630156.0,290782203340.0,91.92001421500026,,
S2,AURCTAK,KSWIN,KSWIN_alpha=0.01_window_size=100,mod,0.01,100.0,1.0,18.556887581995024,26.359866645231715,1.42048964454619,1019,8842,164080.0,6143798.0,72.39281053299783,,
S2,A4G0044,KSWIN,KSWIN_alpha=0.0001_window_size=1000,mod,0.0001,1000.0,1.0,149.01401412275936,260.07014513606094,1.7452730648663175,113,9205,1371674.0,622593802.0,13.38925502100028,,
S2,AJWW3IY,KSWIN,KSWIN_alpha=0.0001_window_size=100,mod,0.0001,100.0,1.0,152.94608497224962,896.4666903943064,5.861324862005852,4912,51711,7908995.0,41557675823.0,951.5568192200008,,
S2,A0VFT1N,PH,PH_threshold=200_delta=2,mod,,,,471.9658611904578,1331.0519308891346,2.820229258810734,3690,64765,30566869.0,114744101455.0,207.92063398699972,200.0,2.0
S2,APGIB2T,KSWIN,KSWIN_alpha=0.005_window_size=100,mod,0.005,100.0,1.0,24.54241622574956,144.3306948327329,5.880867372842578,1231,11340,278311.0,236227503.0,118.42584149300092,,
S2,AA2KP1S,KSWIN,KSWIN_alpha=0.001_window_size=1000,mod,0.001,1000.0,1.0,496.2145959451981,1242.5732839104562,2.504104663716272,740,59633,29590765.0,92072658223.0,185.90734181600052,,
S2,AJMQUVV,PH,PH_threshold=25_delta=0.5,mod,,,,13.00589790824816,21.940277741591583,1.686948328856047,20768,67312,875453.0,32402367.0,334.1030192899998,25.0,0.5
S2,A36HR6Y,PH,PH_threshold=25_delta=5,mod,,,,247.76275477502884,887.2620024972912,3.581095162196329,3928,31204,7731189.0,24564845401.0,51.50363264100088,25.0,5.0
S2,ASFODQR,PH,PH_threshold=500_delta=2,mod,,,,772.4493923308285,1674.9660121512193,2.168382846541041,4162,106061,81926755.0,297555317217.0,143.8037974480003,500.0,2.0
S2,A4G0044,PH,PH_threshold=200_delta=5,mod,,,,209.3825095057034,363.3964790387071,1.7355627263069386,434,9205,1927366.0,1215584694.0,11.857434746001672,200.0,5.0
S2,AQC0L71,PH,PH_threshold=100_delta=0.5,mod,,,,190.48630774000208,918.4416577506398,4.821562602831465,5331,38708,7373344.0,32651555826.0,138.40315715999895,100.0,0.5
S2,A4E0D03,KSWIN,KSWIN_alpha=0.01_window_size=100,mod,0.01,100.0,1.0,112.19691623479252,825.1271153007891,7.354276240302899,5971,54414,6105083.0,37046942435.0,659.7449255339998,,
S2,AYEFCWQ,PH,PH_threshold=50_delta=5,mod,,,,506.79201798108727,1668.393242204187,3.292066928856896,8013,85868,43517217.0,239016670161.0,141.01144863599984,50.0,5.0
S2,ASFODQR,KSWIN,KSWIN_alpha=0.005_window_size=1000,mod,0.005,1000.0,1.0,876.7846333713618,1893.4539160938125,2.1595427702846623,1310,106061,92992655.0,380246474863.0,144.46532513300008,,
S2,AIFDJZB,KSWIN,KSWIN_alpha=0.001_window_size=300,mod,0.001,300.0,1.0,1246.8798278168558,2664.57363706855,2.136993138892875,3719,92692,115575785.0,658108812643.0,442.1749580590001,,
S2,A1ZJ41O,KSWIN,KSWIN_alpha=0.01_window_size=100,mod,0.01,100.0,1.0,156.0697682264431,1248.786069636304,8.00146039702211,6732,59282,9252128.0,92448301810.0,301.1165953670006,,
S2,AAXAA7Z,ADWIN,ADWIN_delta=1e-05,mod,,,,72.14154052999089,467.0865341189003,6.474584971258297,4045,46114,3326735.0,10060683557.0,138.60423851600353,,1e-05
S2,AOYM4KG,PH,PH_threshold=50_delta=0.5,mod,,,,26.606847806131817,87.55704636774409,3.2907711204919843,2793,10894,289855.0,83515979.0,23.40231010199932,50.0,0.5
S2,A0VFT1N,PH,PH_threshold=500_delta=2,mod,,,,638.5521037597467,1620.0750202226873,2.537107012386002,1937,64765,41355827.0,169985008503.0,136.67182677799974,500.0,2.0
S2,AJWW3IY,PH,PH_threshold=200_delta=0.005,mod,,,,329.1320028620603,1130.5764412104322,3.4350243409306462,4970,51711,17019745.0,66097159957.0,136.11894592099998,200.0,0.005
S2,A0NVTRV,PH,PH_threshold=100_delta=0.005,mod,,,,10.17887868183144,16.00233173261707,1.5721114508595209,3782,27432,279227.0,7024639.0,110.08311017500093,100.0,0.005
S2,AFPB8J2,ADWIN,ADWIN_delta=0.002,mod,,,,13.018237028092482,17.254167829546127,1.325384365971582,6440,56314,733109.0,16765033.0,205.09332515300048,,0.002
S2,A4E0D03,KSWIN,KSWIN_alpha=0.001_window_size=100,mod,0.001,100.0,1.0,114.32853677362444,851.9729693766043,7.451971252492704,5499,54414,6221073.0,39496833977.0,765.9254183529993,,
S2,A4E0D03,PH,PH_threshold=50_delta=0.5,mod,,,,13.954809424045283,20.46413562408357,1.46645754895242,11352,54414,759337.0,22787541.0,235.586263428002,50.0,0.5
S2,ATHKM6V,ADWIN,ADWIN_delta=0.0001,mod,,,,168.96410499215813,1113.9887446509272,6.593049717291309,3293,33793,5709804.0,41936130408.0,116.44595013999788,,0.0001
S2,AIFDJZB,KSWIN,KSWIN_alpha=0.01_window_size=100,mod,0.01,100.0,1.0,20.516387606265912,48.58621869289188,2.3681663470840824,10633,92692,1901705.0,218810649.0,817.573598191,,
S2,AURCTAK,ADWIN,ADWIN_delta=0.05,mod,,,,18.665007916760917,26.750343251216524,1.433181457544151,1529,8842,165036.0,6327166.0,35.0791811740055,,0.05
S2,AUY8KYW,ADWIN,ADWIN_delta=0.01,mod,,,,17.249840505741794,24.543231555201807,1.422809187541898,10865,68968,1189687.0,41544269.0,247.25627586300016,,0.01
S2,AYWIEKR,PH,PH_threshold=200_delta=5,mod,,,,571.3386135532561,1152.874181227338,2.017847479373762,2363,64265,36717076.0,85415824678.0,201.31938785400047,200.0,5.0
S2,ATHKM6V,KSWIN,KSWIN_alpha=0.001_window_size=300,mod,0.001,300.0,1.0,800.8495250495665,1820.12611985512,2.2727442083985347,1343,33793,27063108.0,111951447302.0,219.67763831499903,,
S2,A0NVTRV,ADWIN,ADWIN_delta=0.0001,mod,,,,10.392643627879847,15.24790645335501,1.4671826533578214,2657,27432,285091.0,6377903.0,82.11314818000392,,0.0001
S2,AIFDJZB,PH,PH_threshold=200_delta=0.5,mod,,,,240.95079402753203,1108.724616631829,4.601456579990109,10132,92692,22334211.0,113943520379.0,314.3269970899996,200.0,0.5
S2,AUY8KYW,PH,PH_threshold=200_delta=0.5,mod,,,,274.8329805127016,978.4056009328556,3.5600006924483285,8108,68968,18954681.0,66021515995.0,251.0998544389995,200.0,0.5
S2,A0NVTRV,PH,PH_threshold=500_delta=0.5,mod,,,,352.5808180227472,1133.0178006768592,3.2134981336499173,894,27432,9671997.0,35215263163.0,90.92893792499672,500.0,0.5
S2,AX6281V,KSWIN,KSWIN_alpha=1e-05_window_size=300,mod,1e-05,300.0,1.0,768.5996734628862,1807.3434032540024,2.351475632446095,1817,50224,38602150.0,164056202664.0,302.38805994299764,,
S2,AAXAA7Z,PH,PH_threshold=25_delta=2,mod,,,,280.18647265472526,880.7019956732287,3.143270934277119,9379,46114,12920519.0,35767678743.0,167.79756853400613,25.0,2.0
S2,A7EM0B6,KSWIN,KSWIN_alpha=0.005_window_size=100,mod,0.005,100.0,1.0,15.370190787393277,22.78538094712617,1.4824396952713743,5207,47435,729085.0,24626999.0,281.0826922470005,,
S2,AJWW3IY,KSWIN,KSWIN_alpha=0.01_window_size=100,mod,0.01,100.0,1.0,11.284794337761792,15.749448735254449,1.3956345382877549,5762,51711,583548.0,12826662.0,573.2151257089972,,
S2,A7EM0B6,PH,PH_threshold=500_delta=2,mod,,,,719.1283018867924,1674.774342885904,2.3288950504266936,1752,47435,34111851.0,133048965739.0,60.702409961999365,500.0,2.0
S2,AOYM4KG,PH,PH_threshold=50_delta=2,mod,,,,79.8090692124105,205.698858029408,2.577387007007235,2250,10894,869440.0,460947148.0,20.814428208999743,50.0,2.0
S2,AA2KP1S,PH,PH_threshold=500_delta=5,mod,,,,529.2551104254355,1124.597093857985,2.124867708795464,1085,59633,31561070.0,75418965676.0,175.10385420199964,500.0,5.0
S2,APGIB2T,PH,PH_threshold=200_delta=5,mod,,,,233.47010582010583,468.71897630434745,2.0076188112301896,454,11340,2647551.0,2491369409.0,36.338883221003925,200.0,5.0
S2,AHYIJDV,PH,PH_threshold=100_delta=2,mod,,,,312.2771315928839,1113.7313974119056,3.566484012873151,4353,50983,15920825.0,63239192145.0,156.02271788899816,100.0,2.0
S2,AJMQUVV,KSWIN,KSWIN_alpha=0.0001_window_size=100,mod,0.0001,100.0,1.0,148.25108450202043,1348.1637705815465,9.09378690287539,6421,67312,9979077.0,122342626217.0,1199.2365671780008,,
S2,A4E0D03,PH,PH_threshold=200_delta=2,mod,,,,422.6179292093946,1414.8402122836003,3.3477997843829983,3203,54414,22996332.0,108924466570.0,168.0430258790002,200.0,2.0
S2,A7EM0B6,PH,PH_threshold=200_delta=0.5,mod,,,,329.0646147359545,1066.1381957662916,3.2399053195731,4725,47435,15609180.0,53917023700.0,71.96999110800243,200.0,0.5
S2,AYWIEKR,PH,PH_threshold=200_delta=0.005,mod,,,,178.6831401229285,1047.3736322028308,5.861625397238206,6942,64265,11483072.0,70498160382.0,224.4012291759973,200.0,0.005
S2,A3OU183,ADWIN,ADWIN_delta=0.0001,mod,,,,24.4196928635953,106.32604234588756,4.354110550849624,493,5535,135163.0,62574433.0,12.724473948001105,,0.0001
S2,AQC0L71,PH,PH_threshold=200_delta=0.005,mod,,,,10.5957166477214,15.732875775897035,1.4848335699200088,3699,38708,410139.0,9581135.0,139.42408463799802,200.0,0.005
S2,AFPB8J2,KSWIN,KSWIN_alpha=0.001_window_size=1000,mod,0.001,1000.0,1.0,1111.2487303334872,2343.6248073322363,2.109001111415364,696,56314,62578861.0,309308994555.0,206.49952255499736,,
S2,A36HR6Y,ADWIN,ADWIN_delta=0.05,mod,,,,13.778682220228175,20.090622786724825,1.4580946469053646,5655,31204,429950.0,12594968.0,54.570962893001706,,0.05
S2,AAXAA7Z,PH,PH_threshold=100_delta=0.5,mod,,,,63.57776380274971,387.58776111178565,6.096278603227984,7449,46114,2931825.0,6927442105.0,184.59604195700376,100.0,0.5
S2,AAXAA7Z,KSWIN,KSWIN_alpha=1e-05_window_size=1000,mod,1e-05,1000.0,1.0,678.0433490913822,1248.0345299325218,1.840641209157145,559,46114,31267291.0,71826713925.0,205.42531728900207,,
S2,AAXAA7Z,ADWIN,ADWIN_delta=0.01,mod,,,,61.72201500628877,376.7897213897231,6.104624441559993,6614,46114,2846249.0,6546827367.0,153.71966560800502,,0.01
S2,A0NVTRV,KSWIN,KSWIN_alpha=0.0001_window_size=300,mod,0.0001,300.0,1.0,1027.4817731116943,2477.8424934955365,2.411568320079754,1065,27432,28185880.0,168424344288.0,183.02406707400223,,
S2,AX6281V,KSWIN,KSWIN_alpha=1e-05_window_size=100,mod,1e-05,100.0,1.0,288.8333266964001,1533.2497543046738,5.308423968388906,4012,50224,14506365.0,118069331931.0,714.4764919980007,,
S2,AHYIJDV,KSWIN,KSWIN_alpha=1e-05_window_size=300,mod,1e-05,300.0,1.0,934.3465861169408,1976.590615353262,2.1154790360692517,1854,50983,47635792.0,199186016018.0,545.0960930240035,,
S2,AHYIJDV,PH,PH_threshold=200_delta=5,mod,,,,511.1299648902576,1123.2763985869822,2.197633626954655,1500,50983,26058939.0,64327793501.0,141.86988843700237,200.0,5.0
S2,AAXAA7Z,KSWIN,KSWIN_alpha=0.001_window_size=100,mod,0.001,100.0,1.0,475.08511514941233,1997.5233668138076,4.204558937161385,4615,46114,21908075.0,183999452999.0,639.9373358289959,,
S2,A1ZJ41O,PH,PH_threshold=100_delta=0.5,mod,,,,150.5421207111771,776.1002158803797,5.15536922300549,7727,59282,8924438.0,35707418656.0,110.06846988799953,100.0,0.5
S2,AZIK4ZA,KSWIN,KSWIN_alpha=0.005_window_size=300,mod,0.005,300.0,1.0,763.708357739054,1716.5385065434675,2.247636141661788,2222,54632,41722915.0,160973430809.0,128.827836253,,
S2,A0NVTRV,PH,PH_threshold=25_delta=2,mod,,,,11.067184310294548,19.65930935086007,1.7763605267306557,3798,27432,303595.0,10602151.0,109.6799330089998,25.0,2.0
S2,AA2KP1S,PH,PH_threshold=100_delta=0.005,mod,,,,8.463954521825164,15.372899671315368,1.816278623860134,9567,59633,504731.0,14092831.0,251.01155165399905,100.0,0.005
S2,AUY8KYW,Sem detector (HT),HT,mod,,,,21.06213026331052,28.26412499110109,1.341940470301629,0,68968,1452613.0,55095829.0,564.385152326,,
S2,AV2GF3B,PH,PH_threshold=50_delta=2,mod,,,,14.968253968253968,21.344391975014627,1.4259774066022497,1222,5670,84870.0,2583156.0,20.37708207000105,50.0,2.0
S2,A0NVTRV,ADWIN,ADWIN_delta=0.002,mod,,,,10.248396033829104,15.060437686825434,1.4695409542246591,3207,27432,281134.0,6222038.0,85.53835873099888,,0.002
S2,AOYM4KG,KSWIN,KSWIN_alpha=0.01_window_size=300,mod,0.01,300.0,1.0,161.6513677253534,291.9029507562058,1.8057561458567464,444,10894,1761030.0,928248682.0,20.64890104999722,,
S2,A7EM0B6,KSWIN,KSWIN_alpha=0.01_window_size=100,mod,0.01,100.0,1.0,124.58208074206809,825.1301635006853,6.623184960355704,5348,47435,5909551.0,32295635283.0,248.6472607309988,,
S2,A36HR6Y,ADWIN,ADWIN_delta=0.01,mod,,,,14.14254582745802,20.80607685874536,1.4711691312571156,4577,31204,441304.0,13507988.0,48.963158242000645,,0.01
S2,AQC0L71,KSWIN,KSWIN_alpha=0.01_window_size=100,mod,0.01,100.0,1.0,10.5957166477214,14.930032990196432,1.4090630663860877,4245,38708,410139.0,8628241.0,377.776874201998,,
S2,AZIK4ZA,ADWIN,ADWIN_delta=0.002,mod,,,,13.718663054620002,19.12781380849364,1.394291392123084,7070,54632,749478.0,19988388.0,87.1862319819993,,0.002
S2,A1K5DRI,KSWIN,KSWIN_alpha=0.01_window_size=1000,mod,0.01,1000.0,1.0,815.5664583583704,1569.2735416918265,1.924151644061688,817,66568,54290628.0,163931651458.0,216.1269124600003,,
S2,A1ZJ41O,PH,PH_threshold=25_delta=2,mod,,,,127.01884214432712,758.5696898171149,5.972103642349206,10113,59282,7529931.0,34112521173.0,120.91190731200186,25.0,2.0
S2,AMV7EQF,PH,PH_threshold=50_delta=0.005,mod,,,,15.064456922430823,24.162335047107582,1.6039300435138897,19395,64291,968509.0,37534271.0,157.55724652999925,50.0,0.005
S2,AYWIEKR,PH,PH_threshold=100_delta=0.5,mod,,,,314.11746673928263,1365.1438642019018,4.345966107433849,9867,64265,20186759.0,119765395987.0,257.0253923400014,100.0,0.5
S2,ASFODQR,KSWIN,KSWIN_alpha=1e-05_window_size=100,mod,1e-05,100.0,1.0,350.77543111982726,2480.955916024631,7.072775616309112,8828,106061,37203593.0,652820542947.0,1341.2085043909997,,
S2,AHYIJDV,KSWIN,KSWIN_alpha=0.001_window_size=1000,mod,0.001,1000.0,1.0,737.2273895219976,1461.2774118428172,1.982125776404317,630,50983,37586064.0,108865614754.0,176.13481335800316,,
S2,APGIB2T,KSWIN,KSWIN_alpha=1e-05_window_size=100,mod,1e-05,100.0,1.0,82.48809523809524,325.0903734068947,3.941058069877205,984,11340,935415.0,1198453735.0,201.40927426899725,,
S2,AHYIJDV,PH,PH_threshold=50_delta=0.5,mod,,,,103.05421414981464,704.0545554408774,6.831885151415166,10874,50983,5254013.0,25271906891.0,236.3269877790008,50.0,0.5
S2,AV2GF3B,PH,PH_threshold=200_delta=2,mod,,,,143.636860670194,338.0204034103461,2.3532984627565625,477,5670,814421.0,647841687.0,19.72009592899849,200.0,2.0
S2,AUY8KYW,PH,PH_threshold=25_delta=2,mod,,,,111.69890383946178,530.041896227248,4.745273928462591,17125,68968,7703650.0,19376174190.0,327.2632944140005,25.0,2.0
S2,ATHKM6V,KSWIN,KSWIN_alpha=0.001_window_size=100,mod,0.001,100.0,1.0,164.04412156363745,1011.299827721742,6.164803822790015,3426,33793,5543543.0,34561025053.0,469.9945079879981,,
S2,AX6281V,PH,PH_threshold=50_delta=0.005,mod,,,,14.92766406498885,23.07113387033844,1.5455287424674282,12178,50224,749727.0,26733091.0,111.12259659600022,50.0,0.005
S2,AAXAA7Z,PH,PH_threshold=200_delta=2,mod,,,,477.54671032658194,1281.7610534594255,2.6840537810068086,3649,46114,22021589.0,75761216215.0,136.3658073609986,200.0,2.0
S2,AMV7EQF,PH,PH_threshold=100_delta=5,mod,,,,537.594375573564,1700.2779554677677,3.162752500253982,4602,64291,34562480.0,185861753086.0,96.61639552799898,100.0,5.0
S2,AYEFCWQ,PH,PH_threshold=100_delta=0.005,mod,,,,12.38647691806028,19.87740058901509,1.6047662883085474,16274,85868,1063602.0,33927396.0,168.96800695099955,100.0,0.005
S2,AJMQUVV,ADWIN,ADWIN_delta=0.05,mod,,,,12.42282208224388,18.708585908951584,1.5059851767250243,11641,67312,836205.0,23559953.0,235.7723152010003,,0.05
S2,A36HR6Y,PH,PH_threshold=200_delta=0.005,mod,,,,186.42122804768616,982.9068951287968,5.272505204597039,3589,31204,5817088.0,30146370516.0,48.74359913599983,200.0,0.005
S2,A1K5DRI,KSWIN,KSWIN_alpha=0.005_window_size=1000,mod,0.005,1000.0,1.0,791.0992218483356,1759.109815802925,2.223627286211856,816,66568,52661893.0,205992502159.0,216.10407698200103,,
S2,AFPB8J2,PH,PH_threshold=25_delta=0.005,mod,,,,13.721703306460205,20.03626803558219,1.4601881113512398,20579,56314,772724.0,22607370.0,339.54141703999994,25.0,0.005
S2,AKXN5ZZ,ADWIN,ADWIN_delta=0.0001,mod,,,,120.84815441703014,780.5772144648366,6.459157098677514,6689,61444,7425394.0,37437877602.0,139.67438278400004,,0.0001
S2,A36HR6Y,KSWIN,KSWIN_alpha=0.01_window_size=300,mod,0.01,300.0,1.0,1045.3017561851043,2231.822051779988,2.135098347031545,1251,31204,32617596.0,155428049848.0,69.43067322200295,,
S2,A1ZJ41O,PH,PH_threshold=100_delta=5,mod,,,,515.089588745319,1322.7686147576917,2.568036014821728,2582,59282,30535541.0,103726711823.0,80.15346840499842,100.0,5.0
