scenario,patient,detector,config_id,features,p_alpha,p_window_size,p_seed,mae,rmse,error_ratio,n_drifts,n_imputed,sae,sse,cpu_s,p_threshold,p_delta
S3,A0VFT1N,KSWIN,KSWIN_alpha=0.005_window_size=100,mod,0.005,100.0,1.0,18.0272614622057,26.532269753829254,1.4717859287421096,7062,52455,945620.0,36926292.0,866.0847343759997,,
S3,A0NVTRV,KSWIN,KSWIN_alpha=0.0001_window_size=1000,mod,0.0001,1000.0,1.0,287.98956326987684,787.8229426596836,2.735595462955752,345,22325,6429367.0,13856345879.0,103.3354991160013,,
S3,AUY8KYW,KSWIN,KSWIN_alpha=0.01_window_size=100,mod,0.01,100.0,1.0,19.62179763186222,28.969440303097056,1.476390738841174,8098,55740,1093719.0,46778595.0,580.1343313870002,,
S3,AA2KP1S,PH,PH_threshold=50_delta=0.5,mod,,,,72.65185108583248,543.3673472941495,7.479057163350228,12133,48350,3512717.0,14275244383.0,258.60226681300264,50.0,0.5
S3,A0NVTRV,KSWIN,KSWIN_alpha=0.0001_window_size=100,mod,0.0001,100.0,1.0,16.05491601343785,24.49043326257373,1.5254164669609864,2692,22325,358426.0,13390118.0,500.4264460649938,,
S3,AA2KP1S,KSWIN,KSWIN_alpha=0.0001_window_size=1000,mod,0.0001,1000.0,1.0,763.4015925542916,2186.5141626039926,2.864172912304335,746,48350,36910467.0,231153816261.0,150.4441573010008,,
S3,A4E0D03,KSWIN,KSWIN_alpha=0.01_window_size=300,mod,0.01,300.0,1.0,1026.5015610859728,2358.226088437137,2.297342914843973,2249,44200,45371369.0,245806378561.0,211.71933585399893,,
S3,AOYM4KG,KSWIN,KSWIN_alpha=0.0001_window_size=100,mod,0.0001,100.0,1.0,36.99977272727273,103.53215135230391,2.7981834406239425,1134,8800,325598.0,94326376.0,83.67575387100078,,
S3,A3OU183,PH,PH_threshold=500_delta=0.5,mod,,,,57.58068812430633,145.08595561667266,2.5196981894946835,276,4505,259401.0,94829955.0,9.691635410003071,500.0,0.5
S3,AX6281V,PH,PH_threshold=25_delta=5,mod,,,,261.45797350343474,801.7785613910982,3.066567642392307,4482,40760,10657027.0,26202519595.0,79.6604807420008,25.0,5.0
S3,A7EM0B6,ADWIN,ADWIN_delta=0.002,mod,,,,16.860109005969374,23.98028215015491,1.4223088440095266,6169,38530,649620.0,22156828.0,76.64717727099924,,0.002
S3,AURCTAK,ADWIN,ADWIN_delta=0.002,mod,,,,76.06508379888268,229.01090823230555,3.0107231438515747,1069,7160,544626.0,375513332.0,16.597961090003082,,0.002
S3,AYEFCWQ,ADWIN,ADWIN_delta=0.0001,mod,,,,359.5040250382124,2072.7692570563745,5.765635744512334,9460,68695,24696129.0,295139301537.0,126.25529539600028,,0.0001
S3,A1ZJ41O,PH,PH_threshold=500_delta=0.005,mod,,,,350.4504694345921,1348.6951951953724,3.8484616595643977,2700,47930,16797091.0,87183650507.0,83.19442437100224,500.0,0.005
S3,A4E0D03,KSWIN,KSWIN_alpha=1e-05_window_size=1000,mod,1e-05,1000.0,1.0,645.8578280542987,1328.1662158321255,2.0564374358259907,666,44200,28546916.0,77969926962.0,286.0621286309979,,
S3,AURCTAK,PH,PH_threshold=50_delta=2,mod,,,,21.59022346368715,30.340171022155285,1.40527359863527,2079,7160,154586.0,6590966.0,27.487564743001712,50.0,2.0
S3,AIFDJZB,PH,PH_threshold=50_delta=2,mod,,,,125.46879432624114,708.1024454392079,5.64365386024206,15866,74730,9376283.0,37470300043.0,325.17739189600024,50.0,2.0
S3,AJWW3IY,KSWIN,KSWIN_alpha=0.01_window_size=1000,mod,0.01,1000.0,1.0,350.1041736227045,725.073546735454,2.0710222881171405,654,41930,14679868.0,22043928008.0,154.39777352099554,,
S3,APGIB2T,KSWIN,KSWIN_alpha=1e-05_window_size=300,mod,1e-05,300.0,1.0,167.09672131147542,363.4394785043572,2.175024594449645,424,9150,1528935.0,1208607529.0,104.1494346269974,,
S3,AYEFCWQ,PH,PH_threshold=100_delta=0.5,mod,,,,116.46217337506368,864.3945775288367,7.422105843285909,14461,68695,8000369.0,51327391725.0,156.2673352540005,100.0,0.5
S3,AX6281V,PH,PH_threshold=500_delta=5,mod,,,,616.2194553483807,2084.3971873580954,3.3825566026305967,801,40760,25117105.0,177090446229.0,62.89732807800101,500.0,5.0
S3,A4G0044,PH,PH_threshold=500_delta=0.5,mod,,,,133.30885906040268,307.96900327770936,2.3101915765265653,499,7450,993151.0,706594557.0,10.610949591002282,500.0,0.5
S3,A4E0D03,KSWIN,KSWIN_alpha=0.0001_window_size=1000,mod,0.0001,1000.0,1.0,780.540407239819,1609.3476306393047,2.061837690543594,678,44200,34499886.0,114477990994.0,197.29904849000013,,
S3,A7EM0B6,ADWIN,ADWIN_delta=0.01,mod,,,,16.750012976901115,23.790419592042287,1.4203224573527289,7247,38530,645378.0,21807366.0,85.86379232800027,,0.01
S3,AFPB8J2,ADWIN,ADWIN_delta=0.05,mod,,,,15.153377860505858,21.207738196749716,1.399538663390906,9465,45665,691979.0,20538663.0,227.50158640099835,,0.05
S3,APGIB2T,KSWIN,KSWIN_alpha=0.0001_window_size=1000,mod,0.0001,1000.0,1.0,104.27158469945356,247.6292586242101,2.3748489038309195,140,9150,954085.0,561080285.0,50.395233060000464,,
S3,AHYIJDV,KSWIN,KSWIN_alpha=0.0001_window_size=1000,mod,0.0001,1000.0,1.0,495.5743769658844,1142.2804290060303,2.304962649601768,634,41330,20482089.0,53927573229.0,215.86809355900184,,
S3,A1K5DRI,PH,PH_threshold=25_delta=0.005,mod,,,,15.623828748474322,25.509879235255404,1.632754662505275,23099,53255,832047.0,34655901.0,371.5051120429998,25.0,0.005
S3,A36HR6Y,PH,PH_threshold=100_delta=0.005,mod,,,,14.477348287602643,21.040764227160764,1.453357604526138,6269,24965,361427.0,11052349.0,61.875871674001246,100.0,0.005
S3,APGIB2T,ADWIN,ADWIN_delta=0.05,mod,,,,20.963934426229507,85.54302914946123,4.080485438002139,1853,9150,191820.0,66956130.0,35.25694100200053,,0.05
S3,AURCTAK,KSWIN,KSWIN_alpha=0.005_window_size=100,mod,0.005,100.0,1.0,43.25600558659218,154.7621111044934,3.577817900792581,1008,7160,309713.0,171491387.0,91.21772221500578,,
S3,AX6281V,ADWIN,ADWIN_delta=1e-05,mod,,,,73.68657998037291,437.8709962390743,5.942343861741245,4043,40760,3003465.0,7814955941.0,68.80134376800197,,1e-05
S3,A4G0044,KSWIN,KSWIN_alpha=0.001_window_size=1000,mod,0.001,1000.0,1.0,125.77664429530202,197.44260367247605,1.5697874973426276,116,7450,937036.0,290427684.0,12.50086717999875,,
S3,AOYM4KG,PH,PH_threshold=500_delta=5,mod,,,,144.27511363636364,219.5549990631877,1.5217801152911394,425,8800,1269621.0,424198699.0,14.04968769399784,500.0,5.0
S3,A4G0044,KSWIN,KSWIN_alpha=0.005_window_size=100,mod,0.005,100.0,1.0,20.29288590604027,28.008057325844383,1.380190942556261,1014,7450,151182.0,5844162.0,57.09460467000099,,
S3,AJWW3IY,ADWIN,ADWIN_delta=0.0001,mod,,,,116.02842833293585,608.3728031696824,5.243308143621468,5138,41930,4865072.0,15519025418.0,178.58009039899844,,0.0001
S3,AYEFCWQ,KSWIN,KSWIN_alpha=0.005_window_size=300,mod,0.005,300.0,1.0,886.4380522599898,2402.3076882170462,2.7100683258038387,3509,68695,60893862.0,396444493712.0,184.83925749599985,,
S3,AJWW3IY,KSWIN,KSWIN_alpha=0.001_window_size=100,mod,0.001,100.0,1.0,12.73016932983544,18.08138186479979,1.4203567443853886,5445,41930,533776.0,13708442.0,797.7256238070004,,
S3,AJWW3IY,KSWIN,KSWIN_alpha=0.0001_window_size=1000,mod,0.0001,1000.0,1.0,386.4043644168853,813.6527808995003,2.105702874571219,646,41930,16201935.0,27758953451.0,189.39135508599796,,
S3,AQC0L71,PH,PH_threshold=25_delta=0.5,mod,,,,12.692541168873102,20.27362389011185,1.597286439364122,11708,30970,393088.0,12729284.0,213.1732174580029,25.0,0.5
S3,A3OU183,KSWIN,KSWIN_alpha=0.005_window_size=1000,mod,0.005,1000.0,1.0,67.7542730299667,115.15323670886676,1.699571577691288,70,4505,305233.0,59737507.0,18.10248198499903,,
S3,ASFODQR,PH,PH_threshold=50_delta=0.5,mod,,,,201.60883590462836,1056.538848253183,5.240538409501962,25423,85560,17249652.0,95508432348.0,254.9723872149998,50.0,0.5
S3,AYWIEKR,ADWIN,ADWIN_delta=0.002,mod,,,,13.309651990001925,18.884562647904104,1.4188622408827818,7914,52010,692235.0,18548155.0,206.87478688899864,,0.002
S3,APGIB2T,PH,PH_threshold=50_delta=2,mod,,,,14.034644808743169,20.711837643705955,1.4757650033866974,2056,9150,128417.0,3925169.0,40.62564836000092,50.0,2.0
S3,APGIB2T,Sem detector (HT),HT,mod,,,,14.357486338797814,18.26644030811845,1.2722589370506725,0,9150,131371.0,3053015.0,38.56606207400182,,
S3,AV2GF3B,KSWIN,KSWIN_alpha=0.001_window_size=300,mod,0.001,300.0,1.0,208.259291084855,424.0259403227532,2.036048130740944,232,4655,969447.0,836959681.0,31.041834789997665,,
S3,AFPB8J2,ADWIN,ADWIN_delta=1e-05,mod,,,,223.1805321362093,1229.6005550929362,5.50944360300431,4589,45665,10191539.0,69041713783.0,187.76353279400064,,1e-05
S3,AYWIEKR,KSWIN,KSWIN_alpha=0.0001_window_size=100,mod,0.0001,100.0,1.0,52.94527975389348,348.6798326364285,6.58566418493213,6392,52010,2753684.0,6323252312.0,1141.669660440999,,
S3,AIFDJZB,KSWIN,KSWIN_alpha=1e-05_window_size=100,mod,1e-05,100.0,1.0,171.0532583968955,959.4548213761864,5.609099939797464,8671,74730,12782810.0,68792967110.0,1862.797622199,,
S3,AZIK4ZA,KSWIN,KSWIN_alpha=1e-05_window_size=1000,mod,1e-05,1000.0,1.0,448.4897710612383,938.0900035763996,2.0916642119989617,679,44335,19883794.0,39015369918.0,108.44306687700008,,
S3,AMV7EQF,PH,PH_threshold=200_delta=0.005,mod,,,,100.51673704414588,552.4561764608926,5.496161064383336,7988,52100,5236922.0,15901327782.0,118.19723379099923,200.0,0.005
S3,AA2KP1S,PH,PH_threshold=25_delta=0.5,mod,,,,9.91050672182006,17.7091957836901,1.7869112327727488,16855,48350,479173.0,15163315.0,286.3685947990016,25.0,0.5
S3,A4G0044,PH,PH_threshold=50_delta=2,mod,,,,67.47530201342282,199.32602176590024,2.9540589788875407,2031,7450,502691.0,295994929.0,18.580774738999025,50.0,2.0
S3,ATHKM6V,Sem detector (HT),HT,mod,,,,13.56935630099728,17.816095893660666,1.3129654420196242,0,27575,374175.0,8752671.0,148.9286590519987,,
S3,A7EM0B6,PH,PH_threshold=200_delta=5,mod,,,,526.7727485076564,1268.3656447257144,2.4078042159906445,2066,38530,20296554.0,61985191778.0,63.6585445769997,200.0,5.0
S3,ATHKM6V,PH,PH_threshold=50_delta=2,mod,,,,86.77624660018132,503.7562058766147,5.80523156524221,3922,27575,2392855.0,6997716435.0,116.15819550499872,50.0,2.0
S3,AIFDJZB,ADWIN,ADWIN_delta=0.01,mod,,,,72.56188946875419,495.8129251147308,6.83296602038226,14645,74730,5422550.0,18370910030.0,373.5256981530001,,0.01
S3,AFPB8J2,ADWIN,ADWIN_delta=0.0001,mod,,,,163.11238366363736,860.903488054904,5.277977482262894,5236,45665,7448527.0,33844834661.0,187.25319104700247,,0.0001
S3,AFPB8J2,KSWIN,KSWIN_alpha=1e-05_window_size=100,mod,1e-05,100.0,1.0,129.15681594218768,665.3159020605584,5.151225641536121,4542,45665,5897946.0,20213395320.0,1391.900008599001,,
S3,AKXN5ZZ,KSWIN,KSWIN_alpha=0.01_window_size=300,mod,0.01,300.0,1.0,913.8908413848632,2179.9034638199173,2.385299605931715,2553,49680,45402097.0,236078322263.0,245.46663521899973,,
S3,AFPB8J2,PH,PH_threshold=200_delta=2,mod,,,,402.2364830833242,1187.450986790982,2.9521215422545315,3173,45665,18368129.0,64389469569.0,156.18697804299882,200.0,2.0
S3,AHYIJDV,PH,PH_threshold=100_delta=0.5,mod,,,,216.65214130171788,869.857083396997,4.014994166088585,6972,41330,8954233.0,31272400111.0,189.66176601300683,100.0,0.5
S3,AZIK4ZA,KSWIN,KSWIN_alpha=0.001_window_size=300,mod,0.001,300.0,1.0,570.1156422690876,1445.736235312448,2.5358648809535347,2236,44335,25276077.0,92666944875.0,149.97729306800102,,
S3,A4E0D03,Sem detector (HT),HT,mod,,,,15.199276018099548,19.16081857139177,1.2606402139532669,0,44200,671808.0,16227454.0,413.97725202999936,,
S3,ASFODQR,PH,PH_threshold=500_delta=5,mod,,,,461.7860565684899,1280.4788741103896,2.772883364269521,2875,85560,39510415.0,140286413141.0,140.28585956799998,500.0,5.0
S3,AJMQUVV,KSWIN,KSWIN_alpha=0.0001_window_size=1000,mod,0.0001,1000.0,1.0,714.9679294336119,1509.241082438812,2.110921371864068,827,53850,38501023.0,122659995529.0,239.99885113600067,,
S3,AHYIJDV,Sem detector (HT),HT,mod,,,,25.571086377933703,32.04731447956357,1.253263705965127,0,41330,1056853.0,42447165.0,320.2423217510004,,
S3,A4E0D03,PH,PH_threshold=25_delta=0.005,mod,,,,14.215927601809955,21.902290216826216,1.540686674152564,18967,44200,628344.0,21203196.0,323.62133959399944,25.0,0.005
S3,AUY8KYW,KSWIN,KSWIN_alpha=0.001_window_size=1000,mod,0.001,1000.0,1.0,420.6808934337998,923.6117535594922,2.19551628794103,867,55740,23448753.0,47549490339.0,192.82585848800045,,
S3,AX6281V,KSWIN,KSWIN_alpha=0.01_window_size=1000,mod,0.01,1000.0,1.0,415.0338567222768,988.8297878118276,2.382528007765668,635,40760,16916780.0,39854490076.0,68.89896678800142,,
S3,A0VFT1N,ADWIN,ADWIN_delta=0.002,mod,,,,54.19725478981984,329.76388496395106,6.084512697973262,7580,52455,2842917.0,5704178051.0,215.23072737300024,,0.002
S3,A7EM0B6,PH,PH_threshold=25_delta=0.5,mod,,,,16.868959252530495,25.920943816065,1.5366059890254715,14075,38530,649961.0,25888127.0,114.2973191860001,25.0,0.5
S3,AV2GF3B,PH,PH_threshold=50_delta=0.5,mod,,,,16.226638023630503,22.725178264979142,1.4004859313361744,1675,4655,75535.0,2403999.0,29.888839806997566,50.0,0.5
S3,AMV7EQF,PH,PH_threshold=25_delta=5,mod,,,,237.18765834932825,1277.193631574159,5.384738988793076,9318,52100,12357477.0,84986748129.0,115.39113193599952,25.0,5.0
S3,AHYIJDV,PH,PH_threshold=500_delta=2,mod,,,,433.9323251875151,1124.3242884565627,2.5910129833510527,1361,41330,17934423.0,52245464015.0,151.6653927590014,500.0,2.0
S3,A0VFT1N,Sem detector (HT),HT,mod,,,,19.47922981603279,26.22550593175312,1.346331768731824,0,52455,1021783.0,36077351.0,508.140983401001,,
S3,A4G0044,KSWIN,KSWIN_alpha=0.005_window_size=300,mod,0.005,300.0,1.0,157.10778523489932,309.24108641996673,1.9683371257357212,377,7450,1170453.0,712443869.0,21.58419963599954,,
S3,AMV7EQF,PH,PH_threshold=25_delta=2,mod,,,,15.67038387715931,24.40517746585989,1.5574077608546752,16071,52100,816427.0,31031421.0,144.96676633700008,25.0,2.0
S3,AZIK4ZA,PH,PH_threshold=200_delta=0.005,mod,,,,146.76661779632346,679.2585984400592,4.628154607900727,6400,44335,6506898.0,20455825118.0,91.86028604900277,200.0,0.005
S3,AJMQUVV,PH,PH_threshold=500_delta=0.005,mod,,,,529.5323119777158,1620.3664636403244,3.0599954469039345,3451,53850,28515315.0,141387885609.0,230.01319250800043,500.0,0.005
S3,A0NVTRV,ADWIN,ADWIN_delta=0.05,mod,,,,15.45231802911534,24.92894897905742,1.613282158190516,4439,22325,344973.0,13873927.0,100.95472326099843,,0.05
S3,A3OU183,PH,PH_threshold=200_delta=2,mod,,,,106.8426193118757,309.1770696176521,2.8937616057049125,396,4505,481326.0,430635024.0,12.039104240997403,200.0,2.0
S3,AZIK4ZA,PH,PH_threshold=100_delta=5,mod,,,,290.2632006315552,778.1013094386133,2.6806750140755664,3715,44335,12868819.0,26842255453.0,80.2484082589981,100.0,5.0
S3,A1K5DRI,KSWIN,KSWIN_alpha=1e-05_window_size=300,mod,1e-05,300.0,1.0,1097.2011454323538,2123.7057687421125,1.935566488955189,2464,53255,58431447.0,240186770365.0,593.1745093580012,,
S3,AV2GF3B,KSWIN,KSWIN_alpha=0.001_window_size=1000,mod,0.001,1000.0,1.0,131.13984962406016,217.40134199588368,1.6577824560506218,72,4655,610456.0,220010864.0,20.46590176999598,,
S3,AUY8KYW,PH,PH_threshold=100_delta=2,mod,,,,257.2591855041263,833.322512032359,3.2392332674123034,9620,55740,14339627.0,38707328041.0,246.90761319099963,100.0,2.0
S3,AJMQUVV,PH,PH_threshold=200_delta=2,mod,,,,264.3236768802228,919.0051470561476,3.4768173547789707,4290,53850,14233830.0,45480119288.0,235.9070315230001,200.0,2.0
S3,AKXN5ZZ,PH,PH_threshold=100_delta=0.5,mod,,,,11.014492753623188,16.90953003838849,1.5352073324326392,8979,49680,547200.0,14205112.0,204.13373473699903,100.0,0.5
S3,A0VFT1N,PH,PH_threshold=500_delta=5,mod,,,,430.2327328186065,998.3041309016186,2.320381632428049,1190,52455,22567858.0,52277237232.0,146.49194483300016,500.0,5.0
S3,ATHKM6V,KSWIN,KSWIN_alpha=0.005_window_size=1000,mod,0.005,1000.0,1.0,292.0121486854034,605.2111035156877,2.0725545366528784,429,27575,8052235.0,10100184231.0,117.10661933099618,,
S3,AYEFCWQ,ADWIN,ADWIN_delta=1e-05,mod,,,,262.3766504112381,1765.2683264634782,6.727993225375319,8357,68695,18023964.0,214065453704.0,137.56372907399964,,1e-05
S3,AOYM4KG,ADWIN,ADWIN_delta=0.05,mod,,,,32.39125,80.11444583730317,2.4733360348027067,1848,8800,285043.0,56481255.0,18.381038055998943,,0.05
S3,AHYIJDV,KSWIN,KSWIN_alpha=0.001_window_size=100,mod,0.001,100.0,1.0,68.23106702153399,403.4281243746081,5.912675002536375,5362,41330,2819990.0,6726633216.0,708.408658676999,,
S3,AKXN5ZZ,PH,PH_threshold=500_delta=5,mod,,,,509.112922705314,1123.2836024485491,2.206354528342489,827,49680,25292730.0,62684537440.0,167.64987332599776,500.0,5.0
S3,A3OU183,KSWIN,KSWIN_alpha=0.001_window_size=100,mod,0.001,100.0,1.0,45.0157602663707,219.6561948845636,4.879539823048575,594,4505,202796.0,217361042.0,76.70858240400412,,
S3,A4E0D03,PH,PH_threshold=100_delta=0.005,mod,,,,14.050588235294118,20.666323404924327,1.4708511173227563,9048,44200,621036.0,18877684.0,217.6235988910012,100.0,0.005
S3,AIFDJZB,PH,PH_threshold=25_delta=5,mod,,,,339.42649538338014,1355.1995921799569,3.992615811117712,12168,74730,25365342.0,137246572296.0,334.062974293,25.0,5.0
S3,AHYIJDV,PH,PH_threshold=500_delta=5,mod,,,,308.6496733607549,742.5545396469884,2.405816703324608,786,41330,12756491.0,22788834809.0,149.1277295300024,500.0,5.0
S3,AURCTAK,ADWIN,ADWIN_delta=0.0001,mod,,,,74.5018156424581,226.930600901902,3.045974100697966,870,7160,533433.0,368722083.0,17.972393545998784,,0.0001
S3,AFPB8J2,Sem detector (HT),HT,mod,,,,15.591306252052997,19.852767492066555,1.2733229128542345,0,45665,711977.0,17998055.0,407.1505671449995,,
S3,A36HR6Y,PH,PH_threshold=500_delta=0.5,mod,,,,598.404005607851,1436.3745550403328,2.4003424802968727,1337,24965,14939156.0,51507085544.0,44.16744240900152,500.0,0.5
S3,AAXAA7Z,Sem detector (HT),HT,mod,,,,27.70005336179296,38.6104626084543,1.3938768313605563,0,37480,1038198.0,55873978.0,289.27343177800503,,
S3,A1K5DRI,KSWIN,KSWIN_alpha=0.01_window_size=100,mod,0.01,100.0,1.0,15.05714017463149,22.814612510110276,1.5152022393036293,7373,53255,801868.0,27719576.0,733.9154680320007,,
S3,AYEFCWQ,KSWIN,KSWIN_alpha=0.001_window_size=300,mod,0.001,300.0,1.0,1084.7588179634618,2906.441939572153,2.6793439163082717,3472,68695,74517507.0,580294469171.0,219.18949567100023,,
S3,A3OU183,PH,PH_threshold=25_delta=0.5,mod,,,,14.673473917869034,22.04687771250488,1.5024988517311275,1947,4505,66104.0,2189722.0,21.64522182100336,25.0,0.5
S3,AHYIJDV,PH,PH_threshold=500_delta=0.5,mod,,,,343.88490200822645,1011.017791373499,2.9399888900889093,2010,41330,14212763.0,42245747755.0,137.9564172829996,500.0,0.5
S3,A7EM0B6,PH,PH_threshold=200_delta=2,mod,,,,249.59826109525045,954.9382950702328,3.825901233766264,3416,38530,9617021.0,35135782389.0,68.04453478600044,200.0,2.0
S3,AV2GF3B,PH,PH_threshold=25_delta=2,mod,,,,17.6921589688507,26.66787009457843,1.5073270674048664,1587,4655,82357.0,3310521.0,18.21842386600474,25.0,2.0
S3,A4E0D03,PH,PH_threshold=100_delta=0.5,mod,,,,15.766470588235292,26.32014007857208,1.6693742541347063,7499,44200,696878.0,30619540.0,222.13768130600147,100.0,0.5
S3,AA2KP1S,KSWIN,KSWIN_alpha=0.005_window_size=1000,mod,0.005,1000.0,1.0,531.064095139607,1559.3058263081796,2.9361913949356087,753,48350,25676949.0,117559865809.0,164.22820286000206,,
S3,ATHKM6V,PH,PH_threshold=50_delta=0.005,mod,,,,12.26099728014506,18.568266635273798,1.5144173194901902,7790,27575,338097.0,9507323.0,158.02005068599829,50.0,0.005
S3,AMV7EQF,KSWIN,KSWIN_alpha=0.01_window_size=100,mod,0.01,100.0,1.0,15.7652783109405,23.134536421373603,1.4674359668816708,7363,52100,821371.0,27884273.0,354.53636090799955,,
S3,AKXN5ZZ,KSWIN,KSWIN_alpha=0.0001_window_size=300,mod,0.0001,300.0,1.0,619.3286030595813,1589.9135474185052,2.56715665894338,2465,49680,30768245.0,125582350385.0,379.3443371839967,,
S3,AAXAA7Z,KSWIN,KSWIN_alpha=0.001_window_size=1000,mod,0.001,1000.0,1.0,429.338393810032,967.5413178434596,2.2535634636756114,582,37480,16091603.0,35086384841.0,150.42865078799514,,
S3,A3OU183,Sem detector (HT),HT,mod,,,,15.23684794672586,19.054125837512004,1.2505293682875147,0,4505,68642.0,1635584.0,17.35851351600286,,
S3,AYEFCWQ,PH,PH_threshold=50_delta=0.005,mod,,,,19.66930635417425,29.765005579925752,1.5132717465458043,24104,68695,1351183.0,60860717.0,220.1030498179989,50.0,0.005
S3,AYEFCWQ,KSWIN,KSWIN_alpha=1e-05_window_size=100,mod,1e-05,100.0,1.0,61.293107213043164,500.2739139368732,8.161993031255804,8054,68695,4210530.0,17192571672.0,869.9781767080003,,
S3,AURCTAK,KSWIN,KSWIN_alpha=1e-05_window_size=100,mod,1e-05,100.0,1.0,74.51969273743016,241.07432064121988,3.2350417961416493,814,7160,533561.0,416116489.0,196.5436956609992,,
S3,AUY8KYW,PH,PH_threshold=50_delta=2,mod,,,,108.30773232866882,502.303851203968,4.637746912470526,13704,55740,6037073.0,14063712519.0,280.2429946880002,50.0,2.0
S3,AIFDJZB,PH,PH_threshold=25_delta=0.005,mod,,,,19.215857085507828,31.42720768876132,1.6354830049429865,33492,74730,1436001.0,73808533.0,560.684993932,25.0,0.005
S3,AFPB8J2,KSWIN,KSWIN_alpha=0.0001_window_size=1000,mod,0.0001,1000.0,1.0,479.8598488995949,1053.7914974887435,2.1960401561107425,699,45665,21912800.0,50709910294.0,254.141069426998,,
S3,A1K5DRI,PH,PH_threshold=200_delta=5,mod,,,,517.2200168998216,1207.6998372338862,2.3349827883165646,1966,53255,27544552.0,77674488952.0,206.205123963,200.0,5.0
S3,APGIB2T,PH,PH_threshold=100_delta=0.5,mod,,,,20.76306010928962,77.50475113234951,3.732819282147772,2001,9150,189982.0,54963926.0,49.28122145100497,100.0,0.5
S3,A0NVTRV,PH,PH_threshold=50_delta=5,mod,,,,375.2697424412094,1031.6961181588133,2.74921210393199,1206,22325,8377897.0,23762660351.0,80.68868892799946,50.0,5.0
S3,AV2GF3B,PH,PH_threshold=500_delta=0.005,mod,,,,139.6577873254565,309.86707347238683,2.218759722651749,354,4655,650107.0,446961943.0,15.33467983000446,500.0,0.005
S3,AV2GF3B,KSWIN,KSWIN_alpha=1e-05_window_size=100,mod,1e-05,100.0,1.0,60.57228786251343,194.03369545815272,3.2033410377129736,524,4655,281964.0,175256444.0,110.92931078399852,,
S3,A7EM0B6,PH,PH_threshold=500_delta=5,mod,,,,438.2401764858552,941.0615332948128,2.147364809956412,1093,38530,16885394.0,34122045068.0,60.01739162099693,500.0,5.0
S3,AA2KP1S,PH,PH_threshold=50_delta=2,mod,,,,236.63782833505687,1044.775055793284,4.415080476118893,7552,48350,11441439.0,52776680247.0,168.28081439200105,50.0,2.0
S3,AUY8KYW,ADWIN,ADWIN_delta=0.05,mod,,,,18.799372084678865,26.690636540515968,1.4197621293036875,13432,55740,1047877.0,39708623.0,289.59018980200017,,0.05
S3,AIFDJZB,KSWIN,KSWIN_alpha=0.005_window_size=1000,mod,0.005,1000.0,1.0,809.2682456844641,1684.318808933488,2.0812861716931974,1165,74730,60476616.0,212003767700.0,300.8754707510002,,
S3,A1ZJ41O,KSWIN,KSWIN_alpha=0.001_window_size=300,mod,0.001,300.0,1.0,806.8663467556854,2431.200826649959,3.0131394578860937,2417,47930,38673104.0,283301646434.0,162.96337879400016,,
S3,APGIB2T,PH,PH_threshold=500_delta=2,mod,,,,181.24393442622952,383.3851130626133,2.1152989989778663,445,9150,1658382.0,1344904926.0,37.64712506499927,500.0,2.0
S3,AFPB8J2,KSWIN,KSWIN_alpha=0.005_window_size=300,mod,0.005,300.0,1.0,954.7942187671084,2611.9831895856832,2.7356504032444224,2290,45665,43600678.0,311547461582.0,358.99828819499817,,
S3,AURCTAK,KSWIN,KSWIN_alpha=0.001_window_size=100,mod,0.001,100.0,1.0,45.05125698324022,170.47843578306058,3.784099428046619,974,7160,322567.0,208090343.0,106.55371280299732,,
S3,A0VFT1N,PH,PH_threshold=200_delta=5,mod,,,,504.2742922505004,1215.3750238560513,2.410146704945071,2200,52455,26451708.0,77483192412.0,210.86787517899936,200.0,5.0
S3,AMV7EQF,PH,PH_threshold=100_delta=0.005,mod,,,,15.517773512476008,23.623801394408492,1.5223705498353477,13400,52100,808476.0,29076176.0,134.8477834739988,100.0,0.005
S3,AV2GF3B,KSWIN,KSWIN_alpha=0.0001_window_size=300,mod,0.0001,300.0,1.0,186.36305048335123,370.973606838814,1.99059634340958,223,4655,867520.0,640627696.0,51.37126988999808,,
S3,A4E0D03,KSWIN,KSWIN_alpha=0.001_window_size=1000,mod,0.001,1000.0,1.0,761.9686877828054,1601.29012144323,2.1015169614157005,685,44200,33679016.0,113334548344.0,201.23371425699952,,
S3,A0VFT1N,KSWIN,KSWIN_alpha=0.001_window_size=300,mod,0.001,300.0,1.0,806.0327328186064,2004.0431211424425,2.486304885081437,2616,52455,42280447.0,210669185151.0,333.4897428250006,,
S3,A7EM0B6,PH,PH_threshold=100_delta=0.005,mod,,,,18.71824552296912,30.201221522795816,1.6134643327407991,8726,38530,721214.0,35143744.0,93.34743495600196,100.0,0.005
S3,AX6281V,ADWIN,ADWIN_delta=0.01,mod,,,,16.3389842983317,22.037519861560536,1.3487692661416346,6643,40760,665977.0,19795187.0,79.43089203800264,,0.01
S3,AKXN5ZZ,PH,PH_threshold=200_delta=0.005,mod,,,,179.5981078904992,794.7837114758802,4.425345683265545,6293,49680,8922434.0,31381919434.0,224.0314171450009,200.0,0.005
S3,A7EM0B6,ADWIN,ADWIN_delta=0.05,mod,,,,16.845289384894887,24.057998848422717,1.4281736750687963,8688,38530,649049.0,22300675.0,84.29980321699986,,0.05
S3,AKXN5ZZ,KSWIN,KSWIN_alpha=0.001_window_size=100,mod,0.001,100.0,1.0,11.188446054750402,14.966025668681048,1.3376321962357547,6845,49680,555842.0,11127422.0,746.8609499529994,,
S3,A0NVTRV,KSWIN,KSWIN_alpha=0.01_window_size=1000,mod,0.01,1000.0,1.0,386.8427771556551,858.4217450952693,2.219045554907346,348,22325,8636265.0,16451022199.0,71.96200057699753,,
S3,A7EM0B6,PH,PH_threshold=200_delta=0.005,mod,,,,253.0899818323384,1090.3844690022738,4.308287752474565,5483,38530,9751557.0,45809792323.0,76.94076594600119,200.0,0.005
S3,AQC0L71,KSWIN,KSWIN_alpha=0.005_window_size=1000,mod,0.005,1000.0,1.0,530.2833064255732,1209.8643562041586,2.281543359076054,482,30970,16422874.0,45333011420.0,115.139957555999,,
S3,AUY8KYW,KSWIN,KSWIN_alpha=0.005_window_size=1000,mod,0.005,1000.0,1.0,521.3281844277001,1078.348568880424,2.0684639754595384,868,55740,29058833.0,64816458351.0,205.6734033980001,,
S3,A3OU183,PH,PH_threshold=50_delta=2,mod,,,,15.980910099889012,25.924658191203672,1.6222266459895622,958,4505,71994.0,3027756.0,12.902118002995849,50.0,2.0
S3,A0VFT1N,KSWIN,KSWIN_alpha=0.0001_window_size=1000,mod,0.0001,1000.0,1.0,854.5280907444476,1971.423339167244,2.3070316359638685,806,52455,44824271.0,203866881117.0,232.95258034700052,,
S3,AJWW3IY,PH,PH_threshold=100_delta=2,mod,,,,332.7611972334844,968.685418760866,2.911052811488656,4496,41930,13952677.0,39345075901.0,122.03954330499982,100.0,2.0
S3,AZIK4ZA,ADWIN,ADWIN_delta=1e-05,mod,,,,157.78326378707567,849.9074977496228,5.386550368843621,5361,44335,6995321.0,32025066031.0,78.50542299399967,,1e-05
S3,AUY8KYW,KSWIN,KSWIN_alpha=1e-05_window_size=300,mod,1e-05,300.0,1.0,812.4947972730535,1705.05406889679,2.0985415225050064,2638,55740,45288460.0,162047850722.0,639.5130981000002,,
S3,ATHKM6V,KSWIN,KSWIN_alpha=0.01_window_size=1000,mod,0.01,1000.0,1.0,904.000797824116,2360.4822637694742,2.6111506421797803,430,27575,24927822.0,153644494972.0,116.13812418500312,,
S3,AYWIEKR,PH,PH_threshold=500_delta=0.005,mod,,,,506.1357623533936,1299.9891191253337,2.56845932617118,3354,52010,26324121.0,87895428629.0,185.7152443779996,500.0,0.005
S3,ASFODQR,KSWIN,KSWIN_alpha=0.005_window_size=100,mod,0.005,100.0,1.0,28.977980364656386,56.39723574869164,1.94621002012541,11539,85560,2479356.0,272136260.0,728.2032665060005,,
S3,AZIK4ZA,PH,PH_threshold=500_delta=0.5,mod,,,,486.2579903011165,1201.6568851971597,2.471233191362121,2976,44335,21558248.0,64018820924.0,76.7606332840005,500.0,0.5
S3,AV2GF3B,PH,PH_threshold=50_delta=5,mod,,,,95.73941997851772,252.48457706191743,2.637206044475417,755,4655,445667.0,296749089.0,13.227402737000377,50.0,5.0
S3,AYWIEKR,PH,PH_threshold=50_delta=0.005,mod,,,,14.05535473947318,23.34137165721464,1.6606746745183552,18207,52010,731019.0,28336069.0,260.847360906002,50.0,0.005
S3,ATHKM6V,ADWIN,ADWIN_delta=0.002,mod,,,,12.380961015412511,18.013937386456945,1.4549708511344306,3993,27575,341405.0,8948141.0,106.0309759419979,,0.002
S3,A4G0044,KSWIN,KSWIN_alpha=0.001_window_size=300,mod,0.001,300.0,1.0,127.0055033557047,272.3009830484046,2.144009321279334,369,7450,946191.0,552401299.0,27.72456074900037,,
S3,AAXAA7Z,PH,PH_threshold=100_delta=0.005,mod,,,,24.02825506937033,38.469626197922665,1.6010162238938963,8715,37480,900579.0,55467107.0,197.4973471109988,100.0,0.005
S3,A0NVTRV,ADWIN,ADWIN_delta=1e-05,mod,,,,14.516058230683091,21.08864349972408,1.4527803047213113,2369,22325,324071.0,9928617.0,53.98515368699736,,1e-05
S3,A0NVTRV,KSWIN,KSWIN_alpha=0.001_window_size=100,mod,0.001,100.0,1.0,26.63068309070549,287.5362908688734,10.797180451192704,2935,22325,594530.0,1845766672.0,353.68829466800526,,
S3,A7EM0B6,KSWIN,KSWIN_alpha=0.001_window_size=1000,mod,0.001,1000.0,1.0,429.8490007786141,968.2281839232244,2.252484435626018,597,38530,16562082.0,36120557896.0,71.02810216500075,,
S3,AX6281V,KSWIN,KSWIN_alpha=0.005_window_size=100,mod,0.005,100.0,1.0,283.8877330716389,2072.206686676352,7.299387910337893,5397,40760,11571264.0,175025092912.0,409.2844737179985,,
S3,ATHKM6V,PH,PH_threshold=25_delta=0.005,mod,,,,11.98825022665458,18.005557719609733,1.501933758404235,10664,27575,330576.0,8939818.0,170.51373004600464,25.0,0.005
S3,AIFDJZB,ADWIN,ADWIN_delta=0.002,mod,,,,73.44852134350327,495.879883437855,6.75139368863165,12384,74730,5488808.0,18375872258.0,309.731027197,,0.002
S3,AHYIJDV,PH,PH_threshold=100_delta=0.005,mod,,,,19.02528429712073,27.28210422131698,1.4339919338522489,8521,41330,786315.0,30762465.0,206.8175406809969,100.0,0.005
S3,A1ZJ41O,ADWIN,ADWIN_delta=1e-05,mod,,,,304.8403296474025,1409.9406059510516,4.625177408717139,5343,47930,14610997.0,95281605315.0,83.41228594399945,,1e-05
S3,AMV7EQF,KSWIN,KSWIN_alpha=1e-05_window_size=100,mod,1e-05,100.0,1.0,391.814452975048,2578.9758615565524,6.582135605193691,5563,52100,20413533.0,346523169363.0,875.5453770650001,,
S3,A1K5DRI,PH,PH_threshold=50_delta=0.5,mod,,,,16.3954933809032,27.40855144186907,1.6717125130124737,15039,53255,873142.0,40006684.0,262.13019004500165,50.0,0.5
S3,A0VFT1N,KSWIN,KSWIN_alpha=0.0001_window_size=300,mod,0.0001,300.0,1.0,903.1984176913544,2192.4944239053752,2.4274781498284304,2539,52455,47377273.0,252152853009.0,538.0974665119993,,
S3,AV2GF3B,KSWIN,KSWIN_alpha=0.005_window_size=300,mod,0.005,300.0,1.0,215.55896885069816,630.8531002989687,2.92659175195774,235,4655,1003427.0,1852576577.0,31.830417530996783,,
S3,AV2GF3B,PH,PH_threshold=50_delta=0.005,mod,,,,17.144360902255638,24.86081988186856,1.4500872924693091,1862,4655,79807.0,2877071.0,32.08343792999949,50.0,0.005
S3,AQC0L71,PH,PH_threshold=100_delta=5,mod,,,,716.0750403616403,1618.2806797773133,2.259931695091664,1735,30970,22176844.0,81105238144.0,122.25859680799476,100.0,5.0
S3,AAXAA7Z,PH,PH_threshold=100_delta=5,mod,,,,286.4018143009605,871.9397980782765,3.0444632489723453,3573,37480,10734340.0,28495257350.0,145.22093843699986,100.0,5.0
S3,A7EM0B6,PH,PH_threshold=50_delta=0.5,mod,,,,16.790033739942903,25.499141728939342,1.5187069974896938,10718,38530,646920.0,25052446.0,100.17501449200064,50.0,0.5
S3,A7EM0B6,Sem detector (HT),HT,mod,,,,22.491045938229952,28.79954886891816,1.2804895311678282,0,38530,866580.0,31957322.0,148.2466235619977,,
S3,A1ZJ41O,PH,PH_threshold=200_delta=0.005,mod,,,,331.3837262674734,1348.426916806656,4.069080072200906,5723,47930,15883222.0,87148969338.0,92.64221986399934,200.0,0.005
S3,AYWIEKR,KSWIN,KSWIN_alpha=1e-05_window_size=100,mod,1e-05,100.0,1.0,179.15535473947318,859.9119149990845,4.799811405299965,5760,52010,9317870.0,38458716566.0,1418.144931617,,
S3,APGIB2T,PH,PH_threshold=500_delta=5,mod,,,,124.28273224043716,307.44311109110424,2.4737395577715926,269,9150,1137187.0,864869589.0,20.083229308998853,500.0,5.0
S3,AZIK4ZA,PH,PH_threshold=50_delta=0.005,mod,,,,13.96179091011616,23.55150277496719,1.6868539950632482,14502,44335,618996.0,24591440.0,129.10237225899982,50.0,0.005
S3,ATHKM6V,ADWIN,ADWIN_delta=0.01,mod,,,,12.312058023572076,17.961781729582913,1.4588772807270844,4669,27575,339505.0,8896401.0,120.05991004300448,,0.01
S3,AUY8KYW,PH,PH_threshold=25_delta=0.005,mod,,,,20.586616433440977,32.22259546365043,1.5652205678300746,25280,55740,1147498.0,57874600.0,312.59224999599974,25.0,0.005
S3,A0NVTRV,KSWIN,KSWIN_alpha=0.001_window_size=300,mod,0.001,300.0,1.0,1063.6860470324748,2136.3170156917618,2.0084093625668658,1117,22325,23746791.0,101887959991.0,177.3676537680003,,
S3,AA2KP1S,PH,PH_threshold=25_delta=5,mod,,,,351.3557394002068,1094.4153446276052,3.114835541027058,5429,48350,16988050.0,57910968166.0,176.54152176199932,25.0,5.0
S3,AAXAA7Z,KSWIN,KSWIN_alpha=0.01_window_size=100,mod,0.01,100.0,1.0,23.56141942369264,36.28457207626593,1.5399994127594572,5087,37480,883082.0,49345050.0,609.9624760419974,,
S3,ATHKM6V,PH,PH_threshold=50_delta=5,mod,,,,333.9882502266546,1241.9051643956857,3.718409745111964,1925,27575,9209726.0,42529706660.0,98.99807580500055,50.0,5.0
S3,AURCTAK,ADWIN,ADWIN_delta=1e-05,mod,,,,87.84329608938548,254.57367363351332,2.898043276682951,742,7160,628958.0,464023528.0,28.61896594200516,,1e-05
S3,AQC0L71,KSWIN,KSWIN_alpha=0.001_window_size=100,mod,0.001,100.0,1.0,11.430255085566678,15.845601295008892,1.3862858856945024,4001,30970,353995.0,7776043.0,558.017218131994,,
S3,AX6281V,KSWIN,KSWIN_alpha=0.0001_window_size=1000,mod,0.0001,1000.0,1.0,648.1850343473994,1355.2561093872268,2.0908475783488507,627,40760,26420022.0,74864671414.0,98.61329276700052,,
S3,A4G0044,PH,PH_threshold=25_delta=5,mod,,,,119.12053691275167,274.2760193037311,2.3025082526669696,1728,7450,887448.0,560443644.0,17.299734008000087,25.0,5.0
S3,AIFDJZB,KSWIN,KSWIN_alpha=0.001_window_size=1000,mod,0.001,1000.0,1.0,529.7411481332798,1139.9523956339235,2.1519045663168272,1163,74730,39587556.0,97110997128.0,290.30093061200023,,
S3,AOYM4KG,KSWIN,KSWIN_alpha=1e-05_window_size=300,mod,1e-05,300.0,1.0,132.09522727272727,254.8593934987397,1.9293611038084693,420,8800,1162438.0,571589132.0,46.11215990900018,,
S3,AV2GF3B,KSWIN,KSWIN_alpha=0.01_window_size=100,mod,0.01,100.0,1.0,16.211170784103114,21.717683746787007,1.3396739838237748,671,4655,75463.0,2195567.0,31.64643177599646,,
S3,AKXN5ZZ,KSWIN,KSWIN_alpha=0.0001_window_size=100,mod,0.0001,100.0,1.0,11.819766505636071,16.80562841841513,1.4218240614483906,6430,49680,587206.0,14031080.0,929.4872867090016,,
S3,AKXN5ZZ,PH,PH_threshold=50_delta=0.5,mod,,,,11.329166666666667,19.50618476179677,1.7217669521262322,13638,49680,562833.0,18902805.0,220.91970540200052,50.0,0.5
S3,AKXN5ZZ,PH,PH_threshold=100_delta=0.005,mod,,,,11.123228663446056,17.308496698760827,1.556067687041375,10709,49680,552602.0,14883336.0,166.48879430300076,100.0,0.005
S3,AJMQUVV,KSWIN,KSWIN_alpha=0.001_window_size=1000,mod,0.001,1000.0,1.0,797.0370844939647,1935.9533833458888,2.4289376504670632,836,53850,42920447.0,201825249809.0,218.19527287200071,,
S3,AYEFCWQ,KSWIN,KSWIN_alpha=0.01_window_size=1000,mod,0.01,1000.0,1.0,720.7942062741103,1674.5862992308232,2.3232516086484694,1072,68695,49514958.0,192637216898.0,109.98446351299935,,
S3,A0VFT1N,PH,PH_threshold=50_delta=0.5,mod,,,,53.16032790010485,312.94794241244807,5.886870054686605,14262,52455,2788525.0,5137254631.0,283.3021897270009,50.0,0.5
S3,AYWIEKR,PH,PH_threshold=500_delta=2,mod,,,,420.7684291482407,1194.2809555575843,2.838333089711985,2093,52010,21884166.0,74182227112.0,159.22004153599846,500.0,2.0
S3,AURCTAK,PH,PH_threshold=100_delta=0.005,mod,,,,22.76927374301676,31.948229770597,1.403129064685051,2190,7160,163028.0,7308136.0,37.92001644999982,100.0,0.005
S3,ATHKM6V,PH,PH_threshold=100_delta=0.5,mod,,,,95.66614687216682,564.5456730931162,5.901206346770568,4150,27575,2637994.0,8788478354.0,103.74662028499732,100.0,0.5
S3,A0NVTRV,KSWIN,KSWIN_alpha=1e-05_window_size=300,mod,1e-05,300.0,1.0,660.2517805151176,2161.721875830341,3.274087158301642,1038,22325,14740121.0,104325650783.0,299.10132681000687,,
S3,AFPB8J2,PH,PH_threshold=50_delta=2,mod,,,,129.6159640862805,565.963271300132,4.366462690686707,8371,45665,5918913.0,14627158193.0,235.45947181500011,50.0,2.0
S3,A4E0D03,KSWIN,KSWIN_alpha=1e-05_window_size=300,mod,1e-05,300.0,1.0,1021.280294117647,2252.815161227416,2.2058735238534832,2000,44200,45140589.0,224322785859.0,638.1051785480013,,
S3,AKXN5ZZ,PH,PH_threshold=200_delta=2,mod,,,,377.68858695652176,1151.326707629632,3.048349215175435,3546,49680,18763569.0,65853482365.0,119.61373744699812,200.0,2.0
S3,AKXN5ZZ,PH,PH_threshold=100_delta=5,mod,,,,529.2589573268921,1371.994288118735,2.59229299594326,2809,49680,26293585.0,93516058467.0,187.6753953339976,100.0,5.0
S3,A1K5DRI,KSWIN,KSWIN_alpha=1e-05_window_size=1000,mod,1e-05,1000.0,1.0,569.7485306543987,1346.4325554386094,2.3632049632355017,814,53255,30341958.0,96544957756.0,280.92051251999874,,
S3,AA2KP1S,PH,PH_threshold=200_delta=0.5,mod,,,,52.60492244053775,399.47337370321486,7.593840180161119,4848,48350,2543448.0,7715643504.0,200.6047748609999,200.0,0.5
S3,AMV7EQF,KSWIN,KSWIN_alpha=0.001_window_size=100,mod,0.001,100.0,1.0,405.0380422264875,2670.280395630015,6.5926656690110566,6872,52100,21102482.0,371493704086.0,486.52204709599937,,
S3,AJMQUVV,PH,PH_threshold=500_delta=2,mod,,,,746.2821355617456,1911.4036377361467,2.5612346144362474,2107,53850,40187293.0,196739029203.0,216.4288836320011,500.0,2.0
S3,AIFDJZB,PH,PH_threshold=25_delta=0.5,mod,,,,15.972153084437307,22.671954401690776,1.4194676373207014,29272,74730,1193599.0,38412529.0,471.8623586439999,25.0,0.5
S3,AIFDJZB,KSWIN,KSWIN_alpha=1e-05_window_size=1000,mod,1e-05,1000.0,1.0,683.2640974173692,1582.3504605009127,2.3158694661141257,1147,74730,51060326.0,187111438584.0,326.08255932600014,,
S3,ATHKM6V,PH,PH_threshold=25_delta=5,mod,,,,169.4069990933817,769.1579053566439,4.540295911461506,2717,27575,4671398.0,16313477084.0,126.45703759699973,25.0,5.0
S3,AZIK4ZA,PH,PH_threshold=100_delta=0.5,mod,,,,13.302221720987934,19.39637531116209,1.458130507669929,8672,44335,589754.0,16679686.0,99.7731837499996,100.0,0.5
S3,ATHKM6V,PH,PH_threshold=25_delta=2,mod,,,,12.472964641885769,19.575743126336807,1.569453909986967,5427,27575,343942.0,10567008.0,129.6382008590008,25.0,2.0
S3,AHYIJDV,KSWIN,KSWIN_alpha=0.01_window_size=1000,mod,0.01,1000.0,1.0,570.7832325187516,1169.3612089284163,2.0486957960700085,644,41330,23590471.0,56514874975.0,161.37937911100016,,
S3,AOYM4KG,KSWIN,KSWIN_alpha=0.001_window_size=1000,mod,0.001,1000.0,1.0,107.67272727272729,169.1562786032759,1.5710225132016504,136,8800,947520.0,251801850.0,16.611184625002352,,
S3,A4G0044,PH,PH_threshold=500_delta=5,mod,,,,115.868322147651,251.72366733779043,2.1724977342557783,260,7450,863219.0,472067795.0,10.082228455001314,500.0,5.0
S3,ASFODQR,PH,PH_threshold=200_delta=5,mod,,,,479.9114422627396,1311.1201165478176,2.7320042847197046,5290,85560,41061223.0,147080716739.0,149.84021500500057,200.0,5.0
S3,ASFODQR,KSWIN,KSWIN_alpha=0.0001_window_size=100,mod,0.0001,100.0,1.0,135.20944366526413,935.773732880516,6.920919926253052,10079,85560,11568520.0,74922537316.0,1115.893283425,,
S3,A36HR6Y,KSWIN,KSWIN_alpha=0.0001_window_size=300,mod,0.0001,300.0,1.0,1281.815782094933,2786.7329915283417,2.174051084761845,1201,24965,32000531.0,193875213325.0,129.73332431699964,,
S3,AUY8KYW,PH,PH_threshold=200_delta=2,mod,,,,489.8021528525296,1196.129587816628,2.442066824023864,6061,55740,27301572.0,79748666730.0,236.7143289550004,200.0,2.0
S3,APGIB2T,KSWIN,KSWIN_alpha=0.001_window_size=1000,mod,0.001,1000.0,1.0,109.53868852459016,240.56455389388503,2.1961606180804427,142,9150,1002279.0,529522437.0,38.72853585000121,,
S3,A4G0044,ADWIN,ADWIN_delta=0.0001,mod,,,,71.57489932885906,190.5216558354506,2.661850140509133,757,7450,533233.0,270423835.0,11.916870877001202,,0.0001
S3,AUY8KYW,PH,PH_threshold=25_delta=5,mod,,,,327.8766415500538,993.4475287569315,3.0299429811784,11152,55740,18275844.0,55011923696.0,284.02147111699924,25.0,5.0
S3,AJWW3IY,KSWIN,KSWIN_alpha=1e-05_window_size=100,mod,1e-05,100.0,1.0,63.79110422132125,436.5155431247078,6.84289053235747,4392,41930,2674761.0,7989586207.0,1326.583786064999,,
S3,AYWIEKR,KSWIN,KSWIN_alpha=0.01_window_size=1000,mod,0.01,1000.0,1.0,371.770447990771,807.954864009423,2.173262744190684,811,52010,19335781.0,33951663149.0,143.3352450679995,,
S3,APGIB2T,KSWIN,KSWIN_alpha=0.01_window_size=1000,mod,0.01,1000.0,1.0,100.65420765027322,234.05314561585703,2.325319041098445,142,9150,920986.0,501245006.0,36.67275764999795,,
S3,AYWIEKR,PH,PH_threshold=25_delta=0.005,mod,,,,13.682214958661795,22.631559026042385,1.6540859133129633,23683,52010,711612.0,26638870.0,325.9417726140018,25.0,0.005
S3,AV2GF3B,PH,PH_threshold=200_delta=0.005,mod,,,,42.75660580021482,192.9231855731352,4.51212583324764,817,4655,199032.0,173256100.0,23.47186356200109,200.0,0.005
S3,AYEFCWQ,PH,PH_threshold=500_delta=5,mod,,,,815.3385835941481,2008.660825696193,2.4635910358144493,1806,68695,56009684.0,277164974490.0,106.49891667799966,500.0,5.0
S3,A7EM0B6,PH,PH_threshold=50_delta=2,mod,,,,221.64531533869712,935.4278412842306,4.220381738521292,7312,38530,8539994.0,33714722738.0,84.93445103599879,50.0,2.0
S3,A4G0044,PH,PH_threshold=100_delta=5,mod,,,,162.97879194630872,324.6358029604227,1.9918898593098533,787,7450,1214192.0,785143614.0,14.83550510799978,100.0,5.0
S3,AZIK4ZA,PH,PH_threshold=200_delta=5,mod,,,,310.6387955340025,711.158961659976,2.289343674660664,2608,44335,13772171.0,22422296293.0,76.84846370599917,200.0,5.0
S3,A3OU183,PH,PH_threshold=100_delta=5,mod,,,,116.5103218645949,273.30419076209625,2.3457508861723246,331,4505,524879.0,336501789.0,17.848730723999324,100.0,5.0
S3,AUY8KYW,KSWIN,KSWIN_alpha=0.0001_window_size=100,mod,0.0001,100.0,1.0,61.764029422317904,405.345469850396,6.562808055782835,7121,55740,3442727.0,9158357909.0,1098.909204564,,
S3,AA2KP1S,PH,PH_threshold=50_delta=0.005,mod,,,,11.854974146845915,22.46113591696678,1.8946592070757653,14897,48350,573188.0,24392702.0,265.5239235759982,50.0,0.005
S3,A36HR6Y,ADWIN,ADWIN_delta=0.002,mod,,,,25.066372922090927,457.7188809778389,18.26027572479194,3935,24965,625782.0,5230331620.0,47.4292862839975,,0.002
S3,AJMQUVV,PH,PH_threshold=100_delta=2,mod,,,,178.6573816155989,846.6724075796564,4.739084385560769,6935,53850,9620700.0,38602596826.0,237.230723906001,100.0,2.0
S3,A0NVTRV,KSWIN,KSWIN_alpha=1e-05_window_size=1000,mod,1e-05,1000.0,1.0,325.34754759238524,746.4723985464656,2.2943845867917547,342,22325,7263384.0,12439959758.0,113.02529411399884,,
S3,A4G0044,PH,PH_threshold=50_delta=5,mod,,,,163.0248322147651,317.79590618284743,1.949371159383808,1243,7450,1214535.0,752407073.0,15.145372923998366,50.0,5.0
S3,A0VFT1N,KSWIN,KSWIN_alpha=0.001_window_size=1000,mod,0.001,1000.0,1.0,661.2148889524354,1340.1427747573553,2.0267885632166376,815,52455,34684027.0,94208270259.0,224.50583493799968,,
S3,AUY8KYW,PH,PH_threshold=100_delta=0.005,mod,,,,19.27823824901328,28.620358475533287,1.4845940850947918,14976,55740,1074569.0,45658023.0,255.6894257490003,100.0,0.005
S3,AZIK4ZA,PH,PH_threshold=50_delta=5,mod,,,,459.7638209089884,1228.141300538416,2.671243896725685,5025,44335,20383629.0,66871857283.0,89.78041396100161,50.0,5.0
S3,A0VFT1N,PH,PH_threshold=25_delta=5,mod,,,,307.29219330855017,1070.7889077268571,3.484595219285915,7343,52455,16119012.0,60144319958.0,237.1034466330002,25.0,5.0
S3,AX6281V,PH,PH_threshold=200_delta=0.5,mod,,,,174.7108930323847,620.8661320884598,3.553677285441928,3859,40760,7121216.0,15711950972.0,74.77991083499728,200.0,0.5
S3,A3OU183,ADWIN,ADWIN_delta=0.01,mod,,,,14.609100998890122,21.20808590797701,1.4517036954969524,712,4505,65814.0,2026272.0,19.528128587000538,,0.01
S3,APGIB2T,ADWIN,ADWIN_delta=0.01,mod,,,,45.76896174863388,189.0598500085248,4.130743691474887,1572,9150,418786.0,327054186.0,42.77314281400322,,0.01
S3,AA2KP1S,KSWIN,KSWIN_alpha=0.001_window_size=100,mod,0.001,100.0,1.0,10.10124095139607,14.584138796882815,1.443796744088871,6255,48350,488395.0,10283905.0,863.7470720390011,,
S3,A3OU183,PH,PH_threshold=25_delta=0.005,mod,,,,16.684128745837956,25.80526406991587,1.5466953332132063,2179,4505,75162.0,2999932.0,33.91750183200202,25.0,0.005
S3,A36HR6Y,PH,PH_threshold=100_delta=2,mod,,,,13.99535349489285,19.45412470802574,1.390041681699922,3508,24965,349394.0,9448328.0,50.00070448800034,100.0,2.0
S3,AUY8KYW,ADWIN,ADWIN_delta=0.0001,mod,,,,99.46135629709364,475.7016325393199,4.782778460394073,7584,55740,5543976.0,12613518488.0,226.5232631100007,,0.0001
S3,AV2GF3B,PH,PH_threshold=500_delta=5,mod,,,,119.32309344790548,255.7053373492078,2.1429660425359707,124,4655,555449.0,304368197.0,17.394408697997278,500.0,5.0
S3,ASFODQR,KSWIN,KSWIN_alpha=0.01_window_size=1000,mod,0.01,1000.0,1.0,490.53680458158016,1128.9591950895235,2.301477044219969,1334,85560,41970329.0,109050400819.0,152.2327692810004,,
S3,ASFODQR,PH,PH_threshold=100_delta=2,mod,,,,363.844623655914,1064.9317638535952,2.926886078879362,12705,85560,31130546.0,97031855852.0,194.36210957899948,100.0,2.0
S3,A1K5DRI,PH,PH_threshold=100_delta=2,mod,,,,435.2897192751854,1348.1119239920054,3.0970451731246693,6047,53255,23181354.0,96785943728.0,244.44588170300085,100.0,2.0
S3,A0VFT1N,KSWIN,KSWIN_alpha=0.0001_window_size=100,mod,0.0001,100.0,1.0,243.27194738347157,1340.2598833202014,5.509307167289367,6148,52455,12760830.0,94224735784.0,1216.2247667479987,,
S3,A36HR6Y,PH,PH_threshold=500_delta=5,mod,,,,265.1071099539355,805.967899259326,3.040159501566629,464,24965,6618399.0,16216870917.0,37.64878843800034,500.0,5.0
S3,A0NVTRV,KSWIN,KSWIN_alpha=0.01_window_size=100,mod,0.01,100.0,1.0,384.59072788353865,2146.801969836335,5.582042972409952,3125,22325,8585988.0,102890537926.0,282.89652342100453,,
S3,ASFODQR,ADWIN,ADWIN_delta=1e-05,mod,,,,355.63044647031325,1376.0983121970962,3.86946147568377,9244,85560,30427741.0,162020400087.0,150.58871253899997,,1e-05
S3,AYEFCWQ,PH,PH_threshold=200_delta=5,mod,,,,607.2462042361161,1824.6920005477489,3.0048635756284643,3678,68695,41714778.0,228720064110.0,113.99186233,200.0,5.0
S3,AZIK4ZA,ADWIN,ADWIN_delta=0.0001,mod,,,,14.248787639562424,19.81488140781618,1.3906363059829203,5977,44335,631720.0,17407230.0,80.75333691800188,,0.0001
S3,A36HR6Y,PH,PH_threshold=50_delta=0.005,mod,,,,16.7943520929301,26.775356722528763,1.5943072155668545,9472,24965,419271.0,17897901.0,77.15436037000109,50.0,0.005
S3,AIFDJZB,PH,PH_threshold=50_delta=0.005,mod,,,,16.97678308577546,25.67510857467123,1.512365943827364,26390,74730,1268675.0,49262853.0,399.3461144889998,50.0,0.005
S3,A36HR6Y,ADWIN,ADWIN_delta=1e-05,mod,,,,55.76182655718005,602.8596374276646,10.811332315477005,2788,24965,1392094.0,9073273170.0,42.544616048002354,,1e-05
S3,A3OU183,PH,PH_threshold=25_delta=5,mod,,,,34.71276359600444,147.121829211068,4.238263219929923,701,4505,156381.0,97509971.0,21.01313596199907,25.0,5.0
S3,A0VFT1N,PH,PH_threshold=200_delta=0.5,mod,,,,196.86024211228676,914.5254989490478,4.645557117761815,5561,52455,10326304.0,43871100572.0,239.35830651200013,200.0,0.5
S3,AZIK4ZA,PH,PH_threshold=100_delta=2,mod,,,,354.2936506146385,1070.8777390510263,3.0225710711813143,6123,44335,15707609.0,50842452817.0,90.9162542219965,100.0,2.0
S3,AAXAA7Z,PH,PH_threshold=500_delta=0.005,mod,,,,268.5703575240128,897.9968015401321,3.343618446275637,2772,37480,10066017.0,30223806619.0,138.07029553200118,500.0,0.005
S3,AFPB8J2,KSWIN,KSWIN_alpha=0.0001_window_size=300,mod,0.0001,300.0,1.0,441.1979415307128,1356.9923046502895,3.0756995373602085,2173,45665,20147304.0,84088814866.0,499.78354190499886,,
S3,AYWIEKR,KSWIN,KSWIN_alpha=0.01_window_size=300,mod,0.01,300.0,1.0,660.4651797731206,1816.1866050673516,2.749859736271393,2653,52010,34350794.0,171556742128.0,310.4419599749999,,
S3,A7EM0B6,KSWIN,KSWIN_alpha=0.001_window_size=300,mod,0.001,300.0,1.0,709.5729042304698,1802.6251675773544,2.540436869601577,1928,38530,27339844.0,125201597274.0,138.7120914770021,,
S3,A1ZJ41O,KSWIN,KSWIN_alpha=0.005_window_size=100,mod,0.005,100.0,1.0,412.6327143751304,2084.314175758363,5.051257699997783,6679,47930,19777486.0,208225442406.0,341.8426258799991,,
S3,AQC0L71,KSWIN,KSWIN_alpha=0.005_window_size=100,mod,0.005,100.0,1.0,12.983209557636425,18.913102783355463,1.4567355398058113,4162,30970,402090.0,11078138.0,484.03131908600335,,
S3,AURCTAK,PH,PH_threshold=100_delta=5,mod,,,,175.81243016759777,356.1230240243159,2.0255850151484305,778,7160,1258817.0,908057035.0,31.217540241996176,100.0,5.0
S3,AX6281V,ADWIN,ADWIN_delta=0.05,mod,,,,16.38716879293425,22.37151571546421,1.3651849198691517,8155,40760,667941.0,20399757.0,84.81591667699831,,0.05
S3,AURCTAK,PH,PH_threshold=25_delta=0.005,mod,,,,21.726117318435755,31.790921809491568,1.4632583145684892,3542,7160,155559.0,7236345.0,48.9567204720006,25.0,0.005
S3,AOYM4KG,PH,PH_threshold=100_delta=5,mod,,,,170.4296590909091,259.3049369775074,1.5214777660218826,1319,8800,1499781.0,591703643.0,17.32465167400005,100.0,5.0
S3,A4G0044,KSWIN,KSWIN_alpha=0.01_window_size=300,mod,0.01,300.0,1.0,137.43503355704698,262.5566418915017,1.91040548465773,380,7450,1023891.0,513573127.0,18.842490620998436,,
S3,AOYM4KG,PH,PH_threshold=500_delta=0.005,mod,,,,132.76295454545453,234.02197449268425,1.762705381888449,844,8800,1168314.0,481943304.0,15.436257679997652,500.0,0.005
S3,A0NVTRV,KSWIN,KSWIN_alpha=0.01_window_size=300,mod,0.01,300.0,1.0,794.7035610302352,1749.3804260574052,2.201299342096252,1139,22325,17741757.0,68321909111.0,138.16466634199605,,
S3,A1K5DRI,ADWIN,ADWIN_delta=0.01,mod,,,,15.073326448220824,23.200528032478548,1.5391777065384935,9059,53255,802730.0,28665276.0,243.95654345899857,,0.01
S3,A1ZJ41O,PH,PH_threshold=500_delta=5,mod,,,,895.6173586480284,2126.8028312754377,2.374677992492168,853,47930,42926940.0,216801303270.0,74.96256087499933,500.0,5.0
S3,AHYIJDV,ADWIN,ADWIN_delta=0.01,mod,,,,20.237599806436,28.58512486693664,1.4124760416423463,6883,41330,836420.0,33771130.0,178.69152210500033,,0.01
S3,AKXN5ZZ,Sem detector (HT),HT,mod,,,,13.19158615136876,15.966316698634504,1.2103409336395712,0,49680,655358.0,12664588.0,383.1808887160005,,
S3,AIFDJZB,Sem detector (HT),HT,mod,,,,24.894754449351,33.479232354749335,1.3448307924813507,0,74730,1860385.0,83761793.0,925.088834399,,
S3,A3OU183,KSWIN,KSWIN_alpha=1e-05_window_size=1000,mod,1e-05,1000.0,1.0,110.5746947835738,275.06481730328767,2.48759282439502,68,4505,498139.0,340851245.0,25.84477318300196,,
S3,A0NVTRV,PH,PH_threshold=25_delta=5,mod,,,,86.47072788353863,426.3016183258446,4.930010753465616,1684,22325,1930459.0,4057190783.0,98.36967297500088,25.0,5.0
S3,A1K5DRI,PH,PH_threshold=200_delta=0.005,mod,,,,142.47101680593371,827.5443188506605,5.808509951030225,6584,53255,7587294.0,36470600330.0,205.8585186270011,200.0,0.005
S3,AYWIEKR,Sem detector (HT),HT,mod,,,,16.49046337242838,21.477100659088755,1.302395219227005,0,52010,857669.0,23990437.0,463.4280673680005,,
S3,AA2KP1S,KSWIN,KSWIN_alpha=0.0001_window_size=300,mod,0.0001,300.0,1.0,576.564943123061,1548.3561944732892,2.6854844591944103,2339,48350,27876915.0,115914623855.0,454.7223299279976,,
S3,AJWW3IY,PH,PH_threshold=200_delta=5,mod,,,,311.7918673980444,710.0361297377981,2.277275977924534,1522,41930,13073433.0,21139064241.0,148.249665121999,200.0,5.0
S3,AYEFCWQ,ADWIN,ADWIN_delta=0.002,mod,,,,19.46383288448941,28.946257341940257,1.4871817649548011,11382,68695,1337068.0,57558566.0,131.46740237300037,,0.002
S3,A36HR6Y,PH,PH_threshold=25_delta=0.005,mod,,,,14.644702583617065,21.76857779854071,1.4864472442679089,11874,24965,365605.0,11830189.0,84.11737041599918,25.0,0.005
S3,AKXN5ZZ,PH,PH_threshold=50_delta=2,mod,,,,97.38894927536232,587.0918235158197,6.028320747725158,8731,49680,4838283.0,17123543883.0,233.24940117699956,50.0,2.0
S3,AKXN5ZZ,KSWIN,KSWIN_alpha=0.0001_window_size=1000,mod,0.0001,1000.0,1.0,686.4872785829308,1524.7948301571837,2.221155260596692,769,49680,34104688.0,115505963936.0,221.6906122189976,,
S3,AQC0L71,KSWIN,KSWIN_alpha=0.005_window_size=300,mod,0.005,300.0,1.0,561.8297384565709,1490.9981537583528,2.653825619580666,1563,30970,17399867.0,68848648065.0,189.24605316700035,,
S3,AYWIEKR,PH,PH_threshold=50_delta=0.5,mod,,,,12.97988848298404,20.1023912367628,1.548733740133129,15333,52010,675084.0,21017560.0,299.8149464160015,50.0,0.5
S3,A36HR6Y,PH,PH_threshold=50_delta=2,mod,,,,13.89289004606449,18.649818820536957,1.3424002319675727,5501,24965,346836.0,8683220.0,57.66982083699986,50.0,2.0
S3,AYEFCWQ,PH,PH_threshold=25_delta=2,mod,,,,21.42417934347478,34.28924249398867,1.60049269305768,18956,68695,1471734.0,80768294.0,180.15284803800023,25.0,2.0
S3,AAXAA7Z,PH,PH_threshold=25_delta=5,mod,,,,357.0360992529349,1245.3737558054129,3.488089183170112,6178,37480,13381713.0,58129823071.0,171.12784813100006,25.0,5.0
S3,A1K5DRI,KSWIN,KSWIN_alpha=0.005_window_size=100,mod,0.005,100.0,1.0,14.725640784902826,21.48113739816588,1.4587573954804736,7117,53255,784214.0,24573948.0,864.5846663109987,,
S3,ASFODQR,KSWIN,KSWIN_alpha=0.001_window_size=1000,mod,0.001,1000.0,1.0,657.483894343151,1382.8524112262385,2.103249103322532,1327,85560,56254322.0,163614744498.0,164.67136499699973,,
S3,AJMQUVV,KSWIN,KSWIN_alpha=1e-05_window_size=100,mod,1e-05,100.0,1.0,12.95259052924791,16.89726947993188,1.3045474912355632,5821,53850,697497.0,15375129.0,1520.1342560989997,,
S3,A4G0044,KSWIN,KSWIN_alpha=1e-05_window_size=1000,mod,1e-05,1000.0,1.0,106.42107382550336,168.2996221587914,1.5814501405496917,114,7450,792837.0,211019483.0,16.57323288200132,,
S3,AOYM4KG,PH,PH_threshold=500_delta=2,mod,,,,155.4831818181818,269.28900494045087,1.7319494095210295,621,8800,1368252.0,638145800.0,16.32712270099728,500.0,2.0
S3,A7EM0B6,PH,PH_threshold=500_delta=0.005,mod,,,,291.94105891513107,1026.3445879481635,3.5155883580134843,2699,38530,11248489.0,40586855205.0,65.35696086299868,500.0,0.005
S3,ASFODQR,ADWIN,ADWIN_delta=0.002,mod,,,,99.8577840112202,473.2356226887196,4.739095979093087,12904,85560,8543832.0,19161329234.0,170.06880949800052,,0.002
S3,A7EM0B6,PH,PH_threshold=500_delta=0.5,mod,,,,523.0948611471581,1411.6338982280515,2.698619319509866,2391,38530,20154845.0,76779126419.0,65.31294158499804,500.0,0.5
S3,AA2KP1S,PH,PH_threshold=50_delta=5,mod,,,,349.6999586349535,961.6772579397256,2.750006782081453,4031,48350,16907993.0,44715199227.0,194.77229223299943,50.0,5.0
S3,A7EM0B6,KSWIN,KSWIN_alpha=1e-05_window_size=1000,mod,1e-05,1000.0,1.0,571.1570724111082,1138.067134143134,1.9925641983891509,586,38530,22006682.0,49903932774.0,101.9227024540014,,
S3,AAXAA7Z,KSWIN,KSWIN_alpha=0.001_window_size=300,mod,0.001,300.0,1.0,519.2763607257203,1366.4173281131095,2.631387506651484,1858,37480,19462478.0,69978769870.0,321.1924469730002,,
S3,A4G0044,KSWIN,KSWIN_alpha=0.001_window_size=100,mod,0.001,100.0,1.0,38.20765100671141,180.35459666144567,4.720379084015536,975,7450,284647.0,242331965.0,66.72127713100053,,
S3,AHYIJDV,PH,PH_threshold=200_delta=0.005,mod,,,,198.98998306315025,911.8521432445108,4.582402235569472,4980,41330,8224256.0,34364834106.0,156.95393907100515,200.0,0.005
S3,AJMQUVV,KSWIN,KSWIN_alpha=0.001_window_size=300,mod,0.001,300.0,1.0,1144.101801299907,2890.537664173175,2.526468939118005,2678,53850,61609882.0,449927950154.0,367.8770780179984,,
S3,A36HR6Y,KSWIN,KSWIN_alpha=0.001_window_size=100,mod,0.001,100.0,1.0,344.8866813538954,1994.2329735750664,5.7822846789747215,3335,24965,8610096.0,99284935042.0,208.82636920699952,,
S3,AFPB8J2,PH,PH_threshold=25_delta=5,mod,,,,366.6516369210555,1255.0073531650771,3.422887631714829,6131,45665,16743147.0,71924359441.0,194.1763979789976,25.0,5.0
S3,AQC0L71,ADWIN,ADWIN_delta=1e-05,mod,,,,113.45020988052954,699.4742214021898,6.1654731369715545,3194,30970,3513553.0,15152511853.0,114.35224896800356,,1e-05
S3,AJWW3IY,PH,PH_threshold=100_delta=0.5,mod,,,,63.11688528499881,430.51736741848026,6.820953940843508,6988,41930,2646491.0,7771524389.0,190.24995646200117,100.0,0.5
S3,AKXN5ZZ,PH,PH_threshold=25_delta=2,mod,,,,11.498208534621575,19.803235495010743,1.7222887752802876,11998,49680,571231.0,19482913.0,262.7957255670008,25.0,2.0
S3,AJMQUVV,PH,PH_threshold=500_delta=5,mod,,,,677.9702506963788,1722.2726396677704,2.5403365972160783,1221,53850,36508698.0,159731110992.0,168.08075081100105,500.0,5.0
S3,AJWW3IY,PH,PH_threshold=25_delta=0.5,mod,,,,15.041426186501312,24.84684928495882,1.6518945063372534,14947,41930,630687.0,25886153.0,276.06181474099867,25.0,0.5
S3,AHYIJDV,ADWIN,ADWIN_delta=0.0001,mod,,,,123.24449552383255,669.7078407357186,5.433977703338588,4764,41330,5093695.0,18536860105.0,159.37333629400382,,0.0001
S3,ATHKM6V,PH,PH_threshold=200_delta=0.005,mod,,,,94.2809066183137,554.8646291009906,5.885227974602551,3005,27575,2599796.0,8489646414.0,123.98298032699677,200.0,0.005
S3,A36HR6Y,PH,PH_threshold=200_delta=5,mod,,,,680.35349489285,1560.237072926171,2.2932741356342934,1015,24965,16985025.0,60773291203.0,39.63239256499946,200.0,5.0
S3,A4G0044,PH,PH_threshold=50_delta=0.5,mod,,,,32.70228187919463,91.29149713781908,2.791594099612334,2645,7450,243632.0,62089324.0,20.518050005000987,50.0,0.5
S3,ASFODQR,ADWIN,ADWIN_delta=0.05,mod,,,,58.41625759700795,277.3821788676098,4.748372974885971,18656,85560,4998095.0,6583061107.0,186.8503779720004,,0.05
S3,AX6281V,PH,PH_threshold=100_delta=2,mod,,,,139.95522571148186,527.411299255091,3.768428771229672,4037,40760,5704575.0,11337910779.0,75.57157332100178,100.0,2.0
S3,AJMQUVV,KSWIN,KSWIN_alpha=0.001_window_size=100,mod,0.001,100.0,1.0,13.449377901578458,17.988936556675924,1.3375292662841074,7075,53850,724249.0,17425959.0,966.920638227999,,
S3,ASFODQR,PH,PH_threshold=25_delta=5,mod,,,,353.64121084618984,1076.0047250700488,3.0426451784151327,14382,85560,30257542.0,99060184566.0,186.3882473020003,25.0,5.0
S3,AURCTAK,PH,PH_threshold=50_delta=0.005,mod,,,,20.94594972067039,29.657130526425725,1.4158885570683268,3043,7160,149973.0,6297545.0,36.77356460200099,50.0,0.005
S3,AV2GF3B,KSWIN,KSWIN_alpha=0.01_window_size=1000,mod,0.01,1000.0,1.0,96.01310418904404,184.29722817677225,1.9195007778719664,72,4655,446941.0,158109255.0,20.315584313997533,,
S3,AJMQUVV,Sem detector (HT),HT,mod,,,,15.712999071494892,18.57414812701736,1.182088030585638,0,53850,846145.0,18578195.0,497.9704902599988,,
S3,AAXAA7Z,PH,PH_threshold=100_delta=2,mod,,,,371.4946638207044,1176.4602526168037,3.1668294788336504,5576,37480,13923620.0,51874521050.0,166.7232097100059,100.0,2.0
S3,AAXAA7Z,KSWIN,KSWIN_alpha=1e-05_window_size=100,mod,1e-05,100.0,1.0,333.1824439701174,1231.5119792417809,3.696209093634697,3817,37480,12487678.0,56842983378.0,1127.3114228999984,,
S3,AA2KP1S,KSWIN,KSWIN_alpha=1e-05_window_size=300,mod,1e-05,300.0,1.0,387.6513753877973,1181.9192509561578,3.0489231458905404,2233,48350,18742944.0,67541716148.0,583.5107142689994,,
S3,AJWW3IY,Sem detector (HT),HT,mod,,,,17.461650369663726,20.30979305102196,1.1631084474298223,0,41930,732167.0,17295609.0,302.42040581699985,,
S3,ATHKM6V,KSWIN,KSWIN_alpha=1e-05_window_size=300,mod,1e-05,300.0,1.0,1103.16384406165,2476.616402774436,2.245012303572225,1255,27575,30419743.0,169134814339.0,427.69939948799583,,
S3,A1K5DRI,KSWIN,KSWIN_alpha=0.0001_window_size=1000,mod,0.0001,1000.0,1.0,600.4223640972679,1244.5502190556172,2.072791244088305,820,53255,31975493.0,82486948969.0,232.4407622079998,,
S3,AA2KP1S,PH,PH_threshold=200_delta=0.005,mod,,,,151.6052740434333,892.1867528289549,5.8849321599019895,5754,48350,7330115.0,38486464713.0,212.3437130530001,200.0,0.005
S3,AYWIEKR,PH,PH_threshold=200_delta=0.5,mod,,,,186.52161122860988,904.286122086346,4.848157358977611,5964,52010,9700989.0,42530313645.0,201.7673027089986,200.0,0.5
S3,AFPB8J2,KSWIN,KSWIN_alpha=0.001_window_size=300,mod,0.001,300.0,1.0,706.346742581846,1996.467534281116,2.826469514085401,2254,45665,32255324.0,182015329634.0,372.72524930800137,,
S3,AYEFCWQ,KSWIN,KSWIN_alpha=1e-05_window_size=300,mod,1e-05,300.0,1.0,1203.5315670718394,3016.4685983912427,2.50634771942894,3268,68695,82676601.0,625061493295.0,385.5625772189997,,
S3,A4G0044,PH,PH_threshold=200_delta=0.005,mod,,,,96.2786577181208,241.02636687757075,2.503424669496682,1250,7450,717276.0,432798136.0,15.023003762998997,200.0,0.005
S3,ATHKM6V,KSWIN,KSWIN_alpha=0.005_window_size=300,mod,0.005,300.0,1.0,821.7677969174978,2020.520935790412,2.458749227421069,1384,27575,22660247.0,112575071293.0,197.9617707869984,,
S3,AUY8KYW,PH,PH_threshold=500_delta=2,mod,,,,598.8040724793685,1290.4720939694737,2.15508236045595,2952,55740,33377339.0,92824837879.0,185.06240434699976,500.0,2.0
S3,A4E0D03,PH,PH_threshold=500_delta=5,mod,,,,714.7510407239819,1572.2157441646154,2.1996690519989937,926,44200,31591996.0,109256315702.0,165.9778139040027,500.0,5.0
S3,A4E0D03,PH,PH_threshold=100_delta=2,mod,,,,323.06447963800906,1360.216584747008,4.2103563544686775,4969,44200,14279450.0,81778360758.0,196.58307742599936,100.0,2.0
S3,AA2KP1S,KSWIN,KSWIN_alpha=1e-05_window_size=1000,mod,1e-05,1000.0,1.0,537.1080455015511,1538.1682873357715,2.8637967727693057,737,48350,25969174.0,114394247236.0,261.9243180090016,,
S3,A4E0D03,PH,PH_threshold=500_delta=0.5,mod,,,,955.1961312217196,2287.5630220183843,2.3948621097245595,2413,44200,42219669.0,231296150423.0,158.12058608000007,500.0,0.5
S3,A7EM0B6,KSWIN,KSWIN_alpha=0.0001_window_size=300,mod,0.0001,300.0,1.0,645.6425901894628,1655.0817285674254,2.563464296990916,1880,38530,24876609.0,105545056703.0,176.65063627500058,,
S3,A0NVTRV,PH,PH_threshold=25_delta=0.5,mod,,,,16.383919372900337,27.72441972428192,1.692172617141856,6568,22325,365771.0,17159965.0,129.01765552200231,25.0,0.5
S3,APGIB2T,KSWIN,KSWIN_alpha=0.005_window_size=1000,mod,0.005,1000.0,1.0,148.03475409836065,279.34842571745355,1.8870462373439847,142,9150,1354518.0,714025218.0,22.74887416300044,,
S3,A0NVTRV,PH,PH_threshold=200_delta=2,mod,,,,450.62535274356105,1211.2995606461272,2.6880413036490776,1075,22325,10060211.0,32756280917.0,89.73106102100428,200.0,2.0
S3,A7EM0B6,KSWIN,KSWIN_alpha=1e-05_window_size=100,mod,1e-05,100.0,1.0,23.315338697119127,44.97949240008059,1.9291803127714509,4259,38530,898340.0,77952152.0,557.7345866860014,,
S3,AIFDJZB,PH,PH_threshold=100_delta=2,mod,,,,277.0557072126321,1257.9240687042488,4.540329023934631,11275,74730,20704373.0,118250731497.0,268.2612530469996,100.0,2.0
S3,AOYM4KG,PH,PH_threshold=200_delta=0.005,mod,,,,136.19431818181818,265.62304673078626,1.9503239949862072,1720,8800,1198510.0,620889306.0,18.681667449000088,200.0,0.005
S3,AZIK4ZA,PH,PH_threshold=500_delta=5,mod,,,,396.3221608210218,964.3206872184436,2.4331737726216343,1580,44335,17570943.0,41227754383.0,72.30039796500205,500.0,5.0
S3,AYWIEKR,KSWIN,KSWIN_alpha=1e-05_window_size=1000,mod,1e-05,1000.0,1.0,524.7352624495289,1270.742808255748,2.4216836549611016,786,52010,27291481.0,83985086679.0,310.9341184900004,,
S3,AYEFCWQ,PH,PH_threshold=500_delta=0.5,mod,,,,581.5712351699541,1888.549046508972,3.247321965566396,4395,68695,39951036.0,245008789236.0,115.51158932200087,500.0,0.5
S3,A4G0044,KSWIN,KSWIN_alpha=0.0001_window_size=100,mod,0.0001,100.0,1.0,50.54281879194631,210.93803600478756,4.173452154955775,875,7450,376544.0,331486670.0,92.95866396900236,,
S3,A4E0D03,ADWIN,ADWIN_delta=0.0001,mod,,,,194.7455203619909,1516.9546170472588,7.789419824535935,5269,44200,8607752.0,101710887910.0,176.08063525000034,,0.0001
S3,A1K5DRI,KSWIN,KSWIN_alpha=0.005_window_size=300,mod,0.005,300.0,1.0,545.10393390292,1579.9368055969337,2.898413875468952,2695,53255,29029510.0,132935147492.0,366.19041140599984,,
S3,A1K5DRI,PH,PH_threshold=500_delta=5,mod,,,,380.8939066754296,897.9308124614628,2.357430236411251,1122,53255,20284505.0,42938427765.0,186.85193659500143,500.0,5.0
S3,A7EM0B6,KSWIN,KSWIN_alpha=0.005_window_size=1000,mod,0.005,1000.0,1.0,479.5418894368025,922.6585166288836,1.9240415424656627,599,38530,18476749.0,32800540387.0,68.1377140730001,,
S3,AURCTAK,ADWIN,ADWIN_delta=0.01,mod,,,,41.32779329608938,132.35481082953,3.202561769540548,1248,7160,295907.0,125427419.0,33.87342002999503,,0.01
S3,AYEFCWQ,PH,PH_threshold=100_delta=5,mod,,,,596.6540505131378,1806.7640103018564,3.028160135254245,5666,68695,40987150.0,224247696198.0,131.5544677199996,100.0,5.0
S3,AYWIEKR,KSWIN,KSWIN_alpha=0.0001_window_size=300,mod,0.0001,300.0,1.0,456.0633724283792,1480.571802816574,3.2464168190772327,2512,52010,23719856.0,114010749820.0,456.36402269799873,,
S3,A0VFT1N,PH,PH_threshold=500_delta=0.005,mod,,,,483.1604041559432,1548.666855006348,3.205285122053391,3144,52455,25344179.0,125806447353.0,199.80486892000044,500.0,0.005
S3,A1K5DRI,PH,PH_threshold=25_delta=0.5,mod,,,,17.040409351234626,28.47496714024717,1.6710260037376437,19996,53255,907487.0,43180419.0,241.9510250229996,25.0,0.5
S3,AYEFCWQ,ADWIN,ADWIN_delta=0.05,mod,,,,19.606274110197248,29.477526441454188,1.503474157087444,16292,68695,1346853.0,59690773.0,162.7249322560001,,0.05
S3,AAXAA7Z,ADWIN,ADWIN_delta=0.0001,mod,,,,213.9476787620064,888.5657920692455,4.1531920197072045,4653,37480,8018759.0,29592302773.0,138.60205465600302,,0.0001
S3,AA2KP1S,KSWIN,KSWIN_alpha=0.01_window_size=300,mod,0.01,300.0,1.0,580.6811789038263,1922.6496674225712,3.311024598820353,2466,48350,28075935.0,178729727305.0,309.1522408500023,,
S3,A1K5DRI,PH,PH_threshold=500_delta=0.5,mod,,,,427.4279973711389,1187.7071415065,2.7787303330886046,2760,53255,22762678.0,75124072766.0,206.78183065100168,500.0,0.5
S3,AYEFCWQ,PH,PH_threshold=200_delta=0.5,mod,,,,145.608064633525,729.5162247529126,5.010136125282637,9006,68695,10002546.0,36559061484.0,133.208548392,200.0,0.5
S3,A0VFT1N,KSWIN,KSWIN_alpha=1e-05_window_size=1000,mod,1e-05,1000.0,1.0,635.732017920122,1560.9954449527047,2.4554299625488416,798,52455,33347323.0,127817454101.0,268.5556532999999,,
S3,AUY8KYW,KSWIN,KSWIN_alpha=1e-05_window_size=100,mod,1e-05,100.0,1.0,19.362845353426625,27.89961276678904,1.4408839329934364,6494,55740,1079285.0,43387369.0,1387.7573891330003,,
S3,AUY8KYW,PH,PH_threshold=500_delta=0.5,mod,,,,652.0555256548259,1493.631637971614,2.290650993980361,3925,55740,36345575.0,124352343095.0,202.98662898899968,500.0,0.5
S3,APGIB2T,PH,PH_threshold=100_delta=2,mod,,,,71.77213114754099,249.3328828054724,3.4739512233922967,1358,9150,656715.0,568827011.0,44.48499040399474,100.0,2.0
S3,A1K5DRI,PH,PH_threshold=500_delta=2,mod,,,,591.6923481363252,1343.507406398212,2.2706181863427943,1927,53255,31510576.0,96125922104.0,203.454377565,500.0,2.0
S3,A4G0044,ADWIN,ADWIN_delta=0.01,mod,,,,39.03718120805369,128.7686990395919,3.298616730375652,1165,7450,290827.0,123531265.0,13.277797693997854,,0.01
S3,AFPB8J2,KSWIN,KSWIN_alpha=0.01_window_size=100,mod,0.01,100.0,1.0,15.093901237271432,19.4707680116568,1.2899758455804358,6290,45665,689263.0,17312095.0,508.59628146999967,,
S3,A0NVTRV,PH,PH_threshold=100_delta=5,mod,,,,534.9006494960806,1176.3091067317582,2.19911699086538,795,22325,11941657.0,30891172033.0,92.13657748699916,100.0,5.0
S3,AX6281V,PH,PH_threshold=100_delta=5,mod,,,,440.9927870461236,1183.7168626999598,2.6842091242099038,2185,40760,17974866.0,57112325506.0,68.79367682999873,100.0,5.0
S3,A1K5DRI,PH,PH_threshold=200_delta=2,mod,,,,366.1189184114168,1054.687055764693,2.8807226360794487,3696,53255,19497663.0,59238986657.0,171.49577989200043,200.0,2.0
S3,AURCTAK,KSWIN,KSWIN_alpha=1e-05_window_size=1000,mod,1e-05,1000.0,1.0,134.72234636871508,255.39628425482852,1.895723249622203,109,7160,964612.0,467027196.0,42.06481634800002,,
S3,A1ZJ41O,KSWIN,KSWIN_alpha=1e-05_window_size=1000,mod,1e-05,1000.0,1.0,741.6964531608596,1790.51934765915,2.4140864366123926,733,47930,35549511.0,153661640481.0,120.96694078499786,,
S3,A7EM0B6,ADWIN,ADWIN_delta=1e-05,mod,,,,185.82603166363876,1244.1563862489593,6.69527501131268,4537,38530,7159877.0,59641554621.0,65.52968250499907,,1e-05
S3,AYWIEKR,KSWIN,KSWIN_alpha=0.005_window_size=100,mod,0.005,100.0,1.0,14.966141126706402,22.88821593667141,1.5293331622958188,7174,52010,778389.0,27246501.0,745.6973104839999,,
S3,A1K5DRI,PH,PH_threshold=50_delta=5,mod,,,,573.7800957656558,1426.8335981914595,2.486725504633416,4799,53255,30556659.0,108419410997.0,204.2092416680007,50.0,5.0
S3,AJMQUVV,KSWIN,KSWIN_alpha=0.0001_window_size=300,mod,0.0001,300.0,1.0,802.2429340761374,2875.879174617899,3.5847983852045515,2599,53850,43200782.0,445376173304.0,577.9744346259995,,
S3,AYWIEKR,KSWIN,KSWIN_alpha=0.01_window_size=100,mod,0.01,100.0,1.0,14.3690828686791,20.46414321367297,1.4241788011592251,7397,52010,747336.0,21780808.0,616.9630684479998,,
S3,AMV7EQF,KSWIN,KSWIN_alpha=0.01_window_size=1000,mod,0.01,1000.0,1.0,801.7900575815739,1752.3931766162111,2.1856010311501315,812,52100,41773262.0,159992944148.0,90.50682930699986,,
S3,AJWW3IY,KSWIN,KSWIN_alpha=1e-05_window_size=300,mod,1e-05,300.0,1.0,282.46940138325783,968.4000174017924,3.428335999083511,1936,41930,11843942.0,39321895034.0,581.889568225004,,
S3,AZIK4ZA,PH,PH_threshold=200_delta=0.5,mod,,,,295.6258937633924,1039.9035538166772,3.5176335218083983,5626,44335,13106574.0,47943842454.0,87.88784740300252,200.0,0.5
S3,A0NVTRV,PH,PH_threshold=25_delta=0.005,mod,,,,17.254288913773795,28.73072419689312,1.66513522176842,8463,22325,385202.0,18428272.0,135.0032845079986,25.0,0.005
S3,A0VFT1N,KSWIN,KSWIN_alpha=0.005_window_size=300,mod,0.005,300.0,1.0,934.340043847107,2243.178530522687,2.4008160040818662,2649,52455,49010807.0,263945687543.0,342.09534991299915,,
S3,AX6281V,KSWIN,KSWIN_alpha=0.0001_window_size=100,mod,0.0001,100.0,1.0,454.60260058881255,2527.686809422007,5.560211943680227,4625,40760,18529602.0,260423816722.0,658.5449223100004,,
S3,A1ZJ41O,PH,PH_threshold=100_delta=2,mod,,,,292.3789901940329,1019.5842326810556,3.4872007458689964,5027,47930,14013725.0,49825727721.0,96.5471814529992,100.0,2.0
S3,AFPB8J2,PH,PH_threshold=25_delta=2,mod,,,,64.42185481221942,410.7211617694929,6.375494200946044,12228,45665,2941824.0,7703314368.0,266.22072974899856,25.0,2.0
S3,AYWIEKR,PH,PH_threshold=25_delta=0.5,mod,,,,14.966198807921554,24.006054161733324,1.6040181257666448,20560,52010,778392.0,29972876.0,328.41745462499966,25.0,0.5
S3,ATHKM6V,PH,PH_threshold=50_delta=0.5,mod,,,,12.26172257479601,19.090758089303247,1.5569393266607034,6301,27575,338117.0,10049903.0,140.52720764900005,50.0,0.5
S3,AHYIJDV,PH,PH_threshold=25_delta=0.5,mod,,,,20.295499637067504,28.830391238910167,1.4205312386719773,15132,41330,838813.0,34353143.0,263.0838371380014,25.0,0.5
S3,ASFODQR,PH,PH_threshold=500_delta=0.5,mod,,,,567.5477910238429,1544.929013027631,2.722112635203134,5614,85560,48559389.0,204215091867.0,147.49395096599983,500.0,0.5
S3,AZIK4ZA,KSWIN,KSWIN_alpha=0.001_window_size=100,mod,0.001,100.0,1.0,15.649825194541558,24.016304468898717,1.534605286024234,5876,44335,693835.0,25571669.0,396.1970771730012,,
S3,A7EM0B6,KSWIN,KSWIN_alpha=0.005_window_size=300,mod,0.005,300.0,1.0,748.3550999221386,1832.8806463865185,2.4492124749029136,1953,38530,28834122.0,129439664904.0,113.33664274900002,,
S3,AV2GF3B,PH,PH_threshold=200_delta=0.5,mod,,,,75.76541353383459,261.30923772970334,3.448925116907207,708,4655,352688.0,317855120.0,21.379406132997246,200.0,0.5
S3,AX6281V,KSWIN,KSWIN_alpha=0.001_window_size=300,mod,0.001,300.0,1.0,958.1960009813542,2295.8106642447374,2.3959718699446046,2023,40760,39056069.0,214835631663.0,162.083937823998,,
S3,ATHKM6V,KSWIN,KSWIN_alpha=0.005_window_size=100,mod,0.005,100.0,1.0,13.993544877606528,20.09709522859908,1.436168991086732,3623,27575,385872.0,11137356.0,466.9876308070016,,
S3,A1K5DRI,KSWIN,KSWIN_alpha=0.0001_window_size=300,mod,0.0001,300.0,1.0,762.4140080743592,1789.9457855373428,2.3477346514897284,2582,53255,40602358.0,170624009512.0,488.53074853,,
S3,AJMQUVV,PH,PH_threshold=25_delta=5,mod,,,,165.45745589600742,730.851089677777,4.417154160385062,8010,53850,8909884.0,28763617528.0,265.01373070000045,25.0,5.0
S3,AOYM4KG,PH,PH_threshold=50_delta=0.005,mod,,,,22.988636363636363,34.973840873637904,1.5213534339496468,3159,8800,202300.0,10763892.0,24.32393588600098,50.0,0.005
S3,AOYM4KG,ADWIN,ADWIN_delta=0.01,mod,,,,80.82431818181819,194.9950541330821,2.4125790173006023,1511,8800,711254.0,334603026.0,16.180151208998723,,0.01
S3,AYEFCWQ,PH,PH_threshold=50_delta=0.5,mod,,,,20.69192808792489,31.98879043420495,1.5459550361028238,20778,68695,1421432.0,70294406.0,183.2436805469988,50.0,0.5
S3,AUY8KYW,KSWIN,KSWIN_alpha=0.001_window_size=300,mod,0.001,300.0,1.0,721.5873161105131,1703.7580725579096,2.361125306001047,2809,55740,40221277.0,161801602101.0,363.5469556070002,,
S3,AAXAA7Z,KSWIN,KSWIN_alpha=1e-05_window_size=300,mod,1e-05,300.0,1.0,425.4981856990395,1247.1256687778714,2.9309776414886524,1706,37480,15947672.0,58293484816.0,440.4727289209986,,
S3,AX6281V,PH,PH_threshold=50_delta=5,mod,,,,226.3598135426889,734.4175466158421,3.2444696570548253,3161,40760,9226426.0,21984685852.0,72.44997728599992,50.0,5.0
S3,A7EM0B6,PH,PH_threshold=50_delta=0.005,mod,,,,15.822242408512848,23.3227109285306,1.4740458606538775,12707,38530,609631.0,20958349.0,107.62490613599948,50.0,0.005
S3,AV2GF3B,KSWIN,KSWIN_alpha=0.0001_window_size=100,mod,0.0001,100.0,1.0,92.93168635875402,281.89715617491765,3.033380402532245,572,4655,432597.0,369914261.0,99.83837666099862,,
S3,A3OU183,PH,PH_threshold=100_delta=0.005,mod,,,,14.059711431742508,19.853352484743297,1.412073966178319,1096,4505,63339.0,1775671.0,23.84195078700577,100.0,0.005
S3,AJWW3IY,PH,PH_threshold=200_delta=2,mod,,,,245.27178631051757,661.6881197748532,2.697775107884389,2851,41930,10284246.0,18358260868.0,133.72801666500163,200.0,2.0
S3,A0VFT1N,PH,PH_threshold=50_delta=2,mod,,,,95.07492136116672,422.8231419179184,4.447262599478943,9446,52455,4987155.0,9377873917.0,241.28159304900143,50.0,2.0
S3,A3OU183,KSWIN,KSWIN_alpha=0.0001_window_size=100,mod,0.0001,100.0,1.0,44.14095449500555,219.4909512746572,4.972501247101308,545,4505,198855.0,217034131.0,95.29102727199644,,
S3,AYEFCWQ,KSWIN,KSWIN_alpha=0.001_window_size=1000,mod,0.001,1000.0,1.0,622.3777276366548,1306.7933269159837,2.099678810612728,1069,68695,42754238.0,117311055966.0,119.15421355399847,,
S3,APGIB2T,PH,PH_threshold=25_delta=2,mod,,,,14.060655737704918,21.843629574900422,1.5535285112147907,2782,9150,128655.0,4365869.0,53.36480645800475,25.0,2.0
S3,A0NVTRV,PH,PH_threshold=50_delta=2,mod,,,,14.1308398656215,21.7843106985092,1.5416147168653156,2697,22325,315471.0,10594467.0,91.8309432659953,50.0,2.0
S3,A4E0D03,PH,PH_threshold=25_delta=0.5,mod,,,,14.294932126696832,21.77806921291541,1.5234818199831304,15891,44200,631836.0,20963366.0,243.1885074620004,25.0,0.5
S3,AIFDJZB,KSWIN,KSWIN_alpha=0.001_window_size=100,mod,0.001,100.0,1.0,236.74925732637496,1288.2162329618109,5.441268316993777,10229,74730,17692272.0,124014514428.0,1117.746851718,,
S3,AV2GF3B,KSWIN,KSWIN_alpha=0.005_window_size=100,mod,0.005,100.0,1.0,56.57830290010741,208.97931483265745,3.693629962737195,647,4655,263372.0,203294808.0,67.71354190099373,,
S3,A1K5DRI,PH,PH_threshold=50_delta=2,mod,,,,116.13176227584265,527.6798593903283,4.543803082372535,9631,53255,6184597.0,14828643541.0,262.32594358000097,50.0,2.0
S3,AYEFCWQ,Sem detector (HT),HT,mod,,,,24.04396244268142,33.56801695270339,1.396110022743815,0,68695,1651700.0,77406334.0,410.4952665969995,,
S3,AJWW3IY,PH,PH_threshold=25_delta=0.005,mod,,,,14.98998330550918,25.146502294143858,1.6775537224849284,17761,41930,628530.0,26514292.0,247.51893890099743,25.0,0.005
S3,AZIK4ZA,PH,PH_threshold=200_delta=2,mod,,,,508.1854967858352,1204.8190195906166,2.370825273863264,4091,44335,22530404.0,64356192550.0,82.01849672599928,200.0,2.0
S3,A4G0044,PH,PH_threshold=200_delta=0.5,mod,,,,119.26255033557048,277.3385453283265,2.325445368625572,1105,7450,888506.0,573029182.0,14.673093560999405,200.0,0.5
S3,A4G0044,PH,PH_threshold=25_delta=0.5,mod,,,,22.428053691275167,32.47164379896268,1.4478137178525934,3232,7450,167089.0,7855337.0,22.679330705999742,25.0,0.5
S3,AJMQUVV,ADWIN,ADWIN_delta=0.01,mod,,,,13.489823584029711,20.468392191936672,1.5173209689835176,9624,53850,726427.0,22560731.0,258.73859040000025,,0.01
S3,AFPB8J2,PH,PH_threshold=50_delta=0.5,mod,,,,79.32556662651922,527.4467266851292,6.649139099988467,13277,45665,3622402.0,12704005260.0,271.3541864969993,50.0,0.5
S3,AQC0L71,KSWIN,KSWIN_alpha=0.0001_window_size=1000,mod,0.0001,1000.0,1.0,275.3802066515983,722.7825506995432,2.624671393372811,476,30970,8528525.0,16179180645.0,146.44063296600507,,
S3,AQC0L71,PH,PH_threshold=25_delta=2,mod,,,,56.87487891507911,317.79793706389364,5.587667932241287,7654,30970,1761415.0,3127831527.0,156.97357167599694,25.0,2.0
S3,A3OU183,PH,PH_threshold=50_delta=0.005,mod,,,,14.536736958934515,21.553001032248744,1.4826574280827112,1693,4505,65488.0,2092716.0,29.747999997998704,50.0,0.005
S3,APGIB2T,PH,PH_threshold=200_delta=2,mod,,,,136.62907103825137,334.70140448455606,2.449708557199012,835,9150,1250156.0,1025029026.0,23.773604378002343,200.0,2.0
S3,AZIK4ZA,PH,PH_threshold=25_delta=5,mod,,,,378.9170632682982,1003.6164634830474,2.6486441513783743,6503,44335,16799288.0,44656251666.0,92.04123081500074,25.0,5.0
S3,A36HR6Y,KSWIN,KSWIN_alpha=1e-05_window_size=300,mod,1e-05,300.0,1.0,954.8303625075104,2293.9661290528547,2.402485529501384,1143,24965,23837340.0,131372835210.0,175.6533560530006,,
S3,A0VFT1N,PH,PH_threshold=200_delta=0.005,mod,,,,76.9041654751692,538.244284156486,6.998896364466424,6553,52455,4034008.0,15196575934.0,234.05927168500057,200.0,0.005
S3,AOYM4KG,ADWIN,ADWIN_delta=0.002,mod,,,,86.37875,211.8984686653664,2.4531319180396385,1287,8800,760133.0,395128457.0,15.629154529000516,,0.002
S3,ASFODQR,PH,PH_threshold=500_delta=0.005,mod,,,,662.0802127162225,1744.2230432026147,2.6344588007649987,6279,85560,56647583.0,260300387931.0,151.91720334100046,500.0,0.005
S3,AUY8KYW,KSWIN,KSWIN_alpha=0.0001_window_size=300,mod,0.0001,300.0,1.0,581.7617509867241,1443.778525444476,2.481735045309679,2743,55740,32427400.0,116189831038.0,507.8303088879993,,
S3,A36HR6Y,PH,PH_threshold=100_delta=5,mod,,,,522.3442419387142,1257.349499665878,2.4071280942987805,1710,24965,13040324.0,39467861636.0,42.06555323599969,100.0,5.0
S3,AA2KP1S,PH,PH_threshold=200_delta=5,mod,,,,389.75321613236815,1348.7665689733508,3.460565591626272,1951,48350,18844568.0,87956930304.0,173.21711027699712,200.0,5.0
S3,AAXAA7Z,PH,PH_threshold=25_delta=0.005,mod,,,,24.785699039487728,37.51767850814255,1.5136824847413288,15343,37480,928968.0,52755956.0,249.9768253459988,25.0,0.005
S3,AV2GF3B,PH,PH_threshold=25_delta=0.005,mod,,,,17.651987110633726,26.382984458891485,1.4946183845216,2247,4655,82170.0,3240168.0,33.5585748720041,25.0,0.005
S3,A3OU183,KSWIN,KSWIN_alpha=0.001_window_size=300,mod,0.001,300.0,1.0,79.66015538290787,213.19917841805912,2.6763590579664345,223,4505,358869.0,204769773.0,36.626974981001695,,
S3,A4E0D03,PH,PH_threshold=50_delta=0.005,mod,,,,15.093755656108597,23.311371586607013,1.5444381184991995,14078,44200,667144.0,24019166.0,276.9464741499978,50.0,0.005
S3,AKXN5ZZ,PH,PH_threshold=25_delta=0.5,mod,,,,12.306481481481482,20.627597674700453,1.676157210795011,18354,49680,611386.0,21138730.0,325.43461015999856,25.0,0.5
S3,AAXAA7Z,PH,PH_threshold=50_delta=0.005,mod,,,,23.13834044823906,37.14695821736366,1.6054288033518291,12114,37480,867225.0,51718521.0,212.80795281500468,50.0,0.005
S3,A0NVTRV,PH,PH_threshold=500_delta=5,mod,,,,375.8069876819709,1063.5702215931951,2.830096981840179,296,22325,8389891.0,25253629583.0,68.09512336999614,500.0,5.0
S3,AURCTAK,PH,PH_threshold=50_delta=5,mod,,,,138.41899441340783,315.57375652936645,2.2798443079774224,1251,7160,991080.0,713041458.0,27.49782101099845,50.0,5.0
S3,AKXN5ZZ,PH,PH_threshold=25_delta=5,mod,,,,224.0223631239936,867.1106970218359,3.870643470276675,5913,49680,11129431.0,37353446137.0,205.18343756000104,25.0,5.0
S3,AOYM4KG,KSWIN,KSWIN_alpha=0.001_window_size=100,mod,0.001,100.0,1.0,36.06409090909091,106.55413583543512,2.9545770640394915,1205,8800,317364.0,99913298.0,64.50659529899713,,
S3,AIFDJZB,KSWIN,KSWIN_alpha=0.0001_window_size=1000,mod,0.0001,1000.0,1.0,678.1504884249966,1408.6128225486666,2.077138992880721,1157,74730,50678186.0,148278524966.0,331.7498151049999,,
S3,AA2KP1S,PH,PH_threshold=25_delta=2,mod,,,,159.98645294725958,779.3013130259509,4.871045633362794,10569,48350,7735345.0,29363464439.0,264.8298449890026,25.0,2.0
S3,A0NVTRV,PH,PH_threshold=50_delta=0.005,mod,,,,16.40421052631579,27.79651061265859,1.6944741454071908,5971,22325,366224.0,17249322.0,128.01600224700087,50.0,0.005
S3,AUY8KYW,PH,PH_threshold=100_delta=0.5,mod,,,,18.88715464657337,27.808413437514428,1.4723453033493112,13182,55740,1052770.0,43104180.0,275.1781033960005,100.0,0.5
S3,AKXN5ZZ,KSWIN,KSWIN_alpha=0.005_window_size=300,mod,0.005,300.0,1.0,672.9447866344606,1711.9037108310165,2.543899209610657,2538,49680,33431897.0,145592919177.0,304.70774614499896,,
S3,AKXN5ZZ,PH,PH_threshold=50_delta=0.005,mod,,,,12.546859903381645,21.58438109481893,1.720301434863514,16239,49680,623328.0,23145192.0,287.89644770799714,50.0,0.005
S3,ATHKM6V,PH,PH_threshold=200_delta=0.5,mod,,,,316.7122393472348,1199.23936427959,3.786526743492146,2507,27575,8733340.0,39657677082.0,113.41096057600224,200.0,0.5
S3,AJMQUVV,KSWIN,KSWIN_alpha=1e-05_window_size=300,mod,1e-05,300.0,1.0,1061.9768987929433,2508.784376379935,2.3623718926762454,2473,53850,57187456.0,338931848690.0,680.9642193950003,,
S3,AA2KP1S,KSWIN,KSWIN_alpha=0.01_window_size=1000,mod,0.01,1000.0,1.0,515.3839089968976,1805.3384736458863,3.5029003469659235,754,48350,24918812.0,157584592664.0,180.2660301049982,,
S3,AQC0L71,PH,PH_threshold=500_delta=0.005,mod,,,,378.2069099128189,1349.9856153217777,3.569436675900409,1791,30970,11713068.0,56441622174.0,118.57020778000152,500.0,0.005
S3,A4E0D03,KSWIN,KSWIN_alpha=0.005_window_size=300,mod,0.005,300.0,1.0,1286.4755429864254,2634.3528666010616,2.047728680862189,2225,44200,56862219.0,306739824139.0,314.1623675610026,,
S3,AURCTAK,PH,PH_threshold=200_delta=2,mod,,,,177.20698324022345,378.1344230554015,2.13385734659677,790,7160,1268802.0,1023777196.0,32.46909217299981,200.0,2.0
S3,AZIK4ZA,PH,PH_threshold=500_delta=2,mod,,,,394.4459907522274,1018.3515867935912,2.581726296296094,2309,44335,17487763.0,45977166375.0,76.02098056899922,500.0,2.0
S3,APGIB2T,ADWIN,ADWIN_delta=0.0001,mod,,,,73.54939890710382,211.9822621200932,2.882175317133948,1117,9150,672977.0,411168787.0,39.26907040299557,,0.0001
S3,AOYM4KG,KSWIN,KSWIN_alpha=0.005_window_size=1000,mod,0.005,1000.0,1.0,116.18738636363636,201.76390033222677,1.7365387642059362,137,8800,1022449.0,358236309.0,14.625725941001292,,
S3,A3OU183,KSWIN,KSWIN_alpha=0.005_window_size=300,mod,0.005,300.0,1.0,101.26193118756936,225.13427489258396,2.2232864043997296,227,4505,456185.0,228337915.0,31.45181728500029,,
S3,A7EM0B6,ADWIN,ADWIN_delta=0.0001,mod,,,,251.7829223981313,1343.837900986073,5.337287724626262,5111,38530,9701196.0,69581338718.0,68.23184840199974,,0.0001
S3,A4G0044,PH,PH_threshold=500_delta=0.005,mod,,,,114.94013422818792,279.25645522572063,2.429581774033076,562,7450,856304.0,580982050.0,10.963530073000584,500.0,0.005
S3,A1ZJ41O,KSWIN,KSWIN_alpha=1e-05_window_size=100,mod,1e-05,100.0,1.0,395.48869184227,2429.35362822504,6.142662681222557,5473,47930,18955773.0,282871311313.0,671.1446130730001,,
S3,A4E0D03,KSWIN,KSWIN_alpha=0.001_window_size=300,mod,0.001,300.0,1.0,1186.9275339366516,2578.0674184541845,2.1720512371160314,2190,44200,52462197.0,293772277343.0,343.41584496699943,,
S3,AHYIJDV,KSWIN,KSWIN_alpha=0.005_window_size=300,mod,0.005,300.0,1.0,517.1005806919912,1355.8069276599574,2.621940446954435,2083,41330,21371767.0,75973319529.0,274.0789405809992,,
S3,A4E0D03,PH,PH_threshold=25_delta=5,mod,,,,485.7389366515837,1493.2076835984558,3.074095097032587,5452,44200,21469661.0,98551378037.0,203.43745186500016,25.0,5.0
S3,AHYIJDV,KSWIN,KSWIN_alpha=0.001_window_size=300,mod,0.001,300.0,1.0,764.7765303653521,1793.675707188979,2.345359246748978,2057,41330,31608214.0,132969874184.0,333.6653315769945,,
S3,AYWIEKR,KSWIN,KSWIN_alpha=0.001_window_size=100,mod,0.001,100.0,1.0,52.09427033262834,341.97719343073754,6.564583614419993,6937,52010,2709423.0,6082486327.0,890.5940151989998,,
S3,A4E0D03,PH,PH_threshold=100_delta=5,mod,,,,803.0640950226244,1898.7098110039656,2.364331592922821,2708,44200,35495433.0,159345373431.0,163.149450506,100.0,5.0
S3,A7EM0B6,PH,PH_threshold=25_delta=0.005,mod,,,,16.5085907085388,23.92346673407043,1.4491525749497445,16616,38530,636076.0,22051962.0,126.61447631999908,25.0,0.005
S3,AURCTAK,KSWIN,KSWIN_alpha=0.01_window_size=1000,mod,0.01,1000.0,1.0,137.33617318435753,236.61982183198197,1.722924240173402,111,7160,983327.0,400880811.0,28.852183046998107,,
S3,AMV7EQF,PH,PH_threshold=500_delta=2,mod,,,,606.5009404990403,1908.057455480968,3.146009062922446,2454,52100,31598699.0,189679597503.0,87.3091599039999,500.0,2.0
S3,AKXN5ZZ,PH,PH_threshold=100_delta=2,mod,,,,244.3002012882448,928.0223036624756,3.798696434832328,5769,49680,12136834.0,42785677678.0,229.04759502800152,100.0,2.0
S3,A4E0D03,PH,PH_threshold=500_delta=0.005,mod,,,,848.2076923076924,2169.5255360941724,2.557776303810228,2739,44200,37490780.0,208042374488.0,176.0278770650002,500.0,0.005
S3,AKXN5ZZ,KSWIN,KSWIN_alpha=1e-05_window_size=100,mod,1e-05,100.0,1.0,46.89716183574879,371.78860472892416,7.927742110088994,5908,49680,2329851.0,6867105765.0,1206.3279752669987,,
S3,A4E0D03,PH,PH_threshold=200_delta=5,mod,,,,892.6988914027149,2040.513639040082,2.2857804111684104,1808,44200,39457291.0,184035359271.0,139.15589789799924,200.0,5.0
S3,AJMQUVV,PH,PH_threshold=200_delta=0.005,mod,,,,12.986908077994428,19.810319192736543,1.5254069000691546,7365,53850,699345.0,21133365.0,239.210864269,200.0,0.005
S3,A3OU183,KSWIN,KSWIN_alpha=0.0001_window_size=1000,mod,0.0001,1000.0,1.0,112.050166481687,217.82639586317168,1.944007784216655,69,4505,504786.0,213754766.0,18.023508992002466,,
S3,AX6281V,PH,PH_threshold=500_delta=0.5,mod,,,,733.7414131501472,2207.933862109652,3.009144396839213,1972,40760,29907300.0,198703856252.0,66.4909943010025,500.0,0.5
S3,ASFODQR,PH,PH_threshold=50_delta=5,mod,,,,367.0004675081814,1040.4776739196277,2.835085418239781,11049,85560,31400560.0,92626724666.0,183.9370633139997,50.0,5.0
S3,AKXN5ZZ,ADWIN,ADWIN_delta=1e-05,mod,,,,94.41320450885668,639.7219400235574,6.775767683677621,5982,49680,4690448.0,20331249896.0,212.05532425799905,,1e-05
S3,AIFDJZB,KSWIN,KSWIN_alpha=0.01_window_size=1000,mod,0.01,1000.0,1.0,488.4949953164726,1105.501475296518,2.263076358807558,1167,74730,36505231.0,91330037343.0,238.75261453099984,,
S3,A36HR6Y,ADWIN,ADWIN_delta=0.0001,mod,,,,25.06220708992589,457.7174376335244,18.263253351597687,3178,24965,625678.0,5230298634.0,46.10586615200009,,0.0001
S3,AMV7EQF,PH,PH_threshold=100_delta=0.5,mod,,,,15.367312859884835,23.126333753102436,1.5049042056970097,11626,52100,800637.0,27864503.0,124.06105208100053,100.0,0.5
S3,AKXN5ZZ,PH,PH_threshold=500_delta=2,mod,,,,575.2429951690822,1396.7003692335263,2.428018039268765,1695,49680,28578072.0,96914349056.0,197.92206687,500.0,2.0
S3,A1ZJ41O,ADWIN,ADWIN_delta=0.0001,mod,,,,304.96430210723975,1409.9394388625956,4.623293379324098,6066,47930,14616939.0,95281447575.0,85.66111605100014,,0.0001
S3,AMV7EQF,KSWIN,KSWIN_alpha=0.001_window_size=300,mod,0.001,300.0,1.0,637.7586948176584,1940.010478719944,3.0419192940593502,2602,52100,33227228.0,196085678258.0,217.37550957700117,,
S3,AAXAA7Z,PH,PH_threshold=50_delta=2,mod,,,,201.0934364994664,707.1667867631797,3.516607996129482,7585,37480,7536982.0,18743180714.0,195.79025553700197,50.0,2.0
S3,A1ZJ41O,ADWIN,ADWIN_delta=0.05,mod,,,,17.167076987273106,24.6515402199949,1.4359777286646085,10452,47930,822818.0,29126986.0,106.5693380599987,,0.05
S3,AYWIEKR,PH,PH_threshold=25_delta=5,mod,,,,298.8955970005768,1177.5052868817588,3.939520349908288,7278,52010,15545560.0,72112837620.0,246.53715793300216,25.0,5.0
S3,AQC0L71,PH,PH_threshold=100_delta=0.005,mod,,,,11.424281562802712,17.833271520820073,1.5609971990610714,6478,30970,353810.0,9849252.0,147.70068164999975,100.0,0.005
S3,A1ZJ41O,PH,PH_threshold=200_delta=5,mod,,,,368.29922804089296,1139.0435179305575,3.092712205750503,1693,47930,17652582.0,62185347106.0,78.41635035999934,200.0,5.0
S3,A0NVTRV,KSWIN,KSWIN_alpha=0.005_window_size=100,mod,0.005,100.0,1.0,25.245195968645017,290.9404369838274,11.524586196327435,3024,22325,563599.0,1889729493.0,327.63209107899456,,
S3,AIFDJZB,PH,PH_threshold=500_delta=2,mod,,,,479.4607921852,1271.693817140112,2.6523416259840875,4160,74730,35830105.0,120853741947.0,299.1609493570004,500.0,2.0
S3,A0NVTRV,PH,PH_threshold=200_delta=0.5,mod,,,,183.86875699888017,834.5739496842693,4.538965527946393,1779,22325,4104870.0,15549667850.0,94.98015479499736,200.0,0.5
S3,AMV7EQF,KSWIN,KSWIN_alpha=0.01_window_size=300,mod,0.01,300.0,1.0,561.0742226487524,1772.9010657465192,3.1598333949061197,2661,52100,29231967.0,163759583643.0,146.92544110000017,,
S3,A0NVTRV,ADWIN,ADWIN_delta=0.01,mod,,,,14.501769316909296,21.320738396647418,1.4702163529650891,3719,22325,323752.0,10148362.0,81.7023757959978,,0.01
S3,A3OU183,KSWIN,KSWIN_alpha=1e-05_window_size=300,mod,1e-05,300.0,1.0,72.20710321864595,200.4487136213471,2.7760248602465123,203,4505,325293.0,181009489.0,46.05285604200617,,
S3,ATHKM6V,PH,PH_threshold=500_delta=5,mod,,,,334.61298277425203,740.8750628961649,2.214125276173158,401,27575,9226953.0,15135803307.0,89.31481221699505,500.0,5.0
S3,ASFODQR,PH,PH_threshold=200_delta=2,mod,,,,411.7105072463768,1173.4170709735224,2.850102317819456,8253,85560,35225951.0,117808216177.0,163.50937794899983,200.0,2.0
S3,AKXN5ZZ,KSWIN,KSWIN_alpha=1e-05_window_size=1000,mod,1e-05,1000.0,1.0,558.7019323671498,1289.0772419949503,2.30727185161736,763,49680,27756312.0,82554256348.0,258.6979495209998,,
S3,AKXN5ZZ,PH,PH_threshold=25_delta=0.005,mod,,,,12.228562801932368,20.348568280812906,1.6640196080603522,21487,49680,607515.0,20570711.0,350.30842124300034,25.0,0.005
S3,AZIK4ZA,ADWIN,ADWIN_delta=0.01,mod,,,,14.0822826209541,19.90649167889696,1.4135841620787084,8357,44335,624338.0,17568560.0,90.06846403700183,,0.01
S3,A1ZJ41O,PH,PH_threshold=50_delta=2,mod,,,,192.06050490298352,845.530704474694,4.402418419663122,7451,47930,9205460.0,34266219714.0,105.66514515399832,50.0,2.0
S3,APGIB2T,PH,PH_threshold=100_delta=0.005,mod,,,,13.731912568306011,20.305769187476795,1.4787284062923325,2308,9150,125647.0,3772767.0,28.645963369999663,100.0,0.005
S3,A4E0D03,PH,PH_threshold=50_delta=5,mod,,,,699.2877375565611,1835.4396127580576,2.6247272963364385,3937,44200,30908518.0,148902664886.0,187.379497422,50.0,5.0
S3,AOYM4KG,KSWIN,KSWIN_alpha=0.005_window_size=300,mod,0.005,300.0,1.0,124.57102272727272,249.57588183847923,2.0034826428685872,448,8800,1096225.0,548135463.0,23.605287988000786,,
S3,A1K5DRI,ADWIN,ADWIN_delta=0.002,mod,,,,15.008675241761336,22.995771390210287,1.5321652990548438,7713,53255,799287.0,28161537.0,235.4171960900003,,0.002
S3,A36HR6Y,KSWIN,KSWIN_alpha=0.005_window_size=1000,mod,0.005,1000.0,1.0,936.7522932104948,1737.1817257292023,1.8544728828743264,388,24965,23386021.0,75339385693.0,45.05281709500196,,
S3,AQC0L71,ADWIN,ADWIN_delta=0.0001,mod,,,,219.42153697126253,1045.19682129897,4.763419469784584,3651,30970,6795485.0,33832755161.0,102.13091497899586,,0.0001
S3,AMV7EQF,PH,PH_threshold=50_delta=0.5,mod,,,,15.629635316698655,24.23651691970677,1.5506770585883434,17010,52100,814304.0,30603996.0,148.51596151599915,50.0,0.5
S3,A1K5DRI,KSWIN,KSWIN_alpha=0.001_window_size=100,mod,0.001,100.0,1.0,15.104159233874752,22.82621375031774,1.5112535161258365,6835,53255,804372.0,27747774.0,973.6275041089992,,
S3,AFPB8J2,PH,PH_threshold=100_delta=5,mod,,,,377.08680608781344,1056.5607502685273,2.8019032573165195,2661,45665,17219669.0,50976781067.0,170.05191503400056,100.0,5.0
S3,AQC0L71,PH,PH_threshold=100_delta=2,mod,,,,178.6201485308363,671.6467378455047,3.760195831040608,3362,30970,5531866.0,13970856274.0,143.3512168849993,100.0,2.0
S3,AJMQUVV,KSWIN,KSWIN_alpha=0.01_window_size=1000,mod,0.01,1000.0,1.0,759.5048653667595,1696.674798653607,2.233922224888309,840,53850,40899337.0,155018284303.0,199.5844352290005,,
S3,AJWW3IY,ADWIN,ADWIN_delta=1e-05,mod,,,,116.12694967803482,608.3708300448922,5.238842764161266,4471,41930,4869203.0,15518924753.0,134.3884235350015,,1e-05
S3,AX6281V,PH,PH_threshold=50_delta=0.5,mod,,,,16.359960745829245,23.83112712852453,1.4566738575213245,9933,40760,666832.0,23148526.0,111.99242279899772,50.0,0.5
S3,AZIK4ZA,KSWIN,KSWIN_alpha=0.0001_window_size=1000,mod,0.0001,1000.0,1.0,493.40214277658737,1020.9386959160508,2.069181722987231,685,44335,21874984.0,46211071916.0,97.5515578960003,,
S3,AOYM4KG,KSWIN,KSWIN_alpha=0.0001_window_size=300,mod,0.0001,300.0,1.0,175.86602272727274,296.3292063275695,1.6849713306310858,434,8800,1547621.0,772736787.0,34.689178631000686,,
S3,ATHKM6V,PH,PH_threshold=500_delta=0.005,mod,,,,770.7012511332729,1896.455132253104,2.4606877560721143,1400,27575,21252087.0,99174647543.0,113.73832464699808,500.0,0.005
S3,AV2GF3B,ADWIN,ADWIN_delta=0.01,mod,,,,27.341138560687437,81.18454266531643,2.9693182851590514,818,4655,127273.0,30680779.0,11.878914919994711,,0.01
S3,AYWIEKR,ADWIN,ADWIN_delta=1e-05,mod,,,,204.65443184003075,1004.434667735868,4.907954637019489,5652,52010,10644077.0,52472316981.0,206.88600277099977,,1e-05
S3,AX6281V,PH,PH_threshold=25_delta=0.5,mod,,,,16.339106967615308,23.70586234911962,1.4508664638835822,14004,40760,665982.0,22905812.0,118.41248962899772,25.0,0.5
S3,A1ZJ41O,PH,PH_threshold=500_delta=0.5,mod,,,,368.0680993114959,1388.3803702942512,3.772074713596044,2332,47930,17641504.0,92389870522.0,81.00350762999733,500.0,0.5
S3,AV2GF3B,KSWIN,KSWIN_alpha=0.0001_window_size=1000,mod,0.0001,1000.0,1.0,139.60365198711062,273.5201066919379,1.9592618301789952,71,4655,649855.0,348255673.0,21.281589990998327,,
S3,AHYIJDV,PH,PH_threshold=50_delta=0.005,mod,,,,21.52204210016937,31.557931244577084,1.4663074766649926,13323,41330,889506.0,41160672.0,241.50080440099555,50.0,0.005
S3,ATHKM6V,KSWIN,KSWIN_alpha=0.0001_window_size=100,mod,0.0001,100.0,1.0,455.5639891205802,2140.252207784956,4.698027629261246,3160,27575,12562177.0,126312237569.0,674.050933106002,,
S3,A36HR6Y,PH,PH_threshold=50_delta=5,mod,,,,515.2070899258963,1189.53552972876,2.308849301549508,2680,24965,12862145.0,35325344595.0,45.984219041998585,50.0,5.0
S3,AAXAA7Z,PH,PH_threshold=200_delta=5,mod,,,,292.4339114194237,790.0991774911205,2.701804225290137,2360,37480,10960423.0,23397141501.0,143.9637210400033,200.0,5.0
S3,A3OU183,ADWIN,ADWIN_delta=0.002,mod,,,,13.83684794672586,18.704566857044725,1.351793914991361,611,4505,62335.0,1576123.0,18.59532491999562,,0.002
S3,AAXAA7Z,PH,PH_threshold=200_delta=0.005,mod,,,,185.38212379935965,898.1315793234392,4.8447582804450615,5577,37480,6948122.0,30232879710.0,162.0821617199981,200.0,0.005
S3,AA2KP1S,PH,PH_threshold=25_delta=0.005,mod,,,,9.769886246122027,17.073647879499372,1.747578983969894,20399,48350,472374.0,14094482.0,347.04380682899864,25.0,0.005
S3,AX6281V,PH,PH_threshold=500_delta=0.005,mod,,,,651.8088076545633,1626.8440289043529,2.495891448227446,2275,40760,26567727.0,107876292111.0,67.79066189200239,500.0,0.005
S3,AFPB8J2,KSWIN,KSWIN_alpha=0.01_window_size=1000,mod,0.01,1000.0,1.0,607.1388590824482,1291.4556980035495,2.127117509749401,710,45665,27724996.0,76162727346.0,189.11529296499796,,
S3,A0VFT1N,PH,PH_threshold=50_delta=5,mod,,,,470.7965875512344,1317.8562881895186,2.79920526833917,5275,52455,24695635.0,91100969273.0,225.45973296599917,50.0,5.0
S3,A4E0D03,ADWIN,ADWIN_delta=0.05,mod,,,,13.437466063348417,18.096269708853413,1.3467025422458323,9002,44200,593936.0,14474394.0,180.58653577299992,,0.05
S3,AUY8KYW,PH,PH_threshold=50_delta=0.005,mod,,,,17.820362396842484,25.79992260566992,1.4477776619313476,20817,55740,993307.0,37102551.0,361.6584117989996,50.0,0.005
S3,AQC0L71,KSWIN,KSWIN_alpha=1e-05_window_size=300,mod,1e-05,300.0,1.0,438.491023571198,1406.7873097495788,3.2082465412684966,1421,30970,13580067.0,61291195065.0,432.1085319449994,,
S3,A36HR6Y,PH,PH_threshold=100_delta=0.5,mod,,,,14.28896455037052,19.83979698894088,1.3884698866039542,5363,24965,356724.0,9826662.0,56.89327810299801,100.0,0.5
S3,A3OU183,KSWIN,KSWIN_alpha=0.005_window_size=100,mod,0.005,100.0,1.0,44.631076581576025,213.1173427382311,4.775088549537862,615,4505,201063.0,204612603.0,70.49996602299507,,
S3,A4G0044,PH,PH_threshold=500_delta=2,mod,,,,142.2,303.9686667003204,2.1376136898756712,368,7450,1059390.0,688357280.0,10.171885738000128,500.0,2.0
S3,AYEFCWQ,PH,PH_threshold=500_delta=0.005,mod,,,,596.7155979328918,2022.8291989128445,3.3899385333988485,4963,68695,40991378.0,281088809210.0,123.7779990679992,500.0,0.005
S3,AA2KP1S,PH,PH_threshold=100_delta=5,mod,,,,412.745480868666,1311.814168429448,3.1782641585041658,2914,48350,19956244.0,83203407544.0,149.68378693900013,100.0,5.0
S3,AZIK4ZA,KSWIN,KSWIN_alpha=0.01_window_size=300,mod,0.01,300.0,1.0,689.2021202210443,1668.8890663485104,2.421479878519898,2274,44335,30555776.0,123481430384.0,114.53855933399971,,
S3,A1ZJ41O,ADWIN,ADWIN_delta=0.002,mod,,,,48.681556436469855,295.2815576869566,6.065573480016059,7334,47930,2333307.0,4179074135.0,91.11243355999976,,0.002
S3,A3OU183,KSWIN,KSWIN_alpha=0.01_window_size=1000,mod,0.01,1000.0,1.0,68.95871254162043,117.15049940846907,1.6988498637900502,70,4505,310659.0,61827699.0,18.75757900899771,,
S3,AFPB8J2,PH,PH_threshold=500_delta=0.5,mod,,,,444.3765465892916,1276.8440558307525,2.8733380859788182,2278,45665,20292455.0,74449053375.0,185.3788719600016,500.0,0.5
S3,AIFDJZB,PH,PH_threshold=100_delta=0.005,mod,,,,56.90398768901378,455.4274520389108,8.003436499527401,18315,74730,4252435.0,15500060481.0,378.7968357219997,100.0,0.005
S3,ATHKM6V,KSWIN,KSWIN_alpha=0.01_window_size=300,mod,0.01,300.0,1.0,1147.2594016319129,2510.9304907312294,2.188633614298188,1397,27575,31635678.0,173854085950.0,166.4519399369965,,
S3,ASFODQR,ADWIN,ADWIN_delta=0.01,mod,,,,41.29883122954652,231.2254050451397,5.598836532684092,15310,85560,3533528.0,4574481480.0,173.26824644299995,,0.01
S3,AJWW3IY,KSWIN,KSWIN_alpha=0.005_window_size=1000,mod,0.005,1000.0,1.0,438.6567851180539,1211.854262313947,2.762647936672872,653,41930,18392879.0,61578010277.0,148.4778730620019,,
S3,AQC0L71,PH,PH_threshold=50_delta=2,mod,,,,62.9827575072651,359.2087123993653,5.703286528188772,5303,30970,1950576.0,3996086944.0,127.64349572799983,50.0,2.0
S3,AIFDJZB,PH,PH_threshold=50_delta=0.5,mod,,,,17.86483340024087,26.035331221859423,1.4573509105049027,22681,74730,1335039.0,50654869.0,434.85242152699993,50.0,0.5
S3,A0VFT1N,KSWIN,KSWIN_alpha=0.005_window_size=1000,mod,0.005,1000.0,1.0,612.5650176341626,1374.6962522082754,2.2441638236502666,817,52455,32132098.0,99128923216.0,205.7136575249988,,
S3,AIFDJZB,PH,PH_threshold=50_delta=5,mod,,,,417.7765154556403,1452.644050035419,3.4770840300851265,9416,74730,31220439.0,157693358029.0,355.59994757999993,50.0,5.0
S3,AOYM4KG,PH,PH_threshold=25_delta=2,mod,,,,58.58011363636364,154.11788618103057,2.630890870880145,2641,8800,515505.0,209020441.0,22.296914456001105,25.0,2.0
S3,AMV7EQF,PH,PH_threshold=50_delta=2,mod,,,,15.951785028790788,24.729910709204365,1.5502911219384077,11984,52100,831088.0,31862718.0,127.14577542900042,50.0,2.0
S3,AV2GF3B,Sem detector (HT),HT,mod,,,,21.79892588614393,26.40378842068983,1.2112426345498468,0,4655,101474.0,3245280.0,11.366784412995912,,
S3,APGIB2T,ADWIN,ADWIN_delta=1e-05,mod,,,,99.7496174863388,257.25091215247164,2.578966402429597,963,9150,912709.0,605528991.0,36.93132662499556,,1e-05
S3,AHYIJDV,PH,PH_threshold=500_delta=0.005,mod,,,,364.4350350834745,1105.822040799612,3.034346136743745,2368,41330,15062100.0,50540075810.0,136.77831958699971,500.0,0.005
S3,A7EM0B6,PH,PH_threshold=50_delta=5,mod,,,,607.0552037373475,1564.3748884844506,2.5769895041725124,4265,38530,23389837.0,94293266545.0,73.95762664100039,50.0,5.0
S3,AKXN5ZZ,KSWIN,KSWIN_alpha=0.001_window_size=1000,mod,0.001,1000.0,1.0,503.8692834138486,1128.1924481757414,2.239057797950963,773,49680,25032226.0,63233608182.0,182.07133700800117,,
S3,A1K5DRI,PH,PH_threshold=25_delta=5,mod,,,,336.3159515538447,1008.2587505987034,2.9979510217709064,7240,53255,17910506.0,54138271888.0,241.72385817699976,25.0,5.0
S3,AUY8KYW,PH,PH_threshold=200_delta=5,mod,,,,547.3231790455687,1168.7200251255772,2.135338077885922,3793,55740,30507794.0,76135628150.0,223.12768682899969,200.0,5.0
S3,A0NVTRV,PH,PH_threshold=50_delta=0.5,mod,,,,14.920627099664054,23.72380361119934,1.5900004371621548,4656,22325,333103.0,12564931.0,120.6853448519978,50.0,0.5
S3,AA2KP1S,PH,PH_threshold=500_delta=0.005,mod,,,,515.3384901758014,1398.5016923906246,2.7137536183519746,2841,48350,24916616.0,94563267658.0,185.737710581001,500.0,0.005
S3,AMV7EQF,KSWIN,KSWIN_alpha=1e-05_window_size=1000,mod,1e-05,1000.0,1.0,750.4898848368522,1569.4981004734077,2.091298140300183,791,52100,39100523.0,128339195373.0,148.39806579600008,,
S3,AA2KP1S,KSWIN,KSWIN_alpha=0.0001_window_size=100,mod,0.0001,100.0,1.0,10.38047569803516,54.46708900704864,5.247070615208731,5655,48350,501896.0,143438194.0,1165.5662098579996,,
S3,A4G0044,Sem detector (HT),HT,mod,,,,24.011543624161074,31.2210262999389,1.3002506956080675,0,7450,178886.0,7261906.0,12.013310170001205,,
S3,AJWW3IY,KSWIN,KSWIN_alpha=0.001_window_size=300,mod,0.001,300.0,1.0,209.8610064393036,845.8162791966505,4.03036416124917,2091,41930,8799472.0,29996939120.0,291.4572344449989,,
S3,AA2KP1S,ADWIN,ADWIN_delta=0.0001,mod,,,,54.31580144777663,391.0353268251254,7.19929222071954,5727,48350,2626169.0,7393132107.0,144.90165582199916,,0.0001
S3,AOYM4KG,PH,PH_threshold=25_delta=5,mod,,,,127.89795454545454,247.0558172117828,1.9316635523203765,2006,8800,1125502.0,537121876.0,20.16669971399824,25.0,5.0
S3,A3OU183,PH,PH_threshold=200_delta=0.005,mod,,,,14.355826859045504,20.38985732929463,1.42031925638941,638,4505,64673.0,1872937.0,20.074955577001678,200.0,0.005
S3,AJMQUVV,PH,PH_threshold=100_delta=5,mod,,,,425.4745032497679,1243.603364400404,2.922862251208428,3759,53850,22911802.0,83281681310.0,200.35233322400015,100.0,5.0
S3,AFPB8J2,PH,PH_threshold=500_delta=5,mod,,,,579.528457242965,1420.6560119470082,2.451399916935233,801,45665,26464167.0,92164002923.0,152.8594750150005,500.0,5.0
S3,A4E0D03,KSWIN,KSWIN_alpha=0.005_window_size=1000,mod,0.005,1000.0,1.0,856.2950452488687,1795.701510476757,2.097059326035064,686,44200,37848241.0,142524841031.0,177.1903753709994,,
S3,AFPB8J2,KSWIN,KSWIN_alpha=0.005_window_size=1000,mod,0.005,1000.0,1.0,671.8252271980729,1668.5331014886,2.483582089418428,709,45665,30678899.0,127131483787.0,181.597400658,,
S3,AA2KP1S,ADWIN,ADWIN_delta=0.05,mod,,,,9.495801447776628,15.356848715862991,1.617225128423329,9707,48350,459122.0,11402516.0,239.6800226689993,,0.05
S3,AX6281V,PH,PH_threshold=100_delta=0.5,mod,,,,16.305888125613347,23.13073735951573,1.4185512117663734,6431,40760,664628.0,21807864.0,83.96777110000039,100.0,0.5
S3,AIFDJZB,KSWIN,KSWIN_alpha=1e-05_window_size=300,mod,1e-05,300.0,1.0,720.5941924260671,1770.6440906209837,2.457200056885904,3568,74730,53850004.0,234292038440.0,803.7150640680002,,
S3,AFPB8J2,KSWIN,KSWIN_alpha=0.005_window_size=100,mod,0.005,100.0,1.0,16.05744005255666,21.54046657867519,1.3414633035012031,6069,45665,733263.0,21188181.0,772.2801600839994,,
S3,AJMQUVV,KSWIN,KSWIN_alpha=0.005_window_size=1000,mod,0.005,1000.0,1.0,792.3204642525534,1987.5292334074045,2.5084916054545783,837,53850,42666457.0,212722171629.0,215.3730682249989,,
S3,A3OU183,ADWIN,ADWIN_delta=1e-05,mod,,,,45.53873473917869,124.2303577955172,2.728015139354259,423,4505,205152.0,69526484.0,17.924160517999553,,1e-05
S3,AV2GF3B,ADWIN,ADWIN_delta=0.05,mod,,,,47.14908700322234,217.4168112575489,4.611262382295756,993,4655,219479.0,220042175.0,22.999559770003543,,0.05
S3,AAXAA7Z,KSWIN,KSWIN_alpha=0.0001_window_size=100,mod,0.0001,100.0,1.0,334.80458911419424,1233.810156202117,3.685165007643585,4281,37480,12548476.0,57055335558.0,936.8949561150002,,
S3,AZIK4ZA,KSWIN,KSWIN_alpha=0.0001_window_size=100,mod,0.0001,100.0,1.0,14.162196909890604,20.018814315081386,1.4135387639682253,5430,44335,627881.0,17767381.0,507.4203421130005,,
S3,AX6281V,Sem detector (HT),HT,mod,,,,18.541854759568203,24.46246649314744,1.3193106520545903,0,40760,755766.0,24391284.0,168.21573451299992,,
S3,AYEFCWQ,KSWIN,KSWIN_alpha=0.01_window_size=300,mod,0.01,300.0,1.0,1032.4118203653832,2487.2310705796813,2.4091462549309246,3533,68695,70921530.0,424969142382.0,164.91119973199966,,
S3,AIFDJZB,KSWIN,KSWIN_alpha=0.01_window_size=300,mod,0.01,300.0,1.0,918.6183192827511,2227.725334457434,2.4250826351871817,3840,74730,68648347.0,370867067189.0,394.9797113589998,,
S3,AZIK4ZA,PH,PH_threshold=25_delta=2,mod,,,,13.878290289838729,22.65166270696476,1.6321652187625473,11123,44335,615294.0,22748192.0,117.68984033000017,25.0,2.0
S3,APGIB2T,KSWIN,KSWIN_alpha=0.001_window_size=100,mod,0.001,100.0,1.0,33.97704918032787,168.4389802113656,4.957434040766815,1213,9150,310890.0,259600964.0,154.7904267529957,,
S3,AQC0L71,PH,PH_threshold=50_delta=0.5,mod,,,,12.18298353245076,20.5575756521428,1.6874007583926682,8526,30970,377307.0,13088353.0,151.42006600199966,50.0,0.5
S3,AA2KP1S,KSWIN,KSWIN_alpha=0.005_window_size=100,mod,0.005,100.0,1.0,10.181737331954498,15.234026167021554,1.4962108793762423,6500,48350,492287.0,11220853.0,697.6801182419986,,
S3,A1ZJ41O,KSWIN,KSWIN_alpha=0.005_window_size=300,mod,0.005,300.0,1.0,856.2351554350093,2326.988856210716,2.717698334902509,2441,47930,41039351.0,259535061173.0,138.93185820299914,,
S3,A4G0044,PH,PH_threshold=50_delta=0.005,mod,,,,22.973825503355705,32.05974498217582,1.3954900535608652,2971,7450,171155.0,7657313.0,22.07065432599848,50.0,0.005
S3,AYEFCWQ,KSWIN,KSWIN_alpha=1e-05_window_size=1000,mod,1e-05,1000.0,1.0,766.2396972123153,2126.124138730743,2.774750703292812,1050,68695,52636836.0,310529142702.0,169.51702702799955,,
S3,AUY8KYW,PH,PH_threshold=500_delta=5,mod,,,,565.5506637961967,1167.574004126944,2.06449055561129,1824,55740,31523794.0,75986387532.0,204.99375063000025,500.0,5.0
S3,AV2GF3B,PH,PH_threshold=100_delta=0.5,mod,,,,16.5312567132116,23.5869167616305,1.426807239813782,1180,4655,76953.0,2589775.0,26.184726723993663,100.0,0.5
S3,AA2KP1S,PH,PH_threshold=100_delta=0.5,mod,,,,96.9794829369183,756.9554365389647,7.805315244167029,7899,48350,4688958.0,27703657116.0,225.7986174510006,100.0,0.5
S3,AAXAA7Z,PH,PH_threshold=50_delta=5,mod,,,,293.6496264674493,871.2841115818559,2.9670874166033943,4908,37480,11005988.0,28452417396.0,160.36207000700233,50.0,5.0
S3,AX6281V,PH,PH_threshold=200_delta=0.005,mod,,,,139.6994602551521,570.6870383845919,4.085105535427758,4624,40760,5694150.0,13274867440.0,77.18401794300007,200.0,0.005
S3,AZIK4ZA,KSWIN,KSWIN_alpha=1e-05_window_size=300,mod,1e-05,300.0,1.0,453.0786286229841,1229.226232251517,2.7130527784712206,2116,44335,20087241.0,66990057761.0,243.3040895980012,,
S3,ATHKM6V,ADWIN,ADWIN_delta=0.05,mod,,,,12.13990933816863,17.497602477913023,1.4413289251592245,5611,27575,334758.0,8442530.0,136.35695881900028,,0.05
S3,A1K5DRI,Sem detector (HT),HT,mod,,,,17.722185710261947,23.299646225297423,1.314716288736658,0,53255,943795.0,28910729.0,530.8362778459996,,
S3,APGIB2T,KSWIN,KSWIN_alpha=0.005_window_size=300,mod,0.005,300.0,1.0,165.33071038251367,362.5894096633271,2.193115899789157,465,9150,1512776.0,1202960382.0,59.671990228998766,,
S3,AYEFCWQ,PH,PH_threshold=200_delta=2,mod,,,,385.7212752019798,1433.8950181821629,3.717438239390128,6386,68695,26497123.0,141240692947.0,126.5709137289996,200.0,2.0
S3,A0VFT1N,PH,PH_threshold=50_delta=0.005,mod,,,,17.08809455723954,25.64313429514588,1.500643281745062,16941,52455,896356.0,34492852.0,315.1276385750007,50.0,0.005
S3,A0NVTRV,PH,PH_threshold=500_delta=0.005,mod,,,,483.33500559910414,1344.3681164471272,2.781441652008536,1023,22325,10790454.0,40348544746.0,91.21738240600098,500.0,0.005
S3,APGIB2T,KSWIN,KSWIN_alpha=0.001_window_size=300,mod,0.001,300.0,1.0,151.1703825136612,330.92490968042057,2.189085614376315,460,9150,1383209.0,1002028357.0,53.17504223900323,,
S3,AJWW3IY,PH,PH_threshold=500_delta=0.005,mod,,,,346.62532792749823,1030.955621007752,2.974265115512249,2418,41930,14534000.0,44566117820.0,149.38346986300166,500.0,0.005
S3,AJWW3IY,PH,PH_threshold=50_delta=0.5,mod,,,,12.079537324111614,19.964462225854344,1.6527505723256353,10832,41930,506495.0,16712449.0,225.878994302002,50.0,0.5
S3,AUY8KYW,PH,PH_threshold=50_delta=5,mod,,,,417.86316828130606,1027.7811460241487,2.459611719911732,8632,55740,23291693.0,58880061849.0,260.0027637740004,50.0,5.0
S3,AZIK4ZA,PH,PH_threshold=50_delta=2,mod,,,,251.5462952520582,853.5660004010896,3.3932759754850954,8558,44335,11152305.0,32301368947.0,100.76740037299896,50.0,2.0
S3,AJMQUVV,KSWIN,KSWIN_alpha=0.005_window_size=100,mod,0.005,100.0,1.0,460.399591457753,2817.2840625370154,6.1192149489462215,7342,53850,24792518.0,427412268984.0,835.6838300170002,,
S3,AZIK4ZA,KSWIN,KSWIN_alpha=0.001_window_size=1000,mod,0.001,1000.0,1.0,439.26096763279577,1014.4213229399912,2.3093818884176525,689,44335,19474635.0,45622959257.0,78.95561376399928,,
S3,A1K5DRI,KSWIN,KSWIN_alpha=0.01_window_size=300,mod,0.01,300.0,1.0,801.7608863017557,1836.3042024030296,2.2903389698557914,2718,53255,42697776.0,179576558906.0,307.3478624899999,,
S3,AAXAA7Z,PH,PH_threshold=200_delta=0.5,mod,,,,243.5071771611526,945.309339676046,3.882059455892103,4931,37480,9126649.0,33492493343.0,141.6639383130023,200.0,0.5
S3,ATHKM6V,PH,PH_threshold=500_delta=0.5,mod,,,,443.13715321849503,1266.9061631754464,2.858948192391308,1175,27575,12219507.0,44259287565.0,111.21016692899866,500.0,0.5
S3,A36HR6Y,KSWIN,KSWIN_alpha=0.001_window_size=1000,mod,0.001,1000.0,1.0,846.8368916483076,2125.5120045188864,2.5099426176175776,386,24965,21141283.0,112786908989.0,49.10757945200021,,
S3,ATHKM6V,PH,PH_threshold=200_delta=2,mod,,,,564.1721849501359,1790.5631718496854,3.1737884631939863,1614,27575,15557048.0,88408661726.0,98.9122483300016,200.0,2.0
S3,AHYIJDV,PH,PH_threshold=100_delta=5,mod,,,,232.06767481248488,717.470589581952,3.0916438067545684,2289,41330,9591357.0,21275198059.0,171.05196778700338,100.0,5.0
S3,AX6281V,PH,PH_threshold=200_delta=5,mod,,,,754.5839057899902,2103.3769602589045,2.787465971801815,1454,40760,30756840.0,180330173402.0,66.68490467499942,200.0,5.0
S3,ASFODQR,KSWIN,KSWIN_alpha=0.0001_window_size=300,mod,0.0001,300.0,1.0,828.2208391771856,2071.707800950108,2.501395404404811,4097,85560,70862575.0,367221228063.0,470.0901104650002,,
S3,AHYIJDV,ADWIN,ADWIN_delta=0.05,mod,,,,20.15603677715945,28.65642230913765,1.421729014783835,8482,41330,833049.0,33939805.0,125.35298437000164,,0.05
S3,AIFDJZB,PH,PH_threshold=100_delta=5,mod,,,,522.9920915295062,1516.532419565504,2.8997234262765987,6861,74730,39083199.0,171869328413.0,325.33634753700017,100.0,5.0
S3,ASFODQR,PH,PH_threshold=100_delta=0.5,mod,,,,311.5304932211314,1256.1612417875865,4.032225638008202,17835,85560,26654549.0,135008637553.0,204.9339551200001,100.0,0.5
S3,ASFODQR,PH,PH_threshold=200_delta=0.005,mod,,,,211.8033543712015,844.7794679386318,3.988508446651376,12928,85560,18121895.0,61060095019.0,183.73387251500023,200.0,0.005
S3,AQC0L71,KSWIN,KSWIN_alpha=0.001_window_size=300,mod,0.001,300.0,1.0,595.2947691314175,1507.5152027221775,2.5323844268306983,1547,30970,18436279.0,70382486617.0,219.943142944001,,
S3,AYWIEKR,KSWIN,KSWIN_alpha=0.001_window_size=1000,mod,0.001,1000.0,1.0,498.7967506248799,1067.0288158107203,2.1392056272900213,807,52010,25942419.0,59216011181.0,206.49090193699885,,
S3,AX6281V,KSWIN,KSWIN_alpha=0.005_window_size=1000,mod,0.005,1000.0,1.0,503.6344700686948,1077.11732466078,2.138688649555427,634,40760,20528141.0,47289007359.0,72.06085944300139,,
S3,AQC0L71,PH,PH_threshold=200_delta=2,mod,,,,519.386406199548,1417.565031671706,2.729307149265432,2108,30970,16085397.0,62233924471.0,116.4488261170045,200.0,2.0
S3,AUY8KYW,KSWIN,KSWIN_alpha=0.01_window_size=300,mod,0.01,300.0,1.0,809.5843021169717,1704.921132585061,2.105921678726829,2863,55740,45126229.0,162022583249.0,292.1627924470004,,
S3,AJWW3IY,KSWIN,KSWIN_alpha=0.01_window_size=300,mod,0.01,300.0,1.0,680.7251609825901,2026.910002683704,2.9775746789761204,2135,41930,28542806.0,172263709186.0,269.6065293110005,,
S3,AX6281V,PH,PH_threshold=500_delta=2,mod,,,,803.5390578999019,2293.7145775783624,2.854515353084546,1391,40760,32752252.0,214443518724.0,65.34871411799759,500.0,2.0
S3,A0NVTRV,PH,PH_threshold=200_delta=5,mod,,,,476.5969988801792,1212.235259210444,2.5435226450412687,525,22325,10640028.0,32806907276.0,71.00781301599636,200.0,5.0
S3,AYEFCWQ,PH,PH_threshold=100_delta=2,mod,,,,285.58781570711113,1292.1812354281103,4.52463713211535,10107,68695,19618455.0,114702263453.0,142.02328109200062,100.0,2.0
S3,A4E0D03,KSWIN,KSWIN_alpha=0.005_window_size=100,mod,0.005,100.0,1.0,120.46242081447964,852.0918839333926,7.07350788878527,5833,44200,5324439.0,32091877577.0,669.2234576240007,,
S3,AHYIJDV,KSWIN,KSWIN_alpha=0.0001_window_size=300,mod,0.0001,300.0,1.0,668.9975562545367,1551.869075349584,2.3196931899690485,1984,41330,27649669.0,99534940925.0,418.63594436800486,,
S3,AQC0L71,PH,PH_threshold=25_delta=5,mod,,,,542.0783015821763,1411.727514284648,2.604287074697893,3785,30970,16788165.0,61722422575.0,106.0924271719996,25.0,5.0
S3,AKXN5ZZ,KSWIN,KSWIN_alpha=0.001_window_size=300,mod,0.001,300.0,1.0,880.9600241545894,2060.394654068802,2.338806072439046,2516,49680,43766094.0,210902834164.0,273.2118693190023,,
S3,A3OU183,PH,PH_threshold=500_delta=5,mod,,,,140.6834628190899,266.383502220524,1.893495488969279,131,4505,633779.0,319675567.0,12.178684452002926,500.0,5.0
S3,A4G0044,PH,PH_threshold=100_delta=2,mod,,,,137.03194630872483,286.5910047905301,2.0914174578302904,1354,7450,1020888.0,611901310.0,15.582282873998338,100.0,2.0
S3,A36HR6Y,KSWIN,KSWIN_alpha=0.0001_window_size=100,mod,0.0001,100.0,1.0,21.16270779090727,30.558090182893896,1.443959368754476,3041,24965,528327.0,23312239.0,315.2696484949993,,
S3,A1ZJ41O,PH,PH_threshold=100_delta=0.005,mod,,,,75.56386396828708,534.7550604058538,7.076862303260216,9480,47930,3621776.0,13706205374.0,115.52229812499718,100.0,0.005
S3,ASFODQR,KSWIN,KSWIN_alpha=1e-05_window_size=1000,mod,1e-05,1000.0,1.0,647.9764609630669,1585.3843390561622,2.446669647073068,1295,85560,55440866.0,215050226076.0,260.2658756949995,,
S3,AJWW3IY,KSWIN,KSWIN_alpha=1e-05_window_size=1000,mod,1e-05,1000.0,1.0,305.4378487956117,630.733324749595,2.065013642666333,638,41930,12807009.0,16680782415.0,228.84449963099905,,
S3,AYEFCWQ,KSWIN,KSWIN_alpha=0.005_window_size=1000,mod,0.005,1000.0,1.0,661.6842128248053,1386.472890914198,2.0953694587863705,1071,68695,45454397.0,132052884671.0,115.1464944670006,,
S3,A4G0044,PH,PH_threshold=100_delta=0.5,mod,,,,63.088322147651006,193.9098891255192,3.0736257127221616,1892,7450,470008.0,280127786.0,17.421349712003575,100.0,0.5
S3,A4E0D03,ADWIN,ADWIN_delta=1e-05,mod,,,,227.64816742081447,1096.3370496970635,4.815927411664385,4707,44200,10062049.0,53126407753.0,145.41021083599844,,1e-05
S3,ASFODQR,KSWIN,KSWIN_alpha=0.0001_window_size=1000,mod,0.0001,1000.0,1.0,657.3427653108929,1517.6780400042912,2.308807702913562,1315,85560,56242247.0,197074337929.0,199.90638264600057,,
S3,AOYM4KG,PH,PH_threshold=50_delta=5,mod,,,,167.3159090909091,273.97437670502893,1.637467579703782,1694,8800,1472380.0,660545240.0,18.879907131002252,50.0,5.0
S3,AQC0L71,PH,PH_threshold=500_delta=2,mod,,,,357.7518566354537,930.2115142898436,2.600158453510758,1067,30970,11079575.0,26798138497.0,124.89521158800198,500.0,2.0
S3,AX6281V,PH,PH_threshold=25_delta=2,mod,,,,65.1112365063788,395.7569743886172,6.078167081803856,8828,40760,2653934.0,6383977234.0,95.19320929199966,25.0,2.0
S3,A1K5DRI,PH,PH_threshold=200_delta=0.5,mod,,,,572.3568866773073,1666.2858027632806,2.911270645202748,5572,53255,30480866.0,147862953590.0,166.61844866899992,200.0,0.5
S3,AIFDJZB,KSWIN,KSWIN_alpha=0.005_window_size=300,mod,0.005,300.0,1.0,935.6512110263616,2257.245531089187,2.412486089354925,3815,74730,69921215.0,380761111577.0,425.79611977099967,,
S3,AV2GF3B,PH,PH_threshold=100_delta=2,mod,,,,62.99871106337272,200.65265743724223,3.185027979943881,876,4655,293259.0,187417231.0,22.78754164699785,100.0,2.0
S3,A1ZJ41O,KSWIN,KSWIN_alpha=0.005_window_size=1000,mod,0.005,1000.0,1.0,469.8860004172752,1503.0504379936594,3.198755520826112,746,47930,22521636.0,108281568476.0,85.01242774999992,,
S3,AZIK4ZA,KSWIN,KSWIN_alpha=0.005_window_size=1000,mod,0.005,1000.0,1.0,519.5792489004173,1127.8320790798407,2.17066420852385,692,44335,23035546.0,56394350480.0,72.91710234399943,,
S3,ATHKM6V,PH,PH_threshold=200_delta=5,mod,,,,552.4573345421577,1462.283510914327,2.6468713862332494,763,27575,15234011.0,58962879803.0,110.63251093199506,200.0,5.0
S3,A0VFT1N,PH,PH_threshold=25_delta=0.5,mod,,,,19.288285196835385,30.00878116330073,1.5558034764139763,18767,52455,1011767.0,47237141.0,309.0820884800014,25.0,0.5
S3,A4G0044,PH,PH_threshold=25_delta=2,mod,,,,50.18161073825503,155.7628842419867,3.103983350682758,2543,7450,373853.0,180752467.0,20.81243180599995,25.0,2.0
S3,A1ZJ41O,PH,PH_threshold=200_delta=0.5,mod,,,,281.1913206759858,1269.0836394313471,4.513239015985492,4808,47930,13477500.0,77194777496.0,90.34261681600036,200.0,0.5
S3,A1ZJ41O,PH,PH_threshold=50_delta=5,mod,,,,476.4088045065721,1518.4884375001393,3.187364345780456,3822,47930,22834274.0,110517335972.0,89.16486398699999,50.0,5.0
S3,AV2GF3B,KSWIN,KSWIN_alpha=0.001_window_size=100,mod,0.001,100.0,1.0,107.41009667024704,331.61335009839416,3.0873573377041024,625,4655,499994.0,511898312.0,69.91733304399531,,
S3,AYWIEKR,PH,PH_threshold=50_delta=5,mod,,,,389.9398384925976,1070.5846679383951,2.745512415651059,5112,52010,20280771.0,59611341139.0,217.0168836609992,50.0,5.0
S3,A7EM0B6,KSWIN,KSWIN_alpha=0.0001_window_size=100,mod,0.0001,100.0,1.0,18.50628082014015,25.959638959705227,1.402747489460642,4721,38530,713047.0,25965477.0,433.69740546200046,,
S3,AHYIJDV,PH,PH_threshold=50_delta=5,mod,,,,253.9947011855795,880.8309483489554,3.467910725056356,3479,41330,10497601.0,32066424385.0,176.53827619300137,50.0,5.0
S3,A7EM0B6,KSWIN,KSWIN_alpha=0.01_window_size=1000,mod,0.01,1000.0,1.0,531.1325979756034,1103.2640721744488,2.0771914139322423,601,38530,20464539.0,46898392847.0,61.11257402699994,,
S3,AA2KP1S,ADWIN,ADWIN_delta=0.01,mod,,,,9.76477766287487,16.11717371381222,1.6505418013856883,8026,48350,472127.0,12559555.0,201.9667038730004,,0.01
S3,A3OU183,KSWIN,KSWIN_alpha=0.01_window_size=300,mod,0.01,300.0,1.0,84.98934517203108,215.95442494076923,2.540958804937788,228,4505,382877.0,210096593.0,28.85515166800178,,
S3,A3OU183,PH,PH_threshold=25_delta=2,mod,,,,14.025527192008878,20.78677223887797,1.482067087697163,1329,4505,63185.0,1946565.0,27.297763378002852,25.0,2.0
S3,AMV7EQF,KSWIN,KSWIN_alpha=0.0001_window_size=100,mod,0.0001,100.0,1.0,15.74602687140115,22.37994372195964,1.42130734976754,6246,52100,820368.0,26094904.0,678.5532029329988,,
S3,AYWIEKR,KSWIN,KSWIN_alpha=1e-05_window_size=300,mod,1e-05,300.0,1.0,618.4194577965776,1623.7929954695971,2.62571459386992,2400,52010,32163996.0,137134959028.0,685.9314141700015,,
S3,A0NVTRV,PH,PH_threshold=200_delta=0.005,mod,,,,121.27189249720044,621.7922572317988,5.127257804162269,2236,22325,2707395.0,8631416769.0,87.624744722998,200.0,0.005
S3,AKXN5ZZ,PH,PH_threshold=200_delta=5,mod,,,,625.7770933977456,1351.3160385456083,2.159420747104126,1732,49680,31088606.0,90718414190.0,190.0464291140015,200.0,5.0
S3,ATHKM6V,PH,PH_threshold=25_delta=0.5,mod,,,,12.188032638259292,18.72469340859,1.536317957486556,8639,27575,336085.0,9668185.0,147.56220140799996,25.0,0.5
S3,ATHKM6V,KSWIN,KSWIN_alpha=0.001_window_size=1000,mod,0.001,1000.0,1.0,724.6990027198549,2281.9112799523755,3.148771105504734,428,27575,19983575.0,143586308895.0,98.60109677499712,,
S3,APGIB2T,PH,PH_threshold=200_delta=0.005,mod,,,,54.15387978142076,204.5854045614272,3.777853136048377,1358,9150,495508.0,382974968.0,42.09728329100472,200.0,0.005
S3,AHYIJDV,PH,PH_threshold=25_delta=0.005,mod,,,,20.033922090491167,29.408986843100735,1.4679595293554286,17826,41330,828002.0,35745842.0,260.8362077580023,25.0,0.005
S3,A0VFT1N,PH,PH_threshold=100_delta=0.005,mod,,,,16.852292441140026,25.72975298624532,1.5267805894130777,11146,52455,883987.0,34726269.0,233.25391451299947,100.0,0.005
S3,A1ZJ41O,PH,PH_threshold=500_delta=2,mod,,,,384.2016482370123,1063.3898319606485,2.7677909161510104,1582,47930,18414785.0,54199145011.0,77.13592528899972,500.0,2.0
S3,A3OU183,PH,PH_threshold=200_delta=0.5,mod,,,,15.261487236403996,23.85694043885801,1.5632120296867822,557,4505,68753.0,2564037.0,20.313910639000824,200.0,0.5
S3,AKXN5ZZ,ADWIN,ADWIN_delta=0.05,mod,,,,10.916002415458935,15.75767009004398,1.443538530893728,11384,49680,542307.0,12335751.0,241.3295215230028,,0.05
S3,A0VFT1N,KSWIN,KSWIN_alpha=0.01_window_size=300,mod,0.01,300.0,1.0,1103.6313602135162,2573.797593423221,2.3321171237153644,2675,52455,57890983.0,347484688193.0,244.45475765899937,,
S3,AKXN5ZZ,PH,PH_threshold=50_delta=5,mod,,,,389.7783413848631,1213.1860344509391,3.112502429305203,4218,49680,19364188.0,73120035196.0,203.6374095520005,50.0,5.0
S3,APGIB2T,PH,PH_threshold=25_delta=0.005,mod,,,,14.407868852459016,23.20443711102134,1.610539167772963,4288,9150,131832.0,4926780.0,64.98686059600004,25.0,0.005
S3,A4G0044,KSWIN,KSWIN_alpha=0.01_window_size=1000,mod,0.01,1000.0,1.0,122.49624161073824,188.6864360279763,1.5403446958607396,116,7450,912597.0,265239155.0,11.976412068997888,,
S3,ATHKM6V,PH,PH_threshold=100_delta=2,mod,,,,90.63343608340888,532.5940294951241,5.876352618971481,2589,27575,2499217.0,7821825237.0,107.79940200800048,100.0,2.0
S3,APGIB2T,KSWIN,KSWIN_alpha=0.01_window_size=300,mod,0.01,300.0,1.0,166.45595628415302,344.86809325977646,2.0718278934462417,469,9150,1523072.0,1088246116.0,55.29639924100047,,
S3,AOYM4KG,PH,PH_threshold=100_delta=0.005,mod,,,,39.13943181818182,108.1156877230043,2.76232133939104,2458,8800,344427.0,102863217.0,21.70813894900129,100.0,0.005
S3,AZIK4ZA,KSWIN,KSWIN_alpha=0.01_window_size=100,mod,0.01,100.0,1.0,16.168963572798017,29.357810196105305,1.8156890553885376,6224,44335,716851.0,38211495.0,302.3160798509998,,
S3,AIFDJZB,PH,PH_threshold=100_delta=0.5,mod,,,,88.91814532316339,585.7990368619471,6.588070800767648,15844,74730,6644853.0,25644385031.0,359.6020058029999,100.0,0.5
S3,APGIB2T,PH,PH_threshold=500_delta=0.5,mod,,,,166.36885245901638,392.1549617040068,2.3571417119716624,598,9150,1522275.0,1407137453.0,39.08250790899911,500.0,0.5
S3,A36HR6Y,KSWIN,KSWIN_alpha=1e-05_window_size=1000,mod,1e-05,1000.0,1.0,746.2102143000201,1334.663876370393,1.7885896638688734,380,24965,18629138.0,44470845104.0,65.87389602799885,,
S3,A4G0044,KSWIN,KSWIN_alpha=1e-05_window_size=300,mod,1e-05,300.0,1.0,149.66469798657718,283.949950216914,1.897240658865194,340,7450,1115002.0,600675428.0,52.3944032090003,,
S3,AYEFCWQ,PH,PH_threshold=25_delta=5,mod,,,,201.1305480748235,1048.370589425514,5.212388667262543,10824,68695,13816663.0,75501361929.0,140.81831105399942,25.0,5.0
S3,AJMQUVV,PH,PH_threshold=25_delta=2,mod,,,,48.0286165273909,332.2528223466112,6.917809555416325,14635,53850,2586341.0,5944605859.0,227.59541098000045,25.0,2.0
S3,AFPB8J2,PH,PH_threshold=100_delta=2,mod,,,,241.9870141246031,877.1254835385694,3.6246799718224674,5267,45665,11050337.0,35132327285.0,206.40745083300132,100.0,2.0
S3,AFPB8J2,PH,PH_threshold=200_delta=0.005,mod,,,,176.1306471039089,788.6507871796797,4.477646566042606,5746,45665,8043006.0,28402262978.0,169.6379011800018,200.0,0.005
S3,APGIB2T,KSWIN,KSWIN_alpha=0.0001_window_size=100,mod,0.0001,100.0,1.0,41.39879781420765,188.91399002830707,4.563272365447136,1114,9150,378799.0,326549735.0,211.0075263750041,,
S3,A4G0044,ADWIN,ADWIN_delta=0.002,mod,,,,50.26174496644296,145.65976629384835,2.8980244595785023,975,7450,374450.0,158064918.0,12.457245550998778,,0.002
S3,AIFDJZB,ADWIN,ADWIN_delta=0.0001,mod,,,,146.17480262277533,963.5302658714816,6.591630353406443,10222,74730,10923643.0,69378627539.0,291.18159815499985,,0.0001
S3,A1ZJ41O,KSWIN,KSWIN_alpha=0.0001_window_size=100,mod,0.0001,100.0,1.0,238.1475485082412,2117.7844421807117,8.892740888774778,6003,47930,11414412.0,214966574524.0,532.4791456349994,,
S3,AQC0L71,KSWIN,KSWIN_alpha=0.001_window_size=1000,mod,0.001,1000.0,1.0,565.4637068130448,1220.628621309195,2.1586330061546506,480,30970,17512411.0,46143263139.0,132.0418488120049,,
S3,AMV7EQF,PH,PH_threshold=500_delta=5,mod,,,,802.9993282149712,1788.5781489104904,2.2273719118625084,1398,52100,41836265.0,166668514507.0,83.62631070099997,500.0,5.0
S3,AV2GF3B,PH,PH_threshold=200_delta=5,mod,,,,160.0970998925886,316.81024148295063,1.978863088060328,256,4655,745252.0,467216434.0,18.61452369199833,200.0,5.0
S3,AOYM4KG,PH,PH_threshold=200_delta=5,mod,,,,148.08079545454547,228.15206377446043,1.540726892195102,894,8800,1303111.0,458069605.0,16.170976306999364,200.0,5.0
S3,AAXAA7Z,ADWIN,ADWIN_delta=0.002,mod,,,,162.1299893276414,793.2434384315624,4.8926385656421125,5708,37480,6076632.0,23583733520.0,141.99181085599412,,0.002
S3,AJWW3IY,PH,PH_threshold=25_delta=2,mod,,,,137.8937991891247,595.6658560332988,4.319743596420376,9576,41930,5781887.0,14877510859.0,170.31588746500347,25.0,2.0
S3,AV2GF3B,PH,PH_threshold=500_delta=0.5,mod,,,,189.04790547798063,385.3636852699176,2.038444616964046,319,4655,880018.0,691291566.0,18.43937141200149,500.0,0.5
S3,AOYM4KG,PH,PH_threshold=100_delta=2,mod,,,,156.29181818181817,262.83787519374687,1.681712313871613,1796,8800,1375368.0,607936988.0,19.17430975499883,100.0,2.0
S3,AQC0L71,KSWIN,KSWIN_alpha=0.0001_window_size=100,mod,0.0001,100.0,1.0,307.92576687116565,1240.0955706111015,4.02725495567232,3643,30970,9536461.0,47626812641.0,782.0322941529957,,
S3,AOYM4KG,PH,PH_threshold=100_delta=0.5,mod,,,,57.84284090909091,149.11296549017032,2.577898373361791,2242,8800,509017.0,195665153.0,21.873153156000622,100.0,0.5
S3,AOYM4KG,ADWIN,ADWIN_delta=1e-05,mod,,,,115.09625,224.9643812715895,1.9545761158299209,908,8800,1012847.0,445358961.0,14.060750920998544,,1e-05
S3,A3OU183,PH,PH_threshold=50_delta=0.5,mod,,,,15.582907880133185,24.42003416894478,1.5671038009586222,1443,4505,70201.0,2686503.0,28.233555102000537,50.0,0.5
S3,AQC0L71,ADWIN,ADWIN_delta=0.01,mod,,,,138.0357765579593,862.9126096214609,6.251369254688373,5286,30970,4274968.0,23060824782.0,146.15310573600436,,0.01
S3,A4E0D03,KSWIN,KSWIN_alpha=0.01_window_size=1000,mod,0.01,1000.0,1.0,681.7726018099547,1287.5896206474697,1.8885910305418632,688,44200,30134349.0,73278606779.0,169.2996021129984,,
S3,AUY8KYW,PH,PH_threshold=50_delta=0.5,mod,,,,18.92561894510226,27.12948922305996,1.433479628949243,18447,55740,1054914.0,41025152.0,319.624136593,50.0,0.5
S3,AIFDJZB,PH,PH_threshold=500_delta=0.005,mod,,,,261.65392747223336,1008.9964009252734,3.856224940603453,5921,74730,19553398.0,76080650372.0,255.65244287099995,500.0,0.005
S3,A0NVTRV,KSWIN,KSWIN_alpha=0.001_window_size=1000,mod,0.001,1000.0,1.0,408.3979395296752,878.4036731678178,2.150852362721068,347,22325,9117484.0,17225814016.0,95.45921984300368,,
S3,A4G0044,KSWIN,KSWIN_alpha=0.0001_window_size=300,mod,0.0001,300.0,1.0,125.03087248322149,279.3828462255703,2.234510890604735,359,7450,931480.0,581508072.0,36.16924190999998,,
S3,AURCTAK,PH,PH_threshold=500_delta=2,mod,,,,159.6168994413408,310.2693758889606,1.9438378829240732,381,7160,1142857.0,689272333.0,20.30297309299931,500.0,2.0
S3,AJWW3IY,PH,PH_threshold=50_delta=2,mod,,,,228.46544240400667,760.615812147948,3.329237910751131,6776,41930,9579556.0,24258031826.0,189.10591462899905,50.0,2.0
S3,A0VFT1N,PH,PH_threshold=25_delta=2,mod,,,,103.25044323706034,455.6202165793246,4.41276765789017,13020,52455,5416002.0,10889122002.0,271.9504421170004,25.0,2.0
S3,A1ZJ41O,KSWIN,KSWIN_alpha=1e-05_window_size=300,mod,1e-05,300.0,1.0,961.6773628207804,2375.298230529331,2.469953356874425,2264,47930,46093196.0,270423057912.0,288.61042377899867,,
S3,AIFDJZB,PH,PH_threshold=200_delta=5,mod,,,,569.8006824568447,1583.661932190397,2.779326141488677,4827,74730,42581205.0,187421727679.0,308.1946957969999,200.0,5.0
S3,AUY8KYW,KSWIN,KSWIN_alpha=0.01_window_size=1000,mod,0.01,1000.0,1.0,607.010764262648,1215.2775359625232,2.002069168309977,870,55740,33834780.0,82322377540.0,215.75206914200044,,
S3,ASFODQR,PH,PH_threshold=25_delta=0.5,mod,,,,21.676122019635343,32.35222038895277,1.4925280619682095,32917,85560,1854609.0,89552757.0,302.1117737040004,25.0,0.5
S3,AURCTAK,PH,PH_threshold=25_delta=2,mod,,,,21.35055865921788,30.83260354463733,1.4441122612651485,2662,7160,152870.0,6806650.0,48.20875027999864,25.0,2.0
S3,AAXAA7Z,KSWIN,KSWIN_alpha=0.005_window_size=300,mod,0.005,300.0,1.0,438.4257470651014,1252.43445009614,2.85666263553214,1879,37480,16432197.0,58790830101.0,272.9829222999979,,
S3,AJMQUVV,PH,PH_threshold=25_delta=0.005,mod,,,,13.903751160631383,24.107997108955058,1.733920352172089,24164,53850,748717.0,31297379.0,358.10652249899977,25.0,0.005
S3,AHYIJDV,PH,PH_threshold=200_delta=2,mod,,,,352.98998306315025,1025.8172976881156,2.906080475106841,2717,41330,14589076.0,43491605630.0,151.85364519200084,200.0,2.0
S3,AMV7EQF,PH,PH_threshold=100_delta=2,mod,,,,390.1971017274472,1534.4579205825055,3.9325200361286257,8093,52100,20329269.0,122672633833.0,109.8582673280016,100.0,2.0
S3,A3OU183,PH,PH_threshold=50_delta=5,mod,,,,90.7371809100999,256.6278636028413,2.828254757629088,491,4505,408771.0,296689661.0,10.893418539999402,50.0,5.0
S3,A1ZJ41O,KSWIN,KSWIN_alpha=0.001_window_size=1000,mod,0.001,1000.0,1.0,536.8706864176925,1230.7539464979843,2.2924588315862,745,47930,25732212.0,72602220418.0,88.44262819799769,,
S3,A3OU183,KSWIN,KSWIN_alpha=0.01_window_size=100,mod,0.01,100.0,1.0,45.79955604883463,213.41427149176224,4.659745419021208,633,4505,206327.0,205183159.0,61.22615900600067,,
S3,AA2KP1S,PH,PH_threshold=500_delta=0.5,mod,,,,302.82486039296793,1006.4714283941364,3.323608989988684,2499,48350,14641582.0,48977811994.0,137.1810508109993,500.0,0.5
S3,A36HR6Y,KSWIN,KSWIN_alpha=0.005_window_size=300,mod,0.005,300.0,1.0,782.0148608051272,1677.792964463806,2.1454745281137315,1261,24965,19523001.0,70276206167.0,77.93480819400065,,
S3,A1K5DRI,PH,PH_threshold=100_delta=5,mod,,,,633.7164773260727,1428.8528858204525,2.254719479363088,3044,53255,33748571.0,108726503419.0,217.5670216510007,100.0,5.0
S3,A1ZJ41O,PH,PH_threshold=25_delta=0.5,mod,,,,18.385040684331315,26.968240201272227,1.4668577929368392,16396,47930,881195.0,34858817.0,156.12575715500134,25.0,0.5
S3,A0VFT1N,PH,PH_threshold=25_delta=0.005,mod,,,,18.07821942617481,26.671903379629445,1.475361192984091,21997,52455,948293.0,37315985.0,298.82013128499966,25.0,0.005
S3,A7EM0B6,PH,PH_threshold=25_delta=2,mod,,,,80.62904230469763,531.9879675202217,6.597969569201082,9551,38530,3106637.0,10904421443.0,95.71592933400098,25.0,2.0
S3,AZIK4ZA,PH,PH_threshold=25_delta=0.5,mod,,,,13.070418405323109,19.240140153350215,1.4720370501310351,15946,44335,579477.0,16412063.0,147.65339565600152,25.0,0.5
S3,AFPB8J2,PH,PH_threshold=200_delta=5,mod,,,,599.9634293222381,1427.5858015711267,2.379454699737,1640,45665,27397330.0,93065325750.0,166.25551628500034,200.0,5.0
S3,AIFDJZB,PH,PH_threshold=200_delta=0.005,mod,,,,271.61790445604174,1396.1008425846594,5.13994408940226,11568,74730,20298006.0,145656060858.0,323.46679732600023,200.0,0.005
S3,ATHKM6V,KSWIN,KSWIN_alpha=1e-05_window_size=1000,mod,1e-05,1000.0,1.0,458.65309156844967,1098.6482574753722,2.3953795966322606,419,27575,12647359.0,33283796925.0,170.15929018399763,,
S3,AURCTAK,PH,PH_threshold=25_delta=5,mod,,,,96.21438547486034,255.27252853923716,2.6531638411382543,1676,7160,688895.0,466574697.0,22.56638677099545,25.0,5.0
S3,AOYM4KG,KSWIN,KSWIN_alpha=1e-05_window_size=1000,mod,1e-05,1000.0,1.0,128.23579545454547,207.7045790518132,1.6197082750224467,134,8800,1128475.0,379642491.0,22.35176891000083,,
S3,AMV7EQF,KSWIN,KSWIN_alpha=0.001_window_size=1000,mod,0.001,1000.0,1.0,626.3748944337812,1347.381638045163,2.151078611257472,809,52100,32634132.0,94584282212.0,96.8175887590005,,
S3,A7EM0B6,PH,PH_threshold=100_delta=2,mod,,,,470.738697119128,1554.6733709596815,3.3026249604592133,5205,38530,18137562.0,93127367958.0,76.0620442449981,100.0,2.0
S3,AURCTAK,PH,PH_threshold=50_delta=0.5,mod,,,,21.83435754189944,30.974732899773173,1.4186235084010896,2772,7160,156334.0,6869548.0,49.64701871600119,50.0,0.5
S3,A4E0D03,PH,PH_threshold=25_delta=2,mod,,,,14.17162895927602,21.482024475491382,1.51584722809373,10379,44200,626386.0,20397300.0,231.03787062099943,25.0,2.0
S3,AJMQUVV,PH,PH_threshold=50_delta=2,mod,,,,143.25238625812443,703.0086556350956,4.907483037443818,10599,53850,7714141.0,26613809999.0,250.44449852700015,50.0,2.0
S3,ATHKM6V,PH,PH_threshold=100_delta=0.005,mod,,,,12.798150498640071,19.62761113245825,1.5336287172544092,5056,27575,352909.0,10623079.0,118.31474141099898,100.0,0.005
S3,AMV7EQF,KSWIN,KSWIN_alpha=1e-05_window_size=300,mod,1e-05,300.0,1.0,884.4997504798464,2165.1171133520124,2.447843667765224,2417,52100,46082437.0,244230843167.0,349.86565416600024,,
S3,AYEFCWQ,PH,PH_threshold=50_delta=2,mod,,,,145.70645607395008,884.2834053463622,6.068937706490945,14513,68695,10009305.0,53716545799.0,157.56950555100047,50.0,2.0
S3,AZIK4ZA,PH,PH_threshold=500_delta=0.005,mod,,,,635.9038006089996,1603.6132343174263,2.521785894001042,3320,44335,28192795.0,114010795593.0,78.26317553999979,500.0,0.005
S3,AIFDJZB,PH,PH_threshold=500_delta=0.5,mod,,,,459.8111467951291,1600.987266217022,3.4818365700263225,5327,74730,34361687.0,191544963733.0,268.90360532900013,500.0,0.5
S3,AV2GF3B,ADWIN,ADWIN_delta=0.002,mod,,,,78.33254564983888,244.3952829949079,3.1199711558896666,689,4655,364638.0,278038748.0,20.359835604002,,0.002
S3,AOYM4KG,KSWIN,KSWIN_alpha=0.01_window_size=1000,mod,0.01,1000.0,1.0,106.70272727272727,166.88434754207913,1.564012015508567,137,8800,938984.0,245083392.0,13.7652721509985,,
S3,A4G0044,KSWIN,KSWIN_alpha=1e-05_window_size=100,mod,1e-05,100.0,1.0,50.75234899328859,215.39657104696892,4.244070970497398,771,7450,378105.0,345647837.0,122.94922573899748,,
S3,AMV7EQF,PH,PH_threshold=500_delta=0.5,mod,,,,388.9382917466411,1379.069498018386,3.545728274336968,3367,52100,20263685.0,99085482647.0,89.9826430080011,500.0,0.5
S3,A1K5DRI,PH,PH_threshold=50_delta=0.005,mod,,,,14.414496291428035,22.857463079694192,1.5857274938762165,17806,53255,767644.0,27823800.0,313.22342537700024,50.0,0.005
S3,AYWIEKR,PH,PH_threshold=100_delta=2,mod,,,,252.87298596423764,1017.62432651231,4.024250841314567,6481,52010,13151924.0,53859437628.0,202.29318372700072,100.0,2.0
S3,AKXN5ZZ,PH,PH_threshold=500_delta=0.005,mod,,,,535.884420289855,1531.8586732222552,2.8585616883463167,2950,49680,26622738.0,116578640618.0,204.93344524799977,500.0,0.005
S3,A7EM0B6,KSWIN,KSWIN_alpha=0.0001_window_size=1000,mod,0.0001,1000.0,1.0,471.4661302880872,1163.7619781603005,2.4683893569389364,593,38530,18165590.0,52182795018.0,89.5277703669999,,
S3,AJMQUVV,ADWIN,ADWIN_delta=0.0001,mod,,,,59.40891364902507,390.5091485927484,6.57324170072847,6697,53850,3199170.0,8211984728.0,201.1277362969995,,0.0001
S3,AX6281V,PH,PH_threshold=25_delta=0.005,mod,,,,16.93029931305201,24.711131392963654,1.4595803025120295,16936,40760,690079.0,24889687.0,132.9067947370022,25.0,0.005
S3,AMV7EQF,KSWIN,KSWIN_alpha=0.0001_window_size=1000,mod,0.0001,1000.0,1.0,864.6890786948177,1905.0803538652383,2.2031969650187,803,52100,45050301.0,189088153159.0,123.4864703660005,,
S3,AJWW3IY,PH,PH_threshold=100_delta=0.005,mod,,,,43.65449558788457,263.1033899877354,6.026948346203191,8503,41930,1830433.0,2902536903.0,205.9270087670011,100.0,0.005
S3,AX6281V,KSWIN,KSWIN_alpha=0.001_window_size=1000,mod,0.001,1000.0,1.0,730.0544651619234,1828.2475574454356,2.504261866325188,631,40760,29757020.0,136239856992.0,78.0810594350005,,
S3,AA2KP1S,KSWIN,KSWIN_alpha=0.005_window_size=300,mod,0.005,300.0,1.0,577.2466597724922,1658.977744221462,2.8739494913237054,2444,48350,27909876.0,133069215984.0,297.46325859699937,,
S3,ASFODQR,PH,PH_threshold=25_delta=2,mod,,,,110.09595605423095,498.6098777283729,4.5288664143374,23447,85560,9419810.0,21271226478.0,230.5033672849995,25.0,2.0
S3,AOYM4KG,Sem detector (HT),HT,mod,,,,26.929318181818186,35.931361333419126,1.3342841096392422,0,8800,236978.0,11361352.0,14.88239007499942,,
S3,AA2KP1S,PH,PH_threshold=500_delta=2,mod,,,,265.006101344364,663.5554096028732,2.5039250275245983,1817,48350,12813045.0,21288784541.0,188.88442616799875,500.0,2.0
S3,AQC0L71,PH,PH_threshold=50_delta=5,mod,,,,638.6106231837261,1614.319670034926,2.527862223755228,2620,30970,19777771.0,80708687069.0,138.25009947600483,50.0,5.0
S3,AV2GF3B,KSWIN,KSWIN_alpha=0.005_window_size=1000,mod,0.005,1000.0,1.0,114.09301825993556,189.87300238697907,1.664194753393198,72,4655,531103.0,167820929.0,15.775292730999354,,
S3,ASFODQR,PH,PH_threshold=25_delta=0.005,mod,,,,21.80244273024778,31.923253244448784,1.4642053479704742,37808,85560,1865417.0,87193691.0,330.587155147,25.0,0.005
S3,AAXAA7Z,KSWIN,KSWIN_alpha=0.01_window_size=1000,mod,0.01,1000.0,1.0,404.1178762006404,969.213118901404,2.39834260244454,584,37480,15146338.0,35207740138.0,154.58556903999852,,
S3,A4E0D03,PH,PH_threshold=200_delta=0.005,mod,,,,104.61287330316742,598.3428999369654,5.719591490456166,5523,44200,4623889.0,15824228785.0,197.97876221600015,200.0,0.005
S3,ASFODQR,PH,PH_threshold=100_delta=5,mod,,,,450.0300958391772,1226.6397627605752,2.725683846706393,7906,85560,38504575.0,128737435405.0,175.08822153600067,100.0,5.0
S3,AIFDJZB,PH,PH_threshold=500_delta=5,mod,,,,510.5125786163522,1122.126527874828,2.19803894140305,2942,74730,38150605.0,94097620497.0,288.7405704750004,500.0,5.0
S3,AJMQUVV,PH,PH_threshold=50_delta=0.005,mod,,,,13.11229340761374,21.722186562214212,1.6566275545360418,18844,53850,706097.0,25409305.0,318.4595576069987,50.0,0.005
S3,AA2KP1S,PH,PH_threshold=200_delta=2,mod,,,,279.28806618407447,1265.0713856196207,4.529629220841222,3370,48350,13503578.0,77379611278.0,177.53838673300197,200.0,2.0
S3,AURCTAK,KSWIN,KSWIN_alpha=0.005_window_size=1000,mod,0.005,1000.0,1.0,136.55474860335195,239.24309590570732,1.7519939683725854,111,7160,977732.0,409818774.0,28.97822079699836,,
S3,AZIK4ZA,KSWIN,KSWIN_alpha=0.01_window_size=1000,mod,0.01,1000.0,1.0,392.9426638096312,939.1097405965264,2.3899408923727776,692,44335,17421113.0,39100238195.0,72.62074842199945,,
S3,AMV7EQF,KSWIN,KSWIN_alpha=0.0001_window_size=300,mod,0.0001,300.0,1.0,875.479404990403,2103.833373477787,2.4030643799106266,2520,52100,45612477.0,230600584381.0,263.89804235299925,,
S3,AJWW3IY,KSWIN,KSWIN_alpha=0.001_window_size=1000,mod,0.001,1000.0,1.0,351.9352730741712,691.0531714779137,1.9635803068033837,651,41930,14756646.0,20023859590.0,146.1501363549978,,
S3,AV2GF3B,PH,PH_threshold=25_delta=5,mod,,,,50.08184747583244,172.848443825105,3.4513192411385174,1023,4655,233131.0,139075501.0,23.78851024100004,25.0,5.0
S3,A1ZJ41O,KSWIN,KSWIN_alpha=0.01_window_size=1000,mod,0.01,1000.0,1.0,490.244940538285,1117.8870171632204,2.2802622214434063,748,47930,23497440.0,59896749394.0,80.80766308699822,,
S3,AUY8KYW,PH,PH_threshold=25_delta=0.5,mod,,,,18.074506637961967,26.41975719318994,1.4617138781370889,22736,55740,1007473.0,38906719.0,377.7490281660002,25.0,0.5
S3,AUY8KYW,KSWIN,KSWIN_alpha=1e-05_window_size=1000,mod,1e-05,1000.0,1.0,455.199712952996,980.07916310319,2.153075090371142,851,55740,25372832.0,53541344950.0,326.50718837600016,,
S3,A4E0D03,PH,PH_threshold=50_delta=2,mod,,,,14.637805429864253,23.61150545910296,1.613049549827356,7305,44200,646991.0,24641641.0,157.74730891999934,50.0,2.0
S3,A3OU183,PH,PH_threshold=500_delta=0.005,mod,,,,21.11231964483907,57.07924471802747,2.7035989260412965,305,4505,95111.0,14677471.0,12.6152328629978,500.0,0.005
S3,AURCTAK,KSWIN,KSWIN_alpha=0.001_window_size=1000,mod,0.001,1000.0,1.0,123.00698324022346,240.04763202843327,1.9514959696201808,111,7160,880730.0,412579718.0,22.861419583001407,,
S3,A36HR6Y,PH,PH_threshold=25_delta=0.5,mod,,,,14.403084318045265,21.5491956919268,1.4961514642338345,10690,24965,359573.0,11592943.0,81.28978756499782,25.0,0.5
S3,A1ZJ41O,PH,PH_threshold=50_delta=0.005,mod,,,,17.949155017734196,26.727008151685183,1.489039908858008,14524,47930,860303.0,34237979.0,132.2917774330017,50.0,0.005
S3,AZIK4ZA,KSWIN,KSWIN_alpha=0.0001_window_size=300,mod,0.0001,300.0,1.0,592.9941355588136,1494.863099102039,2.520873326501519,2186,44335,26290395.0,99071686397.0,189.4982383509996,,
S3,AMV7EQF,PH,PH_threshold=25_delta=0.5,mod,,,,17.502380038387717,29.925898245441942,1.7098187892050054,21766,52100,911874.0,46658644.0,169.9930016319995,25.0,0.5
S3,ATHKM6V,PH,PH_threshold=500_delta=2,mod,,,,450.12,1067.8491512341425,2.372365483058167,762,27575,12412059.0,31443822405.0,92.00082513899542,500.0,2.0
S3,A36HR6Y,KSWIN,KSWIN_alpha=0.0001_window_size=1000,mod,0.0001,1000.0,1.0,869.6783096334868,1564.16471279346,1.7985555066363037,382,24965,21711519.0,61079649825.0,58.87606154799869,,
S3,AMV7EQF,PH,PH_threshold=200_delta=2,mod,,,,504.3514971209213,1489.1578124381208,2.9526189987319227,4974,52100,26276713.0,115536490597.0,99.43488845899992,200.0,2.0
S3,A36HR6Y,PH,PH_threshold=200_delta=2,mod,,,,540.1948728219508,1263.409442939506,2.338803099591669,1998,24965,13485965.0,39849218393.0,44.41241517399976,200.0,2.0
S3,AAXAA7Z,PH,PH_threshold=25_delta=0.5,mod,,,,24.4429295624333,39.20535344219224,1.6039547690898526,12996,37480,916121.0,57608999.0,242.3884091529981,25.0,0.5
S3,AJWW3IY,KSWIN,KSWIN_alpha=0.005_window_size=300,mod,0.005,300.0,1.0,311.0313856427379,1051.3346258864894,3.380156069182327,2113,41930,13041546.0,46345417500.0,273.8996855980004,,
S3,ATHKM6V,ADWIN,ADWIN_delta=1e-05,mod,,,,389.4739800543971,1771.6309226507858,4.548778643449674,2920,27575,10739745.0,86548994177.0,104.5834514839953,,1e-05
S3,AV2GF3B,ADWIN,ADWIN_delta=0.0001,mod,,,,68.39054779806659,207.76177901775625,3.037872713510122,560,4655,318358.0,200932874.0,19.893024131997663,,0.0001
S3,ASFODQR,KSWIN,KSWIN_alpha=0.001_window_size=300,mod,0.001,300.0,1.0,648.5251285647499,1710.1030103156368,2.6369109460727658,4251,85560,55487810.0,250216139292.0,342.237220002,,
S3,AX6281V,KSWIN,KSWIN_alpha=0.01_window_size=300,mod,0.01,300.0,1.0,618.3727674190383,1539.7183098858834,2.4899516780345183,2072,40760,25204874.0,96631055632.0,117.47406058200067,,
S3,AOYM4KG,KSWIN,KSWIN_alpha=0.0001_window_size=1000,mod,0.0001,1000.0,1.0,112.96568181818182,176.06180732913086,1.5585424218702295,135,8800,994098.0,272780288.0,18.900635412002885,,
S3,ATHKM6V,KSWIN,KSWIN_alpha=0.0001_window_size=300,mod,0.0001,300.0,1.0,1118.8531640979147,2370.0295751432072,2.1182668568078498,1316,27575,30852376.0,154889883158.0,282.2667682329993,,
S3,AOYM4KG,KSWIN,KSWIN_alpha=0.005_window_size=100,mod,0.005,100.0,1.0,22.88125,31.795892030260763,1.3896046776404594,1246,8800,201355.0,8896613.0,54.37078911500066,,
S3,A4E0D03,KSWIN,KSWIN_alpha=1e-05_window_size=100,mod,1e-05,100.0,1.0,267.2897963800905,1491.2198931128114,5.57903785819146,4477,44200,11814209.0,98289165217.0,1360.1877330399984,,
S3,AA2KP1S,ADWIN,ADWIN_delta=1e-05,mod,,,,46.458324715615305,325.3508085507276,7.003068030160213,5048,48350,2246260.0,5117999736.0,197.9710340849997,,1e-05
S3,AURCTAK,PH,PH_threshold=500_delta=0.5,mod,,,,171.96494413407822,371.36951530711474,2.159565236840156,524,7160,1231269.0,987473669.0,26.85358987200016,500.0,0.5
S3,A4G0044,KSWIN,KSWIN_alpha=0.005_window_size=1000,mod,0.005,1000.0,1.0,118.34765100671142,185.2823747399135,1.565577120997579,116,7450,881690.0,255755210.0,11.84402576499997,,
S3,AURCTAK,KSWIN,KSWIN_alpha=0.005_window_size=300,mod,0.005,300.0,1.0,199.0527932960894,390.700450702032,1.9627981312518847,363,7160,1425218.0,1092951390.0,39.920862800994655,,
S3,A7EM0B6,KSWIN,KSWIN_alpha=0.01_window_size=300,mod,0.01,300.0,1.0,726.3536724630159,1608.257565330979,2.214152177240995,1967,38530,27986407.0,99657552035.0,103.0540774070032,,
S3,AHYIJDV,PH,PH_threshold=25_delta=5,mod,,,,399.131599322526,1399.780691033622,3.507065572882647,5034,41330,16496109.0,80981422677.0,156.999397065003,25.0,5.0
S3,ATHKM6V,KSWIN,KSWIN_alpha=0.01_window_size=100,mod,0.01,100.0,1.0,147.15746146872166,1059.356013601633,7.198792388973083,3756,27575,4057867.0,30945634635.0,419.4288736399976,,
S3,AX6281V,KSWIN,KSWIN_alpha=0.001_window_size=100,mod,0.001,100.0,1.0,279.12517173699706,2035.83128117176,7.293614074656089,5164,40760,11377142.0,168934263060.0,420.1467310379994,,
S3,AYWIEKR,KSWIN,KSWIN_alpha=0.0001_window_size=1000,mod,0.0001,1000.0,1.0,517.9715247067871,1220.5098737151557,2.3563261984451,799,52010,26939699.0,77476402739.0,266.12631236200104,,
S3,AYWIEKR,PH,PH_threshold=100_delta=0.005,mod,,,,12.943241684291484,20.178430177160354,1.558993540362445,11880,52010,673178.0,21176862.0,284.0033807489999,100.0,0.005
S3,AFPB8J2,PH,PH_threshold=200_delta=0.5,mod,,,,160.78346654987408,708.8562162929825,4.408763111679145,4849,45665,7342177.0,22945618387.0,165.99202324200087,200.0,0.5
S3,AJMQUVV,KSWIN,KSWIN_alpha=1e-05_window_size=1000,mod,1e-05,1000.0,1.0,802.8176230269266,1735.6874400760878,2.161994692557805,813,53850,43231729.0,162229096407.0,349.8118198200009,,
S3,A3OU183,KSWIN,KSWIN_alpha=1e-05_window_size=100,mod,1e-05,100.0,1.0,47.43240843507214,177.2631213942632,3.737173111015644,481,4505,213683.0,141557075.0,99.9849460089972,,
S3,AJMQUVV,ADWIN,ADWIN_delta=0.002,mod,,,,12.99673166202414,18.515358376810507,1.424616500386135,8184,53850,699874.0,18460776.0,226.731009137,,0.002
S3,AKXN5ZZ,KSWIN,KSWIN_alpha=0.005_window_size=100,mod,0.005,100.0,1.0,11.51604267310789,16.296996329752936,1.4151559517758183,7049,49680,572117.0,13194615.0,624.3018395030012,,
S3,AQC0L71,ADWIN,ADWIN_delta=0.002,mod,,,,219.5282208588957,1045.2053189833694,4.761143304920178,4502,30970,6798789.0,33833305299.0,125.40714349199698,,0.002
S3,AYWIEKR,PH,PH_threshold=500_delta=0.5,mod,,,,388.7925014420304,1248.9700042072045,3.21243336631951,2916,52010,20221098.0,81131754974.0,198.4387463780004,500.0,0.5
S3,ASFODQR,ADWIN,ADWIN_delta=0.0001,mod,,,,179.23103085553998,966.2433754256724,5.391049590092821,10518,85560,15335007.0,79881062853.0,154.55237177100025,,0.0001
S3,AJWW3IY,PH,PH_threshold=25_delta=5,mod,,,,316.41292630574765,781.912007214364,2.4711759293259967,4840,41930,13267194.0,25635431208.0,156.0941926480009,25.0,5.0
S3,AYEFCWQ,ADWIN,ADWIN_delta=0.01,mod,,,,19.79736516485916,29.666554598591645,1.4985102487906097,13325,68695,1359980.0,60458776.0,138.94109561799996,,0.01
S3,AYWIEKR,KSWIN,KSWIN_alpha=0.001_window_size=300,mod,0.001,300.0,1.0,599.9194962507211,1832.923967212708,3.055283214944367,2599,52010,31201813.0,174733330121.0,376.1421702340013,,
S3,AZIK4ZA,Sem detector (HT),HT,mod,,,,18.48670350738694,24.28903341980189,1.313865038734269,0,44335,819608.0,26155750.0,203.15854569099972,,
S3,AZIK4ZA,PH,PH_threshold=100_delta=0.005,mod,,,,43.6693131837149,241.8215964623915,5.537563539070527,10047,44335,1936079.0,2592608143.0,105.38789718599946,100.0,0.005
S3,AFPB8J2,PH,PH_threshold=100_delta=0.5,mod,,,,119.09718602868718,617.5945913566327,5.1856354625194205,8342,45665,5438573.0,17417684915.0,234.2154236419992,100.0,0.5
S3,AFPB8J2,KSWIN,KSWIN_alpha=0.0001_window_size=100,mod,0.0001,100.0,1.0,126.70993101938026,909.9616555572404,7.181454904415203,5229,45665,5786209.0,37811999749.0,1133.3202587960004,,
S3,AHYIJDV,KSWIN,KSWIN_alpha=1e-05_window_size=100,mod,1e-05,100.0,1.0,152.47594967336076,686.5048451184878,4.502381172828516,4339,41330,6301831.0,19478370335.0,1043.3755741439963,,
S3,AMV7EQF,PH,PH_threshold=200_delta=5,mod,,,,633.3834357005758,1697.469419075,2.680002859875006,2868,52100,32999277.0,150121066535.0,90.13893290399938,200.0,5.0
S3,AUY8KYW,ADWIN,ADWIN_delta=0.002,mod,,,,115.62904556871187,547.5628491680388,4.735513006052211,9188,55740,6445163.0,16712249613.0,236.760313707,,0.002
S3,A1K5DRI,KSWIN,KSWIN_alpha=0.001_window_size=300,mod,0.001,300.0,1.0,940.6786592808188,2263.6434572496505,2.4063939740913054,2661,53255,50095842.0,272882971016.0,401.4066345690008,,
S3,AURCTAK,KSWIN,KSWIN_alpha=0.0001_window_size=1000,mod,0.0001,1000.0,1.0,129.80754189944133,235.65950723863295,1.815453122293869,110,7160,929422.0,397633488.0,36.10941025499778,,
S3,AKXN5ZZ,KSWIN,KSWIN_alpha=1e-05_window_size=300,mod,1e-05,300.0,1.0,1121.8855475040257,2353.443145377973,2.097756897407156,2379,49680,55735274.0,275162349642.0,430.79504030500175,,
S3,AFPB8J2,KSWIN,KSWIN_alpha=0.001_window_size=100,mod,0.001,100.0,1.0,15.057308660900032,19.97803458204846,1.326799830697918,5781,45665,687592.0,18225900.0,890.1323769390001,,
S3,AQC0L71,KSWIN,KSWIN_alpha=1e-05_window_size=100,mod,1e-05,100.0,1.0,361.3480142072974,1286.7394998187976,3.56094249650594,3222,30970,11190948.0,51276983796.0,1003.3610948860004,,
S3,AHYIJDV,KSWIN,KSWIN_alpha=0.01_window_size=100,mod,0.01,100.0,1.0,28.65765787563513,69.81815185590983,2.43628255173182,5782,41330,1184421.0,201466157.0,553.5586513960006,,
S3,A1ZJ41O,ADWIN,ADWIN_delta=0.01,mod,,,,48.58798247444189,295.3107930113922,6.07785666274023,8536,47930,2328822.0,4179901702.0,97.21153358099764,,0.01
S3,AAXAA7Z,ADWIN,ADWIN_delta=0.05,mod,,,,105.46969050160084,675.4089105705681,6.403819972907918,8128,37480,3953004.0,17097521324.0,163.23479362200305,,0.05
S3,AX6281V,PH,PH_threshold=100_delta=0.005,mod,,,,16.208807654563298,23.143865140058114,1.427857349738022,7838,40760,660671.0,21832625.0,92.30114301799767,100.0,0.005
S3,A1ZJ41O,PH,PH_threshold=200_delta=2,mod,,,,473.6702900062591,1493.2890178042437,3.1525916852089484,3165,47930,22703017.0,106879686507.0,84.56037701399691,200.0,2.0
S3,APGIB2T,PH,PH_threshold=25_delta=5,mod,,,,77.03704918032787,272.0688535883815,3.5316624466173976,1573,9150,704889.0,677296369.0,41.40611674099637,25.0,5.0
S3,AKXN5ZZ,PH,PH_threshold=200_delta=0.5,mod,,,,338.160305958132,1205.9546591040703,3.566221812128893,5380,49680,16799804.0,72250947466.0,202.7488619020005,200.0,0.5
S3,AYWIEKR,ADWIN,ADWIN_delta=0.01,mod,,,,13.7597961930398,20.93651283519142,1.521571434741298,9286,52010,715647.0,22797937.0,229.69970097999976,,0.01
S3,AJMQUVV,PH,PH_threshold=50_delta=0.5,mod,,,,13.676415970287836,22.966122965912696,1.6792501058615683,15980,53850,736475.0,28402795.0,304.5211625129996,50.0,0.5
S3,A1ZJ41O,KSWIN,KSWIN_alpha=0.001_window_size=100,mod,0.001,100.0,1.0,166.4395368245358,1294.1194704900793,7.77531285643007,6484,47930,7977447.0,80270537623.0,444.9017029079987,,
S3,AUY8KYW,ADWIN,ADWIN_delta=1e-05,mod,,,,99.51062073914603,475.7192522495698,4.780587727380428,6644,55740,5546722.0,12614452900.0,197.2253633420005,,1e-05
S3,AAXAA7Z,KSWIN,KSWIN_alpha=0.005_window_size=100,mod,0.005,100.0,1.0,110.30418890074706,653.8571600324649,5.927763637524345,4907,37480,4134201.0,16023793881.0,680.2312585429972,,
S3,AA2KP1S,KSWIN,KSWIN_alpha=1e-05_window_size=100,mod,1e-05,100.0,1.0,10.102730093071354,52.93632259855733,5.239803707599996,5034,48350,488467.0,135488993.0,1408.5938919479995,,
S3,AX6281V,KSWIN,KSWIN_alpha=0.005_window_size=300,mod,0.005,300.0,1.0,824.4699460255152,2232.9096045815604,2.7082971493935544,2053,40760,33605395.0,203224684919.0,132.7177052320003,,
S3,AJWW3IY,ADWIN,ADWIN_delta=0.01,mod,,,,11.967159551633674,17.075906209028197,1.4268971793475511,7283,41930,501783.0,12226225.0,200.4105888409977,,0.01
S3,APGIB2T,PH,PH_threshold=50_delta=0.005,mod,,,,14.184371584699454,22.6054130564684,1.5936844943383068,3426,9150,129787.0,4675693.0,49.35829221900349,50.0,0.005
S3,AQC0L71,PH,PH_threshold=25_delta=0.005,mod,,,,12.586438488860187,20.510035188393143,1.6295344554018083,13613,30970,389802.0,13027888.0,210.71777057699364,25.0,0.005
S3,A7EM0B6,PH,PH_threshold=100_delta=0.5,mod,,,,17.396210744874125,27.01194764060336,1.5527489311752878,7471,38530,670276.0,28113234.0,84.37216559400258,100.0,0.5
S3,A36HR6Y,PH,PH_threshold=500_delta=0.005,mod,,,,673.206368916483,1531.656367596779,2.27516618724502,1559,24965,16806597.0,58567171717.0,42.14001007399929,500.0,0.005
S3,AQC0L71,ADWIN,ADWIN_delta=0.05,mod,,,,243.438585728124,1160.9348380472518,4.768902327356608,6540,30970,7539293.0,41740427553.0,153.25802673799626,,0.05
S3,AIFDJZB,PH,PH_threshold=200_delta=2,mod,,,,361.7983540746688,1225.1230526627369,3.386204052243679,7439,74730,27037191.0,112164236909.0,323.19363957,200.0,2.0
S3,A36HR6Y,PH,PH_threshold=50_delta=0.5,mod,,,,14.927859002603643,22.18945787659537,1.4864461054143925,8183,24965,372674.0,12292068.0,68.33521075700264,50.0,0.5
S3,A4E0D03,ADWIN,ADWIN_delta=0.01,mod,,,,294.4894570135747,1726.064720647593,5.861210578306133,7409,44200,13016434.0,131685034358.0,199.95413636300145,,0.01
S3,AYWIEKR,PH,PH_threshold=50_delta=2,mod,,,,231.98363776196885,1090.9360175049496,4.702642082991754,9878,52010,12065469.0,61899253917.0,229.58513054399737,50.0,2.0
S3,A7EM0B6,PH,PH_threshold=100_delta=5,mod,,,,454.0347780949909,1325.121712316508,2.918546719871033,3093,38530,17493960.0,67656659196.0,69.96658327800105,100.0,5.0
S3,AA2KP1S,KSWIN,KSWIN_alpha=0.001_window_size=300,mod,0.001,300.0,1.0,683.9911685625647,1932.9217664301905,2.8259455023261544,2421,48350,33070973.0,180644619941.0,376.1542813859997,,
S3,A36HR6Y,PH,PH_threshold=25_delta=2,mod,,,,13.81341878630082,18.964302852880568,1.372889879490806,7595,24965,344852.0,8978532.0,66.24463165500129,25.0,2.0
S3,AX6281V,ADWIN,ADWIN_delta=0.002,mod,,,,16.395976447497546,22.10531710156953,1.3482159584916562,5660,40760,668300.0,19917172.0,75.64987035200102,,0.002
S3,A1K5DRI,ADWIN,ADWIN_delta=0.05,mod,,,,14.820317341094732,22.886184656402133,1.544243900428626,11106,53255,789256.0,27893768.0,265.8751721990011,,0.05
S3,AYEFCWQ,KSWIN,KSWIN_alpha=0.001_window_size=100,mod,0.001,100.0,1.0,21.39209549457748,33.25722699271647,1.5546502679527865,9358,68695,1469530.0,75979634.0,617.5403635439998,,
S3,ASFODQR,PH,PH_threshold=200_delta=0.5,mod,,,,305.90088826554467,1076.6189962735098,3.5195026806817395,11340,85560,26172880.0,99173320106.0,173.39166005599964,200.0,0.5
S3,AURCTAK,PH,PH_threshold=200_delta=0.5,mod,,,,31.88435754189944,104.57388262551171,3.279786412132987,1129,7160,228292.0,78299590.0,27.64489910100383,200.0,0.5
S3,A1K5DRI,PH,PH_threshold=25_delta=2,mod,,,,112.77688479954934,704.2934467202168,6.245015970888312,13732,53255,6005933.0,26416038193.0,277.5711490879985,25.0,2.0
S3,A0VFT1N,ADWIN,ADWIN_delta=1e-05,mod,,,,16.99948527309122,24.272086667847795,1.4278130353904597,5378,52455,891708.0,30903034.0,203.4730560959997,,1e-05
S3,A4G0044,PH,PH_threshold=100_delta=0.005,mod,,,,31.61785234899329,93.18963778556083,2.94737405807792,2128,7450,235553.0,64698099.0,18.328688451001653,100.0,0.005
S3,AX6281V,KSWIN,KSWIN_alpha=1e-05_window_size=1000,mod,1e-05,1000.0,1.0,441.11808145240434,1089.7186594469283,2.4703559098257157,617,40760,17979973.0,48401960205.0,115.92022547300076,,
S3,A1K5DRI,KSWIN,KSWIN_alpha=1e-05_window_size=100,mod,1e-05,100.0,1.0,122.19034832410102,691.9787541314934,5.663121217201788,5584,53255,6507247.0,25500336419.0,1581.2320864010017,,
S3,A1K5DRI,ADWIN,ADWIN_delta=0.0001,mod,,,,162.27494132006385,804.2188055634219,4.955902612081164,6284,53255,8641952.0,34443623834.0,202.68273707499972,,0.0001
S3,AJWW3IY,KSWIN,KSWIN_alpha=0.0001_window_size=300,mod,0.0001,300.0,1.0,268.6279751967565,859.6700568832473,3.200225353497089,2019,41930,11263571.0,30987637199.0,419.2429387760021,,
S3,AJWW3IY,PH,PH_threshold=100_delta=5,mod,,,,388.8193894586215,832.2413573394473,2.1404317271786035,2363,41930,16303197.0,29041794631.0,164.2797258599967,100.0,5.0
S3,AURCTAK,KSWIN,KSWIN_alpha=0.001_window_size=300,mod,0.001,300.0,1.0,150.48798882681564,320.9214717987136,2.132538778015274,360,7160,1077494.0,737412632.0,34.73693149199971,,
S3,AKXN5ZZ,ADWIN,ADWIN_delta=0.002,mod,,,,10.76791465378422,14.777899458290948,1.372401243271136,8151,49680,534950.0,10849432.0,162.66272175099948,,0.002
S3,AYEFCWQ,KSWIN,KSWIN_alpha=0.01_window_size=100,mod,0.01,100.0,1.0,86.90826115437805,784.3108602904505,9.024583507628266,9873,68695,5970163.0,42257284489.0,407.2028469830002,,
S3,AIFDJZB,ADWIN,ADWIN_delta=1e-05,mod,,,,196.49255988224277,1003.3786488959942,5.106446012496938,9081,74730,14683889.0,75235825927.0,316.56717047699976,,1e-05
S3,A36HR6Y,KSWIN,KSWIN_alpha=1e-05_window_size=100,mod,1e-05,100.0,1.0,152.44710594832765,813.0112901929307,5.333071330776873,2714,24965,3805842.0,16501549392.0,373.93259272499927,,
S3,AJMQUVV,PH,PH_threshold=100_delta=0.005,mod,,,,12.62092850510678,20.01786991822902,1.5860853589440138,12431,53850,679637.0,21578509.0,219.16245249799977,100.0,0.005
S3,AV2GF3B,KSWIN,KSWIN_alpha=1e-05_window_size=300,mod,1e-05,300.0,1.0,181.86745435016115,375.39528611559416,2.064114700768953,217,4655,846593.0,655990145.0,54.14291895399947,,
S3,ASFODQR,PH,PH_threshold=50_delta=0.005,mod,,,,23.44409770920991,37.50170340528908,1.599622381310785,29763,85560,2005877.0,120329681.0,254.04216117899975,50.0,0.005
S3,AURCTAK,PH,PH_threshold=100_delta=2,mod,,,,45.04608938547486,135.38459494154435,3.005468327849991,1397,7160,322530.0,131235558.0,35.844049654995615,100.0,2.0
S3,AHYIJDV,KSWIN,KSWIN_alpha=0.005_window_size=100,mod,0.005,100.0,1.0,28.030462134043063,69.79980549980284,2.4901410888631337,5568,41330,1158499.0,201360291.0,680.6368588469995,,
S3,A36HR6Y,PH,PH_threshold=500_delta=2,mod,,,,708.0746645303425,1562.779299912925,2.2070826400059063,886,24965,17677084.0,60971498736.0,39.64394826599892,500.0,2.0
S3,AIFDJZB,ADWIN,ADWIN_delta=0.05,mod,,,,17.996761675364645,28.269192123889,1.5707932701351517,17727,74730,1344898.0,59720272.0,368.5722739539997,,0.05
S3,AJMQUVV,KSWIN,KSWIN_alpha=0.005_window_size=300,mod,0.005,300.0,1.0,971.3579944289694,2428.916227035689,2.500536610566089,2724,53850,52307628.0,317695292944.0,345.9899561460006,,
S3,AMV7EQF,KSWIN,KSWIN_alpha=0.005_window_size=300,mod,0.005,300.0,1.0,898.8062188099808,2574.7388008925286,2.864620590077227,2635,52100,46827804.0,345385482416.0,170.84969578799974,,
S3,AMV7EQF,Sem detector (HT),HT,mod,,,,15.770153550863723,20.745849433417074,1.3155134708425738,0,52100,821625.0,22423333.0,284.49880223799846,,
S3,AUY8KYW,KSWIN,KSWIN_alpha=0.001_window_size=100,mod,0.001,100.0,1.0,19.692070326515967,28.65627184472452,1.4552188454323152,7656,55740,1097636.0,45772680.0,781.500277567,,
S3,AYEFCWQ,PH,PH_threshold=25_delta=0.005,mod,,,,21.62832811703909,34.12188562824009,1.5776478627286228,30664,68695,1485758.0,79981800.0,227.873540265,25.0,0.005
S3,AFPB8J2,PH,PH_threshold=100_delta=0.005,mod,,,,15.504193583707435,22.0355669417793,1.421264951499016,10027,45665,707999.0,22173381.0,226.66424370200184,100.0,0.005
S3,A1K5DRI,PH,PH_threshold=100_delta=0.005,mod,,,,15.267411510656276,24.88785173200736,1.6301290965162138,11463,53255,813066.0,32986422.0,283.4761572910011,100.0,0.005
S3,A0NVTRV,KSWIN,KSWIN_alpha=1e-05_window_size=100,mod,1e-05,100.0,1.0,14.482150055991042,20.697007914627203,1.4291391702618887,2435,22325,323314.0,9563274.0,616.5170820849962,,
S3,A0VFT1N,ADWIN,ADWIN_delta=0.01,mod,,,,18.275226384520064,27.343524723325448,1.4962071685463023,8962,52455,958627.0,39218943.0,226.3698435899987,,0.01
S3,AHYIJDV,KSWIN,KSWIN_alpha=0.01_window_size=300,mod,0.01,300.0,1.0,803.6761674328575,2190.6146141346485,2.7257429085299605,2101,41330,33215936.0,198334089382.0,222.8606292869954,,
S3,AKXN5ZZ,KSWIN,KSWIN_alpha=0.01_window_size=1000,mod,0.01,1000.0,1.0,474.3067028985507,1074.099176258323,2.2645667237978326,776,49680,23563557.0,57315271529.0,180.64865725799973,,
S3,AURCTAK,Sem detector (HT),HT,mod,,,,23.335754189944133,30.300017515712987,1.2984374650625137,0,7160,167084.0,6573532.0,24.740009588000248,,
S3,AHYIJDV,KSWIN,KSWIN_alpha=0.0001_window_size=100,mod,0.0001,100.0,1.0,162.61734817323978,715.0283273437101,4.396999061760464,4859,41330,6720975.0,21130603483.0,997.771468881998,,
S3,A4E0D03,KSWIN,KSWIN_alpha=0.0001_window_size=100,mod,0.0001,100.0,1.0,123.56158371040723,879.8625600713924,7.120842365807943,5045,44200,5461422.0,34217789108.0,1163.7802756700005,,
S3,AJMQUVV,PH,PH_threshold=100_delta=0.5,mod,,,,50.58020427112349,352.293468131361,6.965046369583114,10538,53850,2723744.0,6683360532.0,273.5760237450013,100.0,0.5
S3,AZIK4ZA,PH,PH_threshold=50_delta=0.5,mod,,,,13.715822713431828,22.514945476742408,1.6415308033030822,12322,44335,608091.0,22474421.0,117.64911589099938,50.0,0.5
S3,AJMQUVV,ADWIN,ADWIN_delta=1e-05,mod,,,,60.45322191272052,397.6354178097698,6.577571967691926,5854,53850,3255406.0,8514434888.0,195.27100858799892,,1e-05
S3,AUY8KYW,PH,PH_threshold=200_delta=0.005,mod,,,,147.97337639038392,671.8564068279517,4.540387083251095,9349,55740,8248036.0,25160536090.0,269.4184180050006,200.0,0.005
S3,APGIB2T,ADWIN,ADWIN_delta=0.002,mod,,,,63.07169398907104,185.9336934518748,2.9479736739605102,1352,9150,577106.0,316327746.0,21.63762701200176,,0.002
S3,AYWIEKR,PH,PH_threshold=25_delta=2,mod,,,,13.507998461834262,21.598749937123117,1.5989600530492063,13848,52010,702551.0,24262977.0,299.4972600740002,25.0,2.0
S3,AAXAA7Z,PH,PH_threshold=500_delta=2,mod,,,,431.6274813233725,1156.338000037551,2.6790184825401098,1853,37480,16177398.0,50115166536.0,117.4922154990054,500.0,2.0
S3,AJMQUVV,KSWIN,KSWIN_alpha=0.01_window_size=300,mod,0.01,300.0,1.0,873.0444196843083,2309.7317296019046,2.6456062000111067,2747,53850,47013442.0,287282246688.0,323.3240867330005,,
S3,AAXAA7Z,KSWIN,KSWIN_alpha=0.0001_window_size=300,mod,0.0001,300.0,1.0,542.8043223052294,1360.904029724971,2.507172426235228,1780,37480,20344306.0,69415200484.0,408.1837196790002,,
S3,AHYIJDV,ADWIN,ADWIN_delta=0.002,mod,,,,92.9172997822405,621.482674953502,6.68855720527823,5845,41330,3840272.0,15963328762.0,184.85772485900088,,0.002
S3,AFPB8J2,PH,PH_threshold=25_delta=0.5,mod,,,,15.624679732836965,22.904047705417007,1.465889099619857,18219,45665,713501.0,23955649.0,285.1135367860006,25.0,0.5
S3,ATHKM6V,PH,PH_threshold=100_delta=5,mod,,,,486.8194741613781,1547.554283887165,3.178907923831656,1253,27575,13424047.0,66040036513.0,101.49745371600147,100.0,5.0
S3,A36HR6Y,PH,PH_threshold=200_delta=0.5,mod,,,,15.569797716803524,22.35600383051896,1.435857050756125,3079,24965,388700.0,12477280.0,47.537792794999405,200.0,0.5
S3,A1ZJ41O,PH,PH_threshold=50_delta=0.5,mod,,,,47.778531191320674,290.1907693218798,6.073664511783802,11875,47930,2290025.0,4036218017.0,125.32897945399964,50.0,0.5
S3,AHYIJDV,PH,PH_threshold=25_delta=2,mod,,,,205.9563755141544,825.4132302388172,4.007709050900882,9783,41330,8512177.0,28158418337.0,222.05458971999903,25.0,2.0
S3,AX6281V,PH,PH_threshold=50_delta=2,mod,,,,292.4002208047105,1038.6603737776547,3.5521873783787585,6135,40760,11918233.0,43972514565.0,83.55517691400019,50.0,2.0
S3,APGIB2T,PH,PH_threshold=200_delta=0.5,mod,,,,93.36863387978144,283.2112291697998,3.033258787254549,1169,9150,854323.0,733908693.0,27.38573100099893,200.0,0.5
S3,AA2KP1S,KSWIN,KSWIN_alpha=0.01_window_size=100,mod,0.01,100.0,1.0,10.21300930713547,15.250420510587288,1.4932347608782022,6741,48350,493799.0,11245017.0,672.7826007889998,,
S3,AMV7EQF,ADWIN,ADWIN_delta=0.002,mod,,,,108.17852207293666,994.130432099768,9.18972096355227,7871,52100,5636101.0,51490185965.0,99.9561970979994,,0.002
S3,AYEFCWQ,KSWIN,KSWIN_alpha=0.0001_window_size=1000,mod,0.0001,1000.0,1.0,593.1937550040032,1450.4256000858438,2.4451127272505686,1061,68695,40749445.0,144516036077.0,157.13105780600017,,
S3,APGIB2T,KSWIN,KSWIN_alpha=0.01_window_size=100,mod,0.01,100.0,1.0,45.06426229508197,248.02353316865816,5.503774399869093,1302,9150,412338.0,562868408.0,119.46378736299812,,
S3,A4E0D03,KSWIN,KSWIN_alpha=0.0001_window_size=300,mod,0.0001,300.0,1.0,561.2080995475113,1726.448311651823,3.076306833496909,2110,44200,24805398.0,131743570758.0,479.9285891,,
S3,AKXN5ZZ,ADWIN,ADWIN_delta=0.01,mod,,,,11.148530595813204,16.135484021419224,1.447319346953118,9407,49680,553859.0,12934379.0,227.0778468100034,,0.01
S3,AA2KP1S,Sem detector (HT),HT,mod,,,,12.361551189245088,14.507393543466923,1.1735900552746796,0,48350,597681.0,10175957.0,443.4669749809982,,
S3,ASFODQR,KSWIN,KSWIN_alpha=0.01_window_size=100,mod,0.01,100.0,1.0,27.448165030388036,50.89124327316766,1.8540854449405144,11956,85560,2348465.0,221593439.0,615.1729642960008,,
S3,AJMQUVV,PH,PH_threshold=200_delta=5,mod,,,,650.7548375116063,1714.290507998117,2.6343108175012877,2408,53850,35043148.0,158253946282.0,213.6957993720007,200.0,5.0
S3,A36HR6Y,KSWIN,KSWIN_alpha=0.01_window_size=100,mod,0.01,100.0,1.0,270.92701782495493,1746.4004701565527,6.446018134983113,3537,24965,6763693.0,76141118043.0,162.13769531100115,,
S3,AAXAA7Z,KSWIN,KSWIN_alpha=0.005_window_size=1000,mod,0.005,1000.0,1.0,488.576173959445,940.8815548127012,1.92576225563304,583,37480,18311835.0,33179473595.0,162.98469299499993,,
S3,AMV7EQF,PH,PH_threshold=50_delta=5,mod,,,,422.61264875239925,1393.7808827491797,3.298010333727066,6886,52100,22018119.0,101210770269.0,107.04788037700018,50.0,5.0
S3,AV2GF3B,ADWIN,ADWIN_delta=1e-05,mod,,,,155.25993555316865,559.2601517122716,3.6020892944448857,482,4655,722735.0,1455953275.0,19.228154224998438,,1e-05
S3,A7EM0B6,PH,PH_threshold=25_delta=5,mod,,,,308.9857254087724,1120.8841118340254,3.627624254651741,5459,38530,11905220.0,48408367334.0,77.4835436100002,25.0,5.0
S3,A0VFT1N,PH,PH_threshold=100_delta=2,mod,,,,328.31680488037364,1043.5298040998205,3.17842336605354,5986,52455,17221858.0,57121105782.0,203.41341804900185,100.0,2.0
S3,AURCTAK,KSWIN,KSWIN_alpha=0.01_window_size=300,mod,0.01,300.0,1.0,226.4733240223464,432.8585440234237,1.9113003524455403,365,7160,1621549.0,1341544277.0,29.70297148499958,,
S3,AAXAA7Z,KSWIN,KSWIN_alpha=0.01_window_size=300,mod,0.01,300.0,1.0,806.1296958377801,1891.1390814462936,2.345948910219595,1901,37480,30213741.0,134043735311.0,236.45277963000265,,
S3,AX6281V,PH,PH_threshold=200_delta=2,mod,,,,386.1468842001962,1161.9486448052976,3.009084605750412,2583,40760,15739347.0,55031080863.0,70.03816700799871,200.0,2.0
S3,AMV7EQF,PH,PH_threshold=200_delta=0.5,mod,,,,277.37452975047984,1245.6447423275592,4.490840393485712,6990,52100,14451213.0,80839965935.0,105.46653506000077,200.0,0.5
S3,A36HR6Y,KSWIN,KSWIN_alpha=0.001_window_size=300,mod,0.001,300.0,1.0,1252.814139795714,2504.0079205890947,1.998706624589504,1238,24965,31276505.0,156531939711.0,97.80632031700225,,
S3,A0VFT1N,ADWIN,ADWIN_delta=0.0001,mod,,,,16.995176818225147,24.50736545972988,1.4420188575766315,6146,52455,891482.0,31505048.0,200.7816338169996,,0.0001
S3,AMV7EQF,ADWIN,ADWIN_delta=0.05,mod,,,,17.309136276391555,27.822542262802852,1.60739056059954,11560,52100,901806.0,40330290.0,118.40317683899956,,0.05
S3,AUY8KYW,PH,PH_threshold=100_delta=5,mod,,,,592.7124327233585,1356.4205775326209,2.2884969213488966,6002,55740,33037791.0,102554731893.0,248.64547813199988,100.0,5.0
S3,AMV7EQF,ADWIN,ADWIN_delta=0.01,mod,,,,108.3803838771593,994.14695610171,9.172757288150022,9389,52100,5646618.0,51491897674.0,107.75838028399994,,0.01
S3,A4E0D03,PH,PH_threshold=500_delta=2,mod,,,,730.0551583710408,1862.834825818044,2.5516357284216094,1698,44200,32268438.0,153380788602.0,134.2238375479974,500.0,2.0
S3,AHYIJDV,PH,PH_threshold=50_delta=2,mod,,,,178.06598112751027,798.6472013435521,4.485119483724706,6870,41330,7359467.0,26361817767.0,166.90579707299912,50.0,2.0
S3,APGIB2T,KSWIN,KSWIN_alpha=1e-05_window_size=1000,mod,1e-05,1000.0,1.0,137.7017486338798,246.243187584335,1.788235734311873,139,9150,1259971.0,554816723.0,40.93058190800366,,
S3,A1ZJ41O,KSWIN,KSWIN_alpha=0.01_window_size=300,mod,0.01,300.0,1.0,805.6909034007929,2307.8004655778504,2.864374483858147,2455,47930,38616765.0,255272447459.0,125.91248281799926,,
S3,AJWW3IY,ADWIN,ADWIN_delta=0.002,mod,,,,12.160410207488672,17.13945689308827,1.4094472637554103,6242,41930,509886.0,12317398.0,162.11668273599935,,0.002
S3,A1K5DRI,KSWIN,KSWIN_alpha=0.0001_window_size=100,mod,0.0001,100.0,1.0,15.279429161581072,23.482807131526094,1.5368903434279977,6227,53255,813706.0,29367056.0,1343.4850655089997,,
S3,AOYM4KG,ADWIN,ADWIN_delta=0.0001,mod,,,,105.8371590909091,211.90899499334827,2.002217338537295,1013,8800,931367.0,395167715.0,14.489488351002365,,0.0001
S3,AOYM4KG,KSWIN,KSWIN_alpha=1e-05_window_size=100,mod,1e-05,100.0,1.0,40.201136363636365,115.99965811078144,2.8854820685046123,1027,8800,353770.0,118412102.0,112.47488154299936,,
S3,AKXN5ZZ,KSWIN,KSWIN_alpha=0.01_window_size=100,mod,0.01,100.0,1.0,11.348651368760065,15.605630022712864,1.37510876981129,7228,49680,563801.0,12098853.0,499.69167258000016,,
S3,AZIK4ZA,ADWIN,ADWIN_delta=0.05,mod,,,,14.009676327957596,20.28066015930261,1.4476180380292365,10049,44335,621119.0,18235215.0,100.852301136998,,0.05
S3,AMV7EQF,ADWIN,ADWIN_delta=1e-05,mod,,,,555.6727639155471,2766.682837320255,4.978978666913292,5587,52100,28950551.0,398801217353.0,92.56328051700076,,1e-05
S3,ASFODQR,KSWIN,KSWIN_alpha=0.001_window_size=100,mod,0.001,100.0,1.0,47.71380317905563,400.8822287764339,8.401808325193505,11095,85560,4082393.0,13750053389.0,982.4105426670004,,
S3,AJWW3IY,PH,PH_threshold=500_delta=0.5,mod,,,,620.6078941092296,1814.7157972868615,2.92409396417936,2107,41930,26022089.0,138083600307.0,163.89142651300062,500.0,0.5
S3,AYWIEKR,PH,PH_threshold=200_delta=2,mod,,,,245.7094020380696,767.8417512549041,3.124999470455496,4030,52010,12779346.0,30664105468.0,193.5843384260006,200.0,2.0
S3,AUY8KYW,KSWIN,KSWIN_alpha=0.005_window_size=100,mod,0.005,100.0,1.0,19.264729099390024,27.6948594256736,1.4375940239175489,7887,55740,1073816.0,42752872.0,636.3873051930004,,
S3,AV2GF3B,PH,PH_threshold=25_delta=0.5,mod,,,,16.441460794844254,23.08173958934772,1.4038740156583738,2054,4655,76535.0,2480029.0,27.414091521000955,25.0,0.5
S3,AJWW3IY,PH,PH_threshold=50_delta=5,mod,,,,356.810422132125,825.9913381499734,2.314930525891739,3457,41930,14961061.0,28607232691.0,179.16668449999997,50.0,5.0
S3,AURCTAK,KSWIN,KSWIN_alpha=0.0001_window_size=300,mod,0.0001,300.0,1.0,150.46047486033518,303.21052134020124,2.015217096859864,350,7160,1077297.0,658266201.0,70.68198618599854,,
S3,AQC0L71,KSWIN,KSWIN_alpha=0.01_window_size=1000,mod,0.01,1000.0,1.0,450.5925734581853,994.4271290620194,2.2069319106394496,482,30970,13954852.0,30625778206.0,75.0527528110033,,
S3,A7EM0B6,KSWIN,KSWIN_alpha=0.001_window_size=100,mod,0.001,100.0,1.0,18.4788476511809,25.794115863594385,1.3958725322326038,5093,38530,711990.0,25635412.0,336.2779841779993,,
S3,A4E0D03,ADWIN,ADWIN_delta=0.002,mod,,,,294.7462669683258,1726.0702852608968,5.856122633934444,6323,44200,13027785.0,131685883431.0,161.82561062199966,,0.002
S3,A1K5DRI,PH,PH_threshold=500_delta=0.005,mod,,,,491.259562482396,1364.9639737477114,2.778498533138729,3167,53255,26162028.0,99220809726.0,188.04875416100003,500.0,0.005
S3,APGIB2T,PH,PH_threshold=50_delta=0.5,mod,,,,14.301311475409836,22.775015070805328,1.5925123447570153,2991,9150,130857.0,4746117.0,57.03676494100364,50.0,0.5
S3,AIFDJZB,KSWIN,KSWIN_alpha=0.005_window_size=100,mod,0.005,100.0,1.0,87.29896962397966,765.6344188807188,8.77025722271997,10541,74730,6523852.0,43806431816.0,957.3247552579996,,
S3,AYEFCWQ,KSWIN,KSWIN_alpha=0.0001_window_size=100,mod,0.0001,100.0,1.0,62.020452725817016,504.3983435903293,8.132774293347996,8733,68695,4260495.0,17477223147.0,695.6513348219996,,
S3,A0NVTRV,PH,PH_threshold=100_delta=0.5,mod,,,,13.879238521836506,20.529717351022587,1.4791674138838913,3017,22325,309854.0,9409302.0,85.62319554799615,100.0,0.5
S3,A1ZJ41O,KSWIN,KSWIN_alpha=0.0001_window_size=1000,mod,0.0001,1000.0,1.0,486.4129981222616,1074.1260464176164,2.2082593404455677,741,47930,23313775.0,55299082379.0,106.49326941699836,,
S3,A0VFT1N,PH,PH_threshold=100_delta=0.5,mod,,,,17.283137927747592,25.849007239991025,1.4956200284955876,9254,52455,906587.0,35048919.0,247.71187639500025,100.0,0.5
S3,ASFODQR,KSWIN,KSWIN_alpha=0.005_window_size=300,mod,0.005,300.0,1.0,569.238616175783,1496.2113815702469,2.628443220563608,4307,85560,48704056.0,191538765518.0,291.37078848999954,,
S3,A1K5DRI,PH,PH_threshold=100_delta=0.5,mod,,,,15.48857384283166,27.23477249029039,1.7583783224105585,9459,53255,824844.0,39500982.0,268.0377559960016,100.0,0.5
S3,AZIK4ZA,KSWIN,KSWIN_alpha=1e-05_window_size=100,mod,1e-05,100.0,1.0,113.31997293334835,621.515205829292,5.484604255905089,4899,44335,5024041.0,17125774833.0,655.7786809819991,,
S3,AOYM4KG,PH,PH_threshold=200_delta=0.5,mod,,,,140.54988636363638,269.8577026121191,1.920013666278835,1570,8800,1236839.0,640843981.0,18.188922411998647,200.0,0.5
S3,ASFODQR,Sem detector (HT),HT,mod,,,,30.52519869097709,39.28040045299368,1.2868188296053424,0,85560,2611736.0,132014790.0,689.3719727950001,,
S3,A0NVTRV,KSWIN,KSWIN_alpha=0.005_window_size=1000,mod,0.005,1000.0,1.0,532.8098096304591,1606.5567064715217,3.0152536185206147,348,22325,11894979.0,57621370871.0,68.41877133400703,,
S3,A0VFT1N,KSWIN,KSWIN_alpha=1e-05_window_size=100,mod,1e-05,100.0,1.0,188.8711657611286,1272.2014643725922,6.7358162334931855,5473,52455,9907237.0,84898237367.0,1632.2420547359998,,
S3,AURCTAK,PH,PH_threshold=500_delta=0.005,mod,,,,142.16578212290503,314.8480783332933,2.2146544240941264,576,7160,1017907.0,709765877.0,28.49900798400631,500.0,0.005
S3,AIFDJZB,KSWIN,KSWIN_alpha=0.0001_window_size=100,mod,0.0001,100.0,1.0,138.94316874080022,953.0729629476048,6.859444559851454,9529,74730,10383223.0,67880851473.0,1465.2712232179997,,
S3,AJMQUVV,PH,PH_threshold=50_delta=5,mod,,,,474.1098050139276,1494.6313350415287,3.15250036855412,5598,53850,25530813.0,120296744271.0,223.4992807480012,50.0,5.0
S3,AKXN5ZZ,KSWIN,KSWIN_alpha=0.005_window_size=1000,mod,0.005,1000.0,1.0,506.0896135265701,1187.9530993198237,2.347317683605169,775,49680,25142532.0,70110033888.0,170.89053247700213,,
S3,AYEFCWQ,KSWIN,KSWIN_alpha=0.0001_window_size=300,mod,0.0001,300.0,1.0,776.3746124172065,2052.1447953250504,2.6432404698754794,3387,68695,53333054.0,289295134038.0,284.3209773889994,,
S3,AURCTAK,PH,PH_threshold=500_delta=5,mod,,,,155.4899441340782,276.23229739280134,1.7765283725011027,247,7160,1113308.0,546338660.0,27.99590035300207,500.0,5.0
S3,AOYM4KG,PH,PH_threshold=200_delta=2,mod,,,,159.9575,271.6541944524994,1.6982898235625048,1255,8800,1407626.0,649404812.0,16.979185135998705,200.0,2.0
S3,AV2GF3B,PH,PH_threshold=100_delta=5,mod,,,,114.70870032223417,254.18015169687968,2.2158750904059503,468,4655,533969.0,300748143.0,19.351892149003103,100.0,5.0
S3,A0VFT1N,KSWIN,KSWIN_alpha=0.001_window_size=100,mod,0.001,100.0,1.0,146.30103898579736,1164.5022039131966,7.959630444088947,6770,52455,7674221.0,71132409661.0,962.1424711390008,,
S3,AHYIJDV,KSWIN,KSWIN_alpha=0.005_window_size=1000,mod,0.005,1000.0,1.0,435.4932494556013,966.8097740615292,2.2200338932236328,642,41330,17998936.0,38632024684.0,170.63164621199394,,
S3,AMV7EQF,ADWIN,ADWIN_delta=0.0001,mod,,,,164.96028790786949,811.6727060973632,4.920412763529385,6348,52100,8594431.0,34324135513.0,99.13789665399965,,0.0001
S3,AIFDJZB,KSWIN,KSWIN_alpha=0.0001_window_size=300,mod,0.0001,300.0,1.0,867.274655426201,2039.24000411094,2.351319724786382,3689,74730,64811435.0,310764689633.0,523.5654666360001,,
S3,AJWW3IY,ADWIN,ADWIN_delta=0.05,mod,,,,12.037300262342,17.48980691868682,1.4529675705941036,8946,41930,504724.0,12826108.0,188.38824170999945,,0.05
S3,AQC0L71,PH,PH_threshold=500_delta=5,mod,,,,289.17013238618017,804.0174733682308,2.7804305608384325,584,30970,8955599.0,20020373699.0,94.66786181700444,500.0,5.0
S3,A36HR6Y,KSWIN,KSWIN_alpha=0.005_window_size=100,mod,0.005,100.0,1.0,73.16398958541959,749.6235438675393,10.245799171358026,3432,24965,1826539.0,14028718697.0,183.6661951160022,,
S3,A4G0044,ADWIN,ADWIN_delta=1e-05,mod,,,,98.34013422818792,244.154372444756,2.482754110119694,657,7450,732634.0,444104614.0,11.732219232002535,,1e-05
S3,AURCTAK,PH,PH_threshold=200_delta=5,mod,,,,183.82472067039103,356.534718823086,1.9395363013355236,442,7160,1316185.0,910157761.0,14.730616822998854,200.0,5.0
S3,AQC0L71,Sem detector (HT),HT,mod,,,,13.046367452373264,16.561054251483156,1.269399647981748,0,30970,404046.0,8494096.0,179.32195587299793,,
S3,AMV7EQF,KSWIN,KSWIN_alpha=0.005_window_size=100,mod,0.005,100.0,1.0,403.0846449136277,2662.381755607405,6.605019043029775,7153,52100,21000710.0,369299211516.0,398.7868945160008,,
S3,AFPB8J2,KSWIN,KSWIN_alpha=1e-05_window_size=300,mod,1e-05,300.0,1.0,805.688733165444,2077.007160680064,2.577927523598076,2062,45665,36791776.0,196996926114.0,667.2075127700009,,
S3,APGIB2T,PH,PH_threshold=50_delta=5,mod,,,,125.96491803278688,332.9703948178225,2.643358166844161,1113,9150,1152579.0,1014453947.0,32.05174147700018,50.0,5.0
S3,A1K5DRI,KSWIN,KSWIN_alpha=0.001_window_size=1000,mod,0.001,1000.0,1.0,631.943272932119,1237.2610855751138,1.9578673253920624,827,53255,33654139.0,81523552499.0,185.3736852639995,,
S3,AAXAA7Z,PH,PH_threshold=500_delta=0.5,mod,,,,400.3232924226254,1153.5429280928568,2.8815283795054563,2447,37480,15004117.0,49873185035.0,147.11163310799748,500.0,0.5
S3,A3OU183,KSWIN,KSWIN_alpha=0.001_window_size=1000,mod,0.001,1000.0,1.0,101.19001109877914,180.32381712715443,1.7820317951257745,69,4505,455861.0,146487639.0,19.38522131300124,,
S3,A0NVTRV,KSWIN,KSWIN_alpha=0.005_window_size=300,mod,0.005,300.0,1.0,921.8709966405376,2037.0852042029392,2.209729139572067,1129,22325,20580770.0,92642412584.0,123.17076686799555,,
S3,AA2KP1S,PH,PH_threshold=100_delta=2,mod,,,,83.25456049638056,454.7445192034809,5.462097409345529,5086,48350,4025358.0,9998421134.0,213.8014584909979,100.0,2.0
S3,AJMQUVV,PH,PH_threshold=200_delta=0.5,mod,,,,57.77429897864438,403.0431919733917,6.976167588331484,6294,53850,3111146.0,8747599416.0,167.41083518900086,200.0,0.5
S3,AURCTAK,KSWIN,KSWIN_alpha=1e-05_window_size=300,mod,1e-05,300.0,1.0,129.93002793296088,274.6894195899013,2.114133460601048,335,7160,930299.0,540252625.0,78.47763604299689,,
S3,ASFODQR,KSWIN,KSWIN_alpha=0.01_window_size=300,mod,0.01,300.0,1.0,469.36702898550726,1451.1961627142225,3.091815302516768,4353,85560,40159043.0,180186819097.0,251.597806965,,
S3,AUY8KYW,KSWIN,KSWIN_alpha=0.0001_window_size=1000,mod,0.0001,1000.0,1.0,539.0383745963402,1141.5021111388633,2.11766390842522,862,55740,30045999.0,72630728867.0,246.65420495799933,,
S3,AJMQUVV,PH,PH_threshold=500_delta=0.5,mod,,,,648.8660538532962,1697.9596727452824,2.616810761885193,2978,53850,34941437.0,155253160657.0,201.70751469100105,500.0,0.5
S3,AJWW3IY,PH,PH_threshold=500_delta=5,mod,,,,254.54104459813976,599.735548009212,2.356144758327888,803,41930,10672906.0,15081496766.0,113.09604026799934,500.0,5.0
S3,A4G0044,KSWIN,KSWIN_alpha=0.01_window_size=100,mod,0.01,100.0,1.0,20.53906040268456,28.173494135660214,1.371703163791163,1049,7450,153016.0,5913406.0,49.069721515999845,,
S3,A7EM0B6,KSWIN,KSWIN_alpha=1e-05_window_size=300,mod,1e-05,300.0,1.0,658.0958214378406,1826.2220425696307,2.7750093270302334,1802,38530,25356432.0,128500900136.0,239.52588347200071,,
S3,A0NVTRV,PH,PH_threshold=100_delta=2,mod,,,,189.39045912653972,738.877487295291,3.9013448232976495,1770,22325,4228142.0,12188109188.0,95.7994982109958,100.0,2.0
S3,ATHKM6V,KSWIN,KSWIN_alpha=1e-05_window_size=100,mod,1e-05,100.0,1.0,212.3795829555757,1033.859533940766,4.867979866770067,2831,27575,5856367.0,29473967153.0,832.4044618569969,,
S3,AMV7EQF,PH,PH_threshold=500_delta=0.005,mod,,,,481.9862763915547,1452.422788754592,3.0134110863660286,3784,52100,25111485.0,109906614975.0,92.1005023409998,500.0,0.005
S3,AV2GF3B,KSWIN,KSWIN_alpha=0.01_window_size=300,mod,0.01,300.0,1.0,240.4139634801289,716.0816650497401,2.978536082863285,238,4655,1119127.0,2386958087.0,27.792175629998383,,
S3,AJWW3IY,KSWIN,KSWIN_alpha=0.005_window_size=100,mod,0.005,100.0,1.0,14.41702838063439,21.22368686941616,1.4721263154288289,5672,41930,604506.0,18887154.0,634.752180022002,,
S3,AX6281V,KSWIN,KSWIN_alpha=0.01_window_size=100,mod,0.01,100.0,1.0,17.668179587831208,23.88214387106635,1.3517037084859016,5584,40760,720155.0,23247743.0,312.1341262129972,,
S3,ASFODQR,KSWIN,KSWIN_alpha=1e-05_window_size=300,mod,1e-05,300.0,1.0,710.4244857410005,1951.727961411453,2.7472701189004267,3883,85560,60783919.0,325918748545.0,649.4751652479999,,
S3,A3OU183,PH,PH_threshold=100_delta=0.5,mod,,,,15.165815760266373,23.539816789278717,1.5521629143716609,914,4505,68322.0,2496324.0,23.3729996309994,100.0,0.5
S3,AYEFCWQ,PH,PH_threshold=500_delta=2,mod,,,,484.07102409200087,1527.5811946941767,3.155696413681332,3173,68695,33253259.0,160300078327.0,114.6299046030017,500.0,2.0
S3,AAXAA7Z,KSWIN,KSWIN_alpha=0.0001_window_size=1000,mod,0.0001,1000.0,1.0,431.6147812166489,835.4257382242382,1.9355818534974976,574,37480,16176922.0,26158647430.0,179.80315769300068,,
S3,AZIK4ZA,PH,PH_threshold=25_delta=0.005,mod,,,,16.86859140633811,29.92325547127724,1.7739036265964714,18717,44335,747869.0,39697613.0,160.4959046289987,25.0,0.005
S3,AQC0L71,KSWIN,KSWIN_alpha=1e-05_window_size=1000,mod,1e-05,1000.0,1.0,394.2714239586697,973.6100967718044,2.4693904696320703,468,30970,12210586.0,29356977738.0,192.68388953100657,,
S3,AUY8KYW,PH,PH_threshold=500_delta=0.005,mod,,,,563.5624506637962,1355.0493120766164,2.4044350550334954,4409,55740,31412971.0,102347482491.0,207.57476591000068,500.0,0.005
S3,AJWW3IY,PH,PH_threshold=500_delta=2,mod,,,,265.9795373241116,743.5566273639339,2.795540720329424,1438,41930,11152522.0,23182109888.0,150.4999674549981,500.0,2.0
S3,A0VFT1N,KSWIN,KSWIN_alpha=0.01_window_size=1000,mod,0.01,1000.0,1.0,768.7554665904108,1668.1913250176008,2.1699895448111395,818,52455,40325068.0,145975041782.0,201.80160973900087,,
S3,A4E0D03,PH,PH_threshold=200_delta=0.5,mod,,,,221.8647963800905,1003.5872226363356,4.523418041125495,4742,44200,9806424.0,44517679254.0,198.13509689000057,200.0,0.5
S3,AURCTAK,PH,PH_threshold=100_delta=0.5,mod,,,,22.585055865921788,31.885915263306632,1.4118147616105194,1944,7160,161709.0,7279655.0,34.574466963000305,100.0,0.5
S3,AFPB8J2,ADWIN,ADWIN_delta=0.01,mod,,,,14.86236723968028,20.15935420661613,1.3564026430993903,7713,45665,678690.0,18558236.0,172.1102131689986,,0.01
S3,AYEFCWQ,PH,PH_threshold=200_delta=0.005,mod,,,,167.14536720285318,944.515713748439,5.650863853152108,10270,68695,11482051.0,61283491883.0,136.59447153200017,200.0,0.005
S3,AURCTAK,KSWIN,KSWIN_alpha=0.0001_window_size=100,mod,0.0001,100.0,1.0,45.86368715083799,176.20177219636489,3.841857973975506,906,7160,328384.0,222296982.0,150.37464366999484,,
S3,AYWIEKR,PH,PH_threshold=500_delta=5,mod,,,,430.5837915785426,998.4589016735192,2.3188492488607544,1295,52010,22394663.0,51849818475.0,189.35901207200004,500.0,5.0
S3,A0VFT1N,PH,PH_threshold=500_delta=0.5,mod,,,,483.0118577828615,1588.384614216718,3.288500248229471,2757,52455,25336387.0,132342164885.0,213.86243479199769,500.0,0.5
S3,A0VFT1N,PH,PH_threshold=100_delta=5,mod,,,,528.5199885616242,1395.571990718928,2.6405283072017767,3330,52455,27723516.0,102162469064.0,187.24474736900083,100.0,5.0
S3,AHYIJDV,PH,PH_threshold=200_delta=0.5,mod,,,,309.02905879506415,1139.5918495333603,3.6876527209989423,4147,41330,12772171.0,53674013887.0,182.297991499996,200.0,0.5
S3,ASFODQR,PH,PH_threshold=50_delta=2,mod,,,,247.0552711547452,833.3451897730649,3.373112364200851,17931,85560,21138049.0,59418357407.0,203.03906216999985,50.0,2.0
S3,AFPB8J2,PH,PH_threshold=50_delta=5,mod,,,,335.309668236067,1065.1893774397945,3.176733265829581,4137,45665,15311916.0,51812806334.0,169.3797982080032,50.0,5.0
S3,AV2GF3B,PH,PH_threshold=500_delta=2,mod,,,,194.1080558539205,390.2626147679271,2.010543112448801,225,4655,903573.0,708979349.0,14.116947748996608,500.0,2.0
S3,A4G0044,PH,PH_threshold=200_delta=2,mod,,,,163.1711409395973,339.1958304717143,2.0787734186235656,774,7450,1215625.0,857150895.0,13.211119241001144,200.0,2.0
S3,AFPB8J2,PH,PH_threshold=50_delta=0.005,mod,,,,15.645176831271216,22.996743541454777,1.4698934879080063,15898,45665,714437.0,24149945.0,273.27527222500066,50.0,0.005
S3,AFPB8J2,KSWIN,KSWIN_alpha=0.01_window_size=300,mod,0.01,300.0,1.0,604.524208912734,2231.604827372288,3.691506137340532,2319,45665,27605598.0,227414444720.0,278.90518914399945,,
S3,AX6281V,ADWIN,ADWIN_delta=0.0001,mod,,,,16.28255642787046,21.91181081941135,1.3457230083296643,4569,40760,663677.0,19569995.0,70.25189749199853,,0.0001
S3,AOYM4KG,PH,PH_threshold=25_delta=0.5,mod,,,,21.693977272727277,32.401117054256574,1.4935535631352326,3383,8800,190907.0,9238525.0,24.958509520998632,25.0,0.5
S3,AA2KP1S,ADWIN,ADWIN_delta=0.002,mod,,,,9.690113753877974,15.28844417643898,1.5777362954403462,6896,48350,468517.0,11301161.0,208.59032428700084,,0.002
S3,A4G0044,ADWIN,ADWIN_delta=0.05,mod,,,,39.01973154362416,128.7786452137436,3.300346776342342,1432,7450,290697.0,123550349.0,14.782832230997885,,0.05
S3,AJMQUVV,KSWIN,KSWIN_alpha=0.01_window_size=100,mod,0.01,100.0,1.0,440.82248839368617,2697.2286426641326,6.118627596547011,7592,53850,23738291.0,391761030591.0,638.0281209570003,,
S3,A1ZJ41O,PH,PH_threshold=25_delta=5,mod,,,,398.3862299186313,1358.7066006397986,3.410526013706117,5186,47930,19094652.0,88482788224.0,93.44961045799936,25.0,5.0
S3,A1ZJ41O,PH,PH_threshold=25_delta=0.005,mod,,,,17.296828708533276,25.49731968420713,1.474103728137644,19865,47930,829037.0,31159931.0,157.78003283999715,25.0,0.005
S3,AQC0L71,KSWIN,KSWIN_alpha=0.01_window_size=300,mod,0.01,300.0,1.0,441.4321278656765,1282.971385549264,2.906384253797811,1578,30970,13671153.0,50977102393.0,150.87173936900217,,
S3,AJWW3IY,PH,PH_threshold=200_delta=0.5,mod,,,,159.45282613880278,606.075168422368,3.800968493934269,4238,41930,6685857.0,15402025713.0,152.558441494999,200.0,0.5
S3,AOYM4KG,KSWIN,KSWIN_alpha=0.001_window_size=300,mod,0.001,300.0,1.0,151.73625,267.7059290187989,1.7642845992226568,443,8800,1335279.0,630664887.0,28.576509553000506,,
S3,A1ZJ41O,KSWIN,KSWIN_alpha=0.0001_window_size=300,mod,0.0001,300.0,1.0,538.4686209054871,1721.414992560401,3.196871508808953,2351,47930,25808801.0,142029510807.0,218.56239929000003,,
S3,AAXAA7Z,PH,PH_threshold=50_delta=0.5,mod,,,,26.4110992529349,46.0744629551576,1.744511370538189,10420,37480,989888.0,79564648.0,215.2787480230036,50.0,0.5
S3,AJWW3IY,PH,PH_threshold=50_delta=0.005,mod,,,,12.662699737658002,21.555496348903755,1.702282830319287,13251,41930,530947.0,19482331.0,214.66472089899617,50.0,0.005
S3,AQC0L71,KSWIN,KSWIN_alpha=0.0001_window_size=300,mod,0.0001,300.0,1.0,663.4614465611883,1713.7470554889262,2.583039397950721,1496,30970,20547401.0,90956690207.0,306.15828365200286,,
S3,A0NVTRV,PH,PH_threshold=500_delta=2,mod,,,,308.3717357222844,866.6782937256647,2.810498477416179,554,22325,6884399.0,16769005487.0,86.53322062199732,500.0,2.0
S3,AMV7EQF,PH,PH_threshold=25_delta=0.005,mod,,,,17.866314779270635,28.131615195585127,1.5745617125376516,24242,52100,930835.0,41231303.0,180.98287664300005,25.0,0.005
S3,APGIB2T,PH,PH_threshold=100_delta=5,mod,,,,157.1112568306011,362.3916689834824,2.3065926420168394,716,9150,1437568.0,1201648654.0,37.086523325997405,100.0,5.0
S3,AV2GF3B,PH,PH_threshold=100_delta=0.005,mod,,,,17.36455424274973,25.452231959257347,1.4657578653298564,1328,4655,80832.0,3015584.0,26.48866309299774,100.0,0.005
S3,AUY8KYW,KSWIN,KSWIN_alpha=0.005_window_size=300,mod,0.005,300.0,1.0,644.0235019734481,1627.3700770811088,2.5268799540613696,2837,55740,35897870.0,147618101920.0,297.4794201700006,,
S3,AYWIEKR,ADWIN,ADWIN_delta=0.05,mod,,,,13.519054028071524,20.28762417519856,1.500668917593827,11382,52010,703126.0,21406676.0,239.31254674900265,,0.05
S3,AQC0L71,PH,PH_threshold=200_delta=0.5,mod,,,,230.66503067484663,946.7869590454518,4.104596853174833,3161,30970,7143696.0,27761679754.0,136.4992985419958,200.0,0.5
S3,A0VFT1N,KSWIN,KSWIN_alpha=0.01_window_size=100,mod,0.01,100.0,1.0,17.64024401868268,24.16852510118638,1.3700788421968333,7327,52455,925319.0,30639889.0,703.388384418,,
S3,A0VFT1N,KSWIN,KSWIN_alpha=1e-05_window_size=300,mod,1e-05,300.0,1.0,989.9965684872748,2211.556317961837,2.2339030137661173,2422,52455,51930270.0,256556426584.0,678.6900182959998,,
S3,AHYIJDV,ADWIN,ADWIN_delta=1e-05,mod,,,,92.83781756593274,621.497928964947,6.694447858207823,4206,41330,3836987.0,15964112397.0,165.80626119400404,,1e-05
S3,A3OU183,KSWIN,KSWIN_alpha=0.0001_window_size=300,mod,0.0001,300.0,1.0,40.7496115427303,112.10462550146416,2.7510599796493898,217,4505,183577.0,56616349.0,46.75177169299423,,
S3,AIFDJZB,PH,PH_threshold=25_delta=2,mod,,,,16.775083634417236,25.40132894905095,1.5142296457428892,20648,74730,1253602.0,48217852.0,393.0460794650003,25.0,2.0
S3,AFPB8J2,PH,PH_threshold=500_delta=2,mod,,,,632.8764261469397,1690.1696193087785,2.670615541171001,1514,45665,28900302.0,130449988164.0,155.47123262700188,500.0,2.0
S3,A0VFT1N,ADWIN,ADWIN_delta=0.05,mod,,,,17.33565913640263,24.85162681308584,1.4335553449421865,10906,52455,909342.0,32396384.0,258.76367941399985,,0.05
S3,A4G0044,PH,PH_threshold=25_delta=0.005,mod,,,,21.628187919463087,30.19444813184333,1.3960692520463776,3533,7450,161130.0,6792200.0,24.06390405600177,25.0,0.005
S3,A3OU183,ADWIN,ADWIN_delta=0.05,mod,,,,14.355382907880132,20.86059112132702,1.4531546288379371,853,4505,64671.0,1960415.0,16.771851306002645,,0.05
S3,AZIK4ZA,KSWIN,KSWIN_alpha=0.005_window_size=100,mod,0.005,100.0,1.0,14.763933686703508,20.809899635991588,1.4095091509882027,6060,44335,654559.0,19199357.0,351.7783555069982,,
S3,AYWIEKR,KSWIN,KSWIN_alpha=0.005_window_size=300,mod,0.005,300.0,1.0,672.1144587579312,1848.9716894487603,2.7509774047498747,2628,52010,34956673.0,177806394999.0,359.8328457079988,,
S3,AYWIEKR,PH,PH_threshold=100_delta=5,mod,,,,403.4112478369544,1100.2353050574704,2.7273292724404885,3491,52010,20981419.0,62959026955.0,220.95278643100028,100.0,5.0
S3,A1ZJ41O,Sem detector (HT),HT,mod,,,,18.1978927602754,23.970297271044792,1.3172018093968607,0,47930,872225.0,27539387.0,223.3141532949994,,
S3,AFPB8J2,PH,PH_threshold=500_delta=0.005,mod,,,,364.5007992992445,1169.943821970693,3.2097153812005867,2654,45665,16644929.0,62504815679.0,187.0834921050009,500.0,0.005
S3,APGIB2T,KSWIN,KSWIN_alpha=0.0001_window_size=300,mod,0.0001,300.0,1.0,188.1099453551913,387.4323347232017,2.0596058012331446,447,9150,1721206.0,1373449898.0,90.4091932989977,,
S3,AX6281V,KSWIN,KSWIN_alpha=0.0001_window_size=300,mod,0.0001,300.0,1.0,906.5745338567224,2216.000752323503,2.4443668662258347,1952,40760,36951978.0,200158474466.0,214.3408138470004,,
S3,AOYM4KG,KSWIN,KSWIN_alpha=0.01_window_size=100,mod,0.01,100.0,1.0,21.86465909090909,30.951665030847987,1.4156024524396589,1274,8800,192409.0,8430449.0,49.56919619299879,,
S3,AQC0L71,PH,PH_threshold=500_delta=0.5,mod,,,,353.6850177591217,1242.5710977385152,3.513213835325001,1559,30970,10953625.0,47817151433.0,124.4827893469992,500.0,0.5
S3,A36HR6Y,KSWIN,KSWIN_alpha=0.01_window_size=1000,mod,0.01,1000.0,1.0,398.4030843180453,1051.0536754896318,2.638166512412277,389,24965,9946133.0,27579180735.0,41.26772195900048,,
S3,A1K5DRI,ADWIN,ADWIN_delta=1e-05,mod,,,,173.99631959440427,856.2665000490135,4.9211759308761325,5483,53255,9266174.0,39046156954.0,198.05660220100071,,1e-05
S3,AKXN5ZZ,PH,PH_threshold=500_delta=0.5,mod,,,,716.7260668276973,1813.1162415172455,2.5297199661542704,2553,49680,35606951.0,163317560301.0,202.9820666150008,500.0,0.5
S3,A3OU183,PH,PH_threshold=500_delta=2,mod,,,,102.96359600443952,210.627127126268,2.04564657121325,211,4505,463851.0,199858859.0,12.859156022997922,500.0,2.0
S3,A0NVTRV,Sem detector (HT),HT,mod,,,,16.012183650615903,20.52196376179769,1.2816467890691674,0,22325,357472.0,9402196.0,104.39081251499738,,
S3,ATHKM6V,KSWIN,KSWIN_alpha=0.0001_window_size=1000,mod,0.0001,1000.0,1.0,771.6134179510426,1675.350149028406,2.171229932052197,422,27575,21277240.0,77397458210.0,114.62471588500192,,
S3,AHYIJDV,KSWIN,KSWIN_alpha=1e-05_window_size=1000,mod,1e-05,1000.0,1.0,447.8190902492137,929.8284351296792,2.0763483633809017,625,41330,18508363.0,35733129373.0,232.7508135890021,,
S3,AQC0L71,PH,PH_threshold=200_delta=5,mod,,,,288.8317081046173,750.285456256615,2.597656127092719,1089,30970,8945118.0,17433888394.0,83.40336883900454,200.0,5.0
S3,A36HR6Y,Sem detector (HT),HT,mod,,,,17.167714800721008,22.747216317392912,1.3249996625315317,0,24965,428592.0,12917786.0,81.72890538200227,,
S3,AQC0L71,PH,PH_threshold=50_delta=0.005,mod,,,,11.788666451404586,19.269962371268903,1.6346176601657043,10290,30970,365095.0,11500135.0,186.84550933300488,50.0,0.005
S3,AV2GF3B,KSWIN,KSWIN_alpha=1e-05_window_size=1000,mod,1e-05,1000.0,1.0,101.50332975295382,203.52151505222108,2.005072302037446,70,4655,472498.0,192814788.0,19.42542534800305,,
S3,AOYM4KG,PH,PH_threshold=25_delta=0.005,mod,,,,21.532613636363635,31.417708165358537,1.4590754608767629,3830,8800,189487.0,8686237.0,27.81510100200103,25.0,0.005
S3,AFPB8J2,KSWIN,KSWIN_alpha=1e-05_window_size=1000,mod,1e-05,1000.0,1.0,611.2293003394284,1853.1234707348133,3.031797509880065,687,45665,27911786.0,156816651188.0,305.426727975002,,
S3,AYWIEKR,ADWIN,ADWIN_delta=0.0001,mod,,,,163.0497019803884,931.9853803276076,5.715958808926291,6463,52010,8480215.0,45175716923.0,191.02740935399925,,0.0001
S3,AYEFCWQ,KSWIN,KSWIN_alpha=0.005_window_size=100,mod,0.005,100.0,1.0,19.611951379285248,28.73819190923634,1.4653407686697872,9622,68695,1347243.0,56734079.0,462.69590150600015,,
S3,AAXAA7Z,PH,PH_threshold=500_delta=5,mod,,,,649.470704375667,1412.356399817951,2.174626800412256,1164,37480,24342162.0,74763252492.0,146.89418436699634,500.0,5.0
S3,ASFODQR,PH,PH_threshold=100_delta=0.005,mod,,,,192.70490883590463,1011.4838548932344,5.248874359264767,20645,85560,16487832.0,87536400810.0,218.0351208229995,100.0,0.005
S3,A3OU183,PH,PH_threshold=100_delta=2,mod,,,,29.98978912319645,108.65738596603664,3.6231460487994074,618,4505,135104.0,53187956.0,11.644219146000978,100.0,2.0
S3,AYEFCWQ,PH,PH_threshold=25_delta=0.5,mod,,,,20.86821457165733,32.57183989812264,1.5608350099275323,26765,68695,1433542.0,72880226.0,211.5745556580005,25.0,0.5
S3,A3OU183,PH,PH_threshold=200_delta=5,mod,,,,111.79445061043285,273.3977673257233,2.445539701057481,219,4505,503634.0,336732258.0,10.499104005997651,200.0,5.0
S3,APGIB2T,PH,PH_threshold=500_delta=0.005,mod,,,,121.85945355191257,313.5102048173076,2.572719601797255,655,9150,1115014.0,899341134.0,38.94682211599866,500.0,0.005
S3,AOYM4KG,PH,PH_threshold=500_delta=0.5,mod,,,,149.56272727272727,256.5235918620706,1.715157222255652,781,8800,1316152.0,579078308.0,15.279633840000317,500.0,0.5
S3,AURCTAK,PH,PH_threshold=200_delta=0.005,mod,,,,29.718715083798884,77.78417892875204,2.6173466352573223,1289,7160,212786.0,43320710.0,32.795244699998875,200.0,0.005
S3,AURCTAK,PH,PH_threshold=25_delta=0.5,mod,,,,23.94217877094972,35.793089436323434,1.494980460164011,3317,7160,171426.0,9173000.0,53.36225622100028,25.0,0.5
S3,AYWIEKR,KSWIN,KSWIN_alpha=0.005_window_size=1000,mod,0.005,1000.0,1.0,542.8729859642376,1155.5480345955518,2.1285789944826523,808,52010,28234824.0,69448498446.0,197.2924439840026,,
S3,APGIB2T,PH,PH_threshold=25_delta=0.5,mod,,,,14.021857923497269,21.950196981826466,1.565427142507499,3842,9150,128300.0,4408572.0,64.77124519600329,25.0,0.5
S3,AMV7EQF,KSWIN,KSWIN_alpha=0.005_window_size=1000,mod,0.005,1000.0,1.0,551.8662188099808,1219.9083579217938,2.210514643480713,811,52100,28752230.0,77533990530.0,91.76480597200134,,
S3,AURCTAK,KSWIN,KSWIN_alpha=0.01_window_size=100,mod,0.01,100.0,1.0,21.42276536312849,29.508603517690325,1.3774413815164437,1040,7160,153387.0,6234625.0,75.40585327600274,,
S3,A4G0044,KSWIN,KSWIN_alpha=0.0001_window_size=1000,mod,0.0001,1000.0,1.0,123.34993288590604,209.553322009222,1.6988523390851842,115,7450,918957.0,327148831.0,13.202594627997314,,
S3,AJWW3IY,KSWIN,KSWIN_alpha=0.0001_window_size=100,mod,0.0001,100.0,1.0,138.18573813498688,736.66159591256,5.33095242573406,4969,41930,5794128.0,22754165968.0,950.7083752729995,,
S3,A0VFT1N,PH,PH_threshold=200_delta=2,mod,,,,407.66885902201886,1233.3803760849016,3.0254466309831254,3737,52455,21384270.0,79795970264.0,147.2728422279979,200.0,2.0
S3,APGIB2T,KSWIN,KSWIN_alpha=0.005_window_size=100,mod,0.005,100.0,1.0,25.765245901639343,142.8593301003519,5.544652305890173,1253,9150,235752.0,186740412.0,120.95895100099732,,
S3,AA2KP1S,KSWIN,KSWIN_alpha=0.001_window_size=1000,mod,0.001,1000.0,1.0,775.0968562564633,2141.009547552138,2.76224775042014,752,48350,37475933.0,221632623029.0,193.16531270999985,,
S3,AJMQUVV,PH,PH_threshold=25_delta=0.5,mod,,,,13.629173630454968,23.031321372420276,1.689854572030384,21059,53850,733931.0,28564289.0,324.2334559709998,25.0,0.5
S3,A36HR6Y,PH,PH_threshold=25_delta=5,mod,,,,480.33298618065294,1121.8262456082357,2.3355178134410237,3932,24965,11991513.0,31418305839.0,51.5781090720011,25.0,5.0
S3,ASFODQR,PH,PH_threshold=500_delta=2,mod,,,,648.1794880785413,1664.7125846361596,2.568289517415958,4276,85560,55458237.0,237109689177.0,146.72742939700038,500.0,2.0
S3,A4G0044,PH,PH_threshold=200_delta=5,mod,,,,147.9828187919463,299.6623939295194,2.0249809834398693,445,7450,1102472.0,668991750.0,12.029816272999597,200.0,5.0
S3,AQC0L71,PH,PH_threshold=100_delta=0.5,mod,,,,11.248433968356474,16.62247332104969,1.47775889228769,5374,30970,348364.0,8557216.0,117.82986966699536,100.0,0.5
S3,A4E0D03,KSWIN,KSWIN_alpha=0.01_window_size=100,mod,0.01,100.0,1.0,119.92785067873304,852.0393764268765,7.1045997372983,6047,44200,5300811.0,32087922575.0,629.734550696001,,
S3,AYEFCWQ,PH,PH_threshold=50_delta=5,mod,,,,342.4216900793362,1367.4408782995029,3.9934411806176136,8160,68695,23522658.0,128452406500.0,131.7372089620003,50.0,5.0
S3,ASFODQR,KSWIN,KSWIN_alpha=0.005_window_size=1000,mod,0.005,1000.0,1.0,536.0719728845255,1294.2758968969686,2.414369641323828,1331,85560,45866318.0,143325842324.0,155.00564168300025,,
S3,AIFDJZB,KSWIN,KSWIN_alpha=0.001_window_size=300,mod,0.001,300.0,1.0,815.375645657701,2041.996583263338,2.504362981820748,3779,74730,60933022.0,311605420942.0,491.91220915500026,,
S3,A1ZJ41O,KSWIN,KSWIN_alpha=0.01_window_size=100,mod,0.01,100.0,1.0,310.71022324222827,1857.8169804588624,5.979259263093241,6852,47930,14892341.0,165429624903.0,301.56749813499846,,
S3,AAXAA7Z,ADWIN,ADWIN_delta=1e-05,mod,,,,162.03593916755602,793.2433087510635,4.895477588652705,4145,37480,6073107.0,23583725809.0,112.43741143400256,,1e-05
S3,AOYM4KG,PH,PH_threshold=50_delta=0.5,mod,,,,38.962272727272726,107.0618863088074,2.747834733826152,2826,8800,342868.0,100867778.0,23.6478441520012,50.0,0.5
S3,A0VFT1N,PH,PH_threshold=500_delta=2,mod,,,,706.9502240015252,1921.158863077294,2.7175305952985305,1967,52455,37083074.0,193603608990.0,207.5362050110016,500.0,2.0
S3,AJWW3IY,PH,PH_threshold=200_delta=0.005,mod,,,,170.87319341760076,699.3360344818017,4.092719404925493,4998,41930,7164713.0,20506742381.0,177.85128675700253,200.0,0.005
S3,A0NVTRV,PH,PH_threshold=100_delta=0.005,mod,,,,13.909608062709966,20.91829784591559,1.5038739949830149,3771,22325,310532.0,9768866.0,91.15671555000154,100.0,0.005
S3,AFPB8J2,ADWIN,ADWIN_delta=0.002,mod,,,,14.728019270776306,19.620006124243183,1.3321551094907702,6489,45665,672555.0,17578497.0,195.23193840900055,,0.002
S3,A4E0D03,KSWIN,KSWIN_alpha=0.001_window_size=100,mod,0.001,100.0,1.0,124.9133484162896,879.9326188466974,7.044344179408355,5575,44200,5521170.0,34223238486.0,809.0858317579987,,
S3,A4E0D03,PH,PH_threshold=50_delta=0.5,mod,,,,14.480452488687783,22.956808747587356,1.5853654273249644,11573,44200,640036.0,23294066.0,258.07229244399787,50.0,0.5
S3,ATHKM6V,ADWIN,ADWIN_delta=0.0001,mod,,,,296.72380779691747,1655.754069787908,5.580118703926625,3294,27575,8182159.0,75597456455.0,85.6987058789964,,0.0001
S3,AIFDJZB,KSWIN,KSWIN_alpha=0.01_window_size=100,mod,0.01,100.0,1.0,24.061180248896022,57.99832797970175,2.410452329426476,10787,74730,1798092.0,251377226.0,862.4570717450001,,
S3,AURCTAK,ADWIN,ADWIN_delta=0.05,mod,,,,32.685754189944134,105.37800275051312,3.2239734209019097,1538,7160,234030.0,79508388.0,36.47492936200433,,0.05
S3,AUY8KYW,ADWIN,ADWIN_delta=0.01,mod,,,,18.453964836742017,26.219946145788548,1.4208299613524995,10999,55740,1028624.0,38320446.0,253.6128911429996,,0.01
S3,AYWIEKR,PH,PH_threshold=200_delta=5,mod,,,,299.9464718323399,779.9852859748335,2.600414938072081,2337,52010,15600216.0,31641690180.0,155.61519511299775,200.0,5.0
S3,ATHKM6V,KSWIN,KSWIN_alpha=0.001_window_size=300,mod,0.001,300.0,1.0,416.3407071622847,1359.0193436948268,3.2642000177155324,1371,27575,11480595.0,50929193373.0,198.70242607699765,,
S3,A0NVTRV,ADWIN,ADWIN_delta=0.0001,mod,,,,14.3796640537514,20.90442175292558,1.4537489662334626,2675,22325,321026.0,9755910.0,95.5296208469954,,0.0001
S3,AIFDJZB,PH,PH_threshold=200_delta=0.5,mod,,,,271.5704001070521,1302.3319785329884,4.795559376204527,10190,74730,20294456.0,126747205156.0,265.6903145629999,200.0,0.5
S3,AUY8KYW,PH,PH_threshold=200_delta=0.5,mod,,,,184.8596519555077,612.7459270056994,3.3146547693012858,8223,55740,10304077.0,20928005011.0,240.49270632300068,200.0,0.5
S3,A0NVTRV,PH,PH_threshold=500_delta=0.5,mod,,,,296.20483762597985,997.030440061814,3.366016733733337,843,22325,6612773.0,22192606017.0,78.59132071299973,500.0,0.5
S3,AX6281V,KSWIN,KSWIN_alpha=1e-05_window_size=300,mod,1e-05,300.0,1.0,797.5467124631992,2274.8955782309567,2.85236656697513,1847,40760,32508004.0,210939109592.0,298.93574330000047,,
S3,AAXAA7Z,PH,PH_threshold=25_delta=2,mod,,,,66.14978655282817,300.38105353240576,4.540922490997263,9466,37480,2479294.0,3381774574.0,199.583101051001,25.0,2.0
S3,A7EM0B6,KSWIN,KSWIN_alpha=0.005_window_size=100,mod,0.005,100.0,1.0,18.212873085907084,25.639414975998296,1.407763336133813,5286,38530,701742.0,25328836.0,306.8444416969978,,
S3,AJWW3IY,KSWIN,KSWIN_alpha=0.01_window_size=100,mod,0.01,100.0,1.0,12.688194610064391,17.926953833319004,1.4128845264636136,5857,41930,532016.0,13475282.0,571.066830953001,,
S3,A7EM0B6,PH,PH_threshold=500_delta=2,mod,,,,490.5622631715546,1407.083227213379,2.8683071097160755,1760,38530,18901364.0,76284900016.0,61.896980549001455,500.0,2.0
S3,AOYM4KG,PH,PH_threshold=50_delta=2,mod,,,,84.55443181818181,194.22957801857245,2.2970951828548283,2247,8800,744079.0,331981135.0,21.212442437998103,50.0,2.0
S3,AA2KP1S,PH,PH_threshold=500_delta=5,mod,,,,265.73931747673214,585.4936873719735,2.20326330680532,1083,48350,12848496.0,16574518182.0,123.918150927002,500.0,5.0
S3,APGIB2T,PH,PH_threshold=200_delta=5,mod,,,,167.32928961748635,384.6420984947256,2.298713508997827,471,9150,1531063.0,1353738327.0,35.540539666006225,200.0,5.0
S3,AHYIJDV,PH,PH_threshold=100_delta=2,mod,,,,495.9535204451972,1366.0798740321388,2.7544514107004723,4344,41330,20497759.0,77128980605.0,190.33570931599388,100.0,2.0
S3,AJMQUVV,KSWIN,KSWIN_alpha=0.0001_window_size=100,mod,0.0001,100.0,1.0,13.945998142989788,19.62758655902064,1.4073991949358469,6504,53850,750992.0,20745290.0,1178.4365932420003,,
S3,A4E0D03,PH,PH_threshold=200_delta=2,mod,,,,460.7341628959276,1451.489362548951,3.150383625615405,3272,44200,20364450.0,93121504536.0,187.69093951800096,200.0,2.0
S3,A7EM0B6,PH,PH_threshold=200_delta=0.5,mod,,,,292.98094990916167,1095.8028117467245,3.7401845139981846,4769,38530,11288556.0,46266199900.0,76.21501403000002,200.0,0.5
S3,AYWIEKR,PH,PH_threshold=200_delta=0.005,mod,,,,13.843914631801576,21.56744539854071,1.5579007796679856,6986,52010,720022.0,24192696.0,198.64928855900143,200.0,0.005
S3,A3OU183,ADWIN,ADWIN_delta=0.0001,mod,,,,33.56115427302996,104.1651094815166,3.103740372994995,491,4505,151193.0,48880917.0,18.46344554399548,,0.0001
S3,AQC0L71,PH,PH_threshold=200_delta=0.005,mod,,,,67.465353567969,392.1932599062848,5.813254347079996,3742,30970,2089402.0,4763667680.0,100.1809622070068,200.0,0.005
S3,AFPB8J2,KSWIN,KSWIN_alpha=0.001_window_size=1000,mod,0.001,1000.0,1.0,569.9899923354867,1398.2524616156063,2.4531175641985974,705,45665,26028593.0,89280095703.0,209.431766523001,,
S3,A36HR6Y,ADWIN,ADWIN_delta=0.05,mod,,,,62.65571800520729,610.1920227817905,9.738808239833396,5710,24965,1564200.0,9295325916.0,55.0546659190004,,0.05
S3,AAXAA7Z,PH,PH_threshold=100_delta=0.5,mod,,,,88.19028815368196,485.47933271904776,5.504906978793888,7554,37480,3305372.0,8833668040.0,186.90138236700292,100.0,0.5
S3,AAXAA7Z,KSWIN,KSWIN_alpha=1e-05_window_size=1000,mod,1e-05,1000.0,1.0,637.4802828175027,1286.342181963332,2.017854068016069,565,37480,23892761.0,62017264317.0,230.62085290200048,,
S3,AAXAA7Z,ADWIN,ADWIN_delta=0.01,mod,,,,162.1513607257204,793.2530827096662,4.892053197453314,6690,37480,6077433.0,23584306987.0,157.76131961400097,,0.01
S3,A0NVTRV,KSWIN,KSWIN_alpha=0.0001_window_size=300,mod,0.0001,300.0,1.0,931.2313997760358,2436.2624832520064,2.6161730412418818,1083,22325,20789741.0,132507244359.0,220.7036756519956,,
S3,AX6281V,KSWIN,KSWIN_alpha=1e-05_window_size=100,mod,1e-05,100.0,1.0,224.85777723258096,1451.9398790209814,6.457147699717639,4085,40760,9165203.0,85927354845.0,713.9096312229995,,
S3,AHYIJDV,KSWIN,KSWIN_alpha=1e-05_window_size=300,mod,1e-05,300.0,1.0,761.3679167674812,1934.172235713832,2.540391042382891,1884,41330,31467336.0,154616449072.0,570.3122256150018,,
S3,AHYIJDV,PH,PH_threshold=200_delta=5,mod,,,,195.88649891120247,510.9488098678255,2.6083921694850654,1466,41330,8095989.0,10789968805.0,162.47509954900306,200.0,5.0
S3,AAXAA7Z,KSWIN,KSWIN_alpha=0.001_window_size=100,mod,0.001,100.0,1.0,114.0562166488794,682.1627973955193,5.980934818270789,4688,37480,4274827.0,17441171159.0,757.5801024550019,,
S3,A1ZJ41O,PH,PH_threshold=100_delta=0.5,mod,,,,202.97273106613807,876.8015312268188,4.319799643140809,7829,47930,9728483.0,36847669743.0,102.8473551590032,100.0,0.5
S3,AZIK4ZA,KSWIN,KSWIN_alpha=0.005_window_size=300,mod,0.005,300.0,1.0,524.2527574151347,1389.8330678422506,2.6510744067325858,2258,44335,23242746.0,85639080130.0,127.40294915900084,,
S3,A0NVTRV,PH,PH_threshold=25_delta=2,mod,,,,14.1715117581187,21.4127412332485,1.5109708546783218,3771,22325,316379.0,10236135.0,62.36899703300151,25.0,2.0
S3,AA2KP1S,PH,PH_threshold=100_delta=0.005,mod,,,,9.648872802481902,16.468870073236406,1.7068180304957747,9590,48350,466523.0,13113665.0,247.69469807899804,100.0,0.005
S3,AUY8KYW,Sem detector (HT),HT,mod,,,,22.624560459275205,28.90500910723012,1.277594283400992,0,55740,1261093.0,46570745.0,590.6001625389999,,
S3,AV2GF3B,PH,PH_threshold=50_delta=2,mod,,,,35.366487647690654,141.6806570880826,4.006070902472952,1248,4655,164631.0,93441717.0,27.28938928299613,50.0,2.0
S3,A0NVTRV,ADWIN,ADWIN_delta=0.002,mod,,,,15.018633818589024,22.56638632376318,1.5025591938883327,3226,22325,335291.0,11368823.0,76.96563743700244,,0.002
S3,AOYM4KG,KSWIN,KSWIN_alpha=0.01_window_size=300,mod,0.01,300.0,1.0,139.74738636363637,252.07928383924985,1.8038210974716544,452,8800,1229777.0,559186895.0,20.92652649999945,,
S3,A7EM0B6,KSWIN,KSWIN_alpha=0.01_window_size=100,mod,0.01,100.0,1.0,131.422034778095,840.4237404790881,6.394846510314169,5449,38530,5063691.0,27214203809.0,253.4849020960028,,
S3,A36HR6Y,ADWIN,ADWIN_delta=0.01,mod,,,,14.467254155818145,19.50158343466096,1.3479809799856326,4630,24965,361175.0,9494483.0,51.07171871799801,,0.01
S3,AQC0L71,KSWIN,KSWIN_alpha=0.01_window_size=100,mod,0.01,100.0,1.0,12.118017436228609,17.927449491481372,1.4794044971320643,4317,30970,375295.0,9953555.0,425.7012423220003,,
S3,AZIK4ZA,ADWIN,ADWIN_delta=0.002,mod,,,,14.34349836472313,20.11973014779907,1.4027073198043647,7185,44335,635919.0,17946965.0,86.438733641,,0.002
S3,A1K5DRI,KSWIN,KSWIN_alpha=0.01_window_size=1000,mod,0.01,1000.0,1.0,479.95358182330295,1144.8437970530028,2.385321915306556,831,53255,25559928.0,69799588108.0,208.44484691599973,,
S3,A1ZJ41O,PH,PH_threshold=25_delta=2,mod,,,,168.52564156060922,839.3054691596112,4.980283483197779,10290,47930,8077434.0,33763505830.0,114.0212029510003,25.0,2.0
S3,AMV7EQF,PH,PH_threshold=50_delta=0.005,mod,,,,16.416218809980805,27.33769166913229,1.6652855316786714,19589,52100,855285.0,38936903.0,159.76452820299892,50.0,0.005
S3,AYWIEKR,PH,PH_threshold=100_delta=0.5,mod,,,,13.583560853681984,22.01071255151845,1.6203934144081364,9953,52010,706481.0,25197361.0,267.4452454910024,100.0,0.5
S3,ASFODQR,KSWIN,KSWIN_alpha=1e-05_window_size=100,mod,1e-05,100.0,1.0,210.84437821411876,864.1699504094917,4.098615091040755,8967,85560,18039845.0,63895327005.0,1421.8246356130005,,
S3,AHYIJDV,KSWIN,KSWIN_alpha=0.001_window_size=1000,mod,0.001,1000.0,1.0,530.9090491168643,1037.1688427617937,1.953571604189197,640,41330,21942471.0,44459474883.0,191.80141309200556,,
S3,APGIB2T,KSWIN,KSWIN_alpha=1e-05_window_size=100,mod,1e-05,100.0,1.0,56.50535519125683,222.83536523631076,3.943614980952999,989,9150,517024.0,454348740.0,262.12047252999764,,
S3,AHYIJDV,PH,PH_threshold=50_delta=0.5,mod,,,,20.373215581901768,31.62778665127781,1.5524199665061154,11017,41330,842025.0,41343097.0,240.68714717200052,50.0,0.5
S3,AV2GF3B,PH,PH_threshold=200_delta=2,mod,,,,124.97658431793772,284.7737285581424,2.278616671373289,496,4655,581766.0,377502236.0,19.74637705799978,200.0,2.0
S3,AUY8KYW,PH,PH_threshold=25_delta=2,mod,,,,43.18713670613563,230.2737039711249,5.33199747735093,17335,55740,2407251.0,2955668055.0,313.2475414800001,25.0,2.0
S3,ATHKM6V,KSWIN,KSWIN_alpha=0.001_window_size=100,mod,0.001,100.0,1.0,166.37276518585676,1012.8142775802252,6.087620629787573,3468,27575,4587729.0,28286235381.0,543.4283370850026,,
S3,AX6281V,PH,PH_threshold=50_delta=0.005,mod,,,,15.996221786064767,22.64404983942846,1.4155873894643671,12324,40760,652006.0,20899812.0,108.8749439380008,50.0,0.005
S3,AAXAA7Z,PH,PH_threshold=200_delta=2,mod,,,,201.29741195304163,847.0907594048921,4.208155242465314,3689,37480,7544627.0,26894252045.0,157.06465289399785,200.0,2.0
S3,AMV7EQF,PH,PH_threshold=100_delta=5,mod,,,,624.0387332053742,1814.9445285643951,2.90838441909196,4604,52100,32512418.0,171618631736.0,97.36167705800108,100.0,5.0
S3,AYEFCWQ,PH,PH_threshold=100_delta=0.005,mod,,,,21.576068127229057,35.25406151960873,1.6339428162593723,16606,68695,1482168.0,85377502.0,165.57735472899913,100.0,0.005
S3,AJMQUVV,ADWIN,ADWIN_delta=0.05,mod,,,,13.549935004642526,20.63288160090387,1.5227291934488658,11804,53850,729664.0,22924796.0,275.89937522199943,,0.05
S3,A36HR6Y,PH,PH_threshold=200_delta=0.005,mod,,,,13.690206288804326,18.36383300151443,1.3413846814369872,3622,24965,341776.0,8418956.0,49.27043305700136,200.0,0.005
S3,A1K5DRI,KSWIN,KSWIN_alpha=0.005_window_size=1000,mod,0.005,1000.0,1.0,584.3435733733921,1263.812886310527,2.162790768818737,830,53255,31119217.0,85060111483.0,223.91871006899964,,
S3,AFPB8J2,PH,PH_threshold=25_delta=0.005,mod,,,,15.53233329683565,22.919862389948147,1.4756226223021838,20887,45665,709284.0,23988742.0,344.29768621399853,25.0,0.005
S3,AKXN5ZZ,ADWIN,ADWIN_delta=0.0001,mod,,,,134.27169887278583,744.3786010160177,5.543823510576645,6819,49680,6670618.0,27527663242.0,195.7385428419984,,0.0001
S3,A36HR6Y,KSWIN,KSWIN_alpha=0.01_window_size=300,mod,0.01,300.0,1.0,468.6118565992389,1443.0562816344866,3.079427593033783,1272,24965,11698895.0,51987401399.0,68.24714601999949,,
S3,A1ZJ41O,PH,PH_threshold=100_delta=5,mod,,,,509.5704569163363,1525.2688415128816,2.993244252704602,2628,47930,24423712.0,111506510714.0,82.64244234299986,100.0,5.0
